{
    "perClassFacts": {
        "unique": {
            "status": {
                "impact": 0.892137738614958,
                "rank": 1,
                "feature": "status",
                "positiveCategoricalValue": "no checking account",
                "negativeCategoricalValue": "... < 100 DM",
                "infoGain": 0.6730116670092565,
                "type": "CATEGORICAL"
            },
            "amount": {
                "impact": 0.4807689441919405,
                "rank": 2,
                "feature": "amount",
                "correlation": -0.9953459391541988,
                "type": "NUMERICAL"
            },
            "purpose": {
                "impact": 0.4450406889981984,
                "rank": 3,
                "feature": "purpose",
                "positiveCategoricalValue": "domestic appliances",
                "negativeCategoricalValue": "car (new)",
                "infoGain": 0.6410354778811556,
                "type": "CATEGORICAL"
            },
            "log_amount": {
                "impact": 0.4042549169058237,
                "rank": 4,
                "feature": "log_amount",
                "correlation": 0.9937349125464499,
                "type": "NUMERICAL"
            },
            "employment_duration": {
                "impact": 0.3537128832459707,
                "rank": 5,
                "feature": "employment_duration",
                "positiveCategoricalValue": "... >= 7 years",
                "negativeCategoricalValue": "1 <= ... < 4 years",
                "infoGain": 0.6842317651303003,
                "type": "CATEGORICAL"
            },
            "duration": {
                "impact": 0.33208709166127265,
                "rank": 6,
                "feature": "duration",
                "correlation": -0.9503865138105337,
                "type": "NUMERICAL"
            },
            "housing": {
                "impact": 0.2692133472098891,
                "rank": 7,
                "feature": "housing",
                "positiveCategoricalValue": "own",
                "negativeCategoricalValue": "rent",
                "infoGain": 0.6051093749743717,
                "type": "CATEGORICAL"
            },
            "savings": {
                "impact": 0.2621548048438744,
                "rank": 8,
                "feature": "savings",
                "positiveCategoricalValue": "unknown/no savings account",
                "negativeCategoricalValue": "... < 100 DM",
                "infoGain": 0.5352171607276706,
                "type": "CATEGORICAL"
            },
            "installment_rate": {
                "impact": 0.19669995416731223,
                "rank": 10,
                "feature": "installment_rate",
                "correlation": -0.8526177405209783,
                "type": "NUMERICAL"
            },
            "telephone": {
                "impact": 0.12003165429268924,
                "rank": 12,
                "feature": "telephone",
                "positiveCategoricalValue": "yes",
                "negativeCategoricalValue": "no",
                "infoGain": 0.6607059326659308,
                "type": "CATEGORICAL"
            },
            "payment_intensity": {
                "impact": 0.06581742732939859,
                "rank": 16,
                "feature": "payment_intensity",
                "correlation": -0.9642921105377592,
                "type": "NUMERICAL"
            },
            "present_residence": {
                "impact": 0.02415824765462591,
                "rank": 19,
                "feature": "present_residence",
                "correlation": -0.8416810659733646,
                "type": "NUMERICAL"
            }
        }
    }
}