[
    {
        "test_score_gib": 0.7647058823529411,
        "train_score": 0.7012345679012346,
        "test_score": 0.7647058823529411,
        "num_samples": 145,
        "fit_time": 85,
        "score_time": 21,
        "time": 106,
        "parameters": {
            "C": 0.1,
            "penalty": "l2"
        },
        "done_at": 1761374679646,
        "split_id": 0
    },
    {
        "test_score_gib": 0.7156862745098039,
        "train_score": 0.691358024691358,
        "test_score": 0.7156862745098039,
        "num_samples": 145,
        "fit_time": 83,
        "score_time": 16,
        "time": 99,
        "parameters": {
            "C": 0.1,
            "penalty": "l2"
        },
        "done_at": 1761374679642,
        "split_id": 1
    },
    {
        "test_score_gib": 0.5841584158415841,
        "train_score": 0.7364532019704434,
        "test_score": 0.5841584158415841,
        "num_samples": 145,
        "fit_time": 85,
        "score_time": 46,
        "time": 131,
        "parameters": {
            "C": 0.1,
            "penalty": "l2"
        },
        "done_at": 1761374679678,
        "split_id": 2
    },
    {
        "test_score_gib": 0.7227722772277227,
        "train_score": 0.6773399014778325,
        "test_score": 0.7227722772277227,
        "num_samples": 145,
        "fit_time": 16,
        "score_time": 45,
        "time": 61,
        "parameters": {
            "C": 0.1,
            "penalty": "l2"
        },
        "done_at": 1761374679678,
        "split_id": 3
    },
    {
        "test_score_gib": 0.6732673267326733,
        "train_score": 0.7216748768472906,
        "test_score": 0.6732673267326733,
        "num_samples": 145,
        "fit_time": 33,
        "score_time": 25,
        "time": 58,
        "parameters": {
            "C": 0.1,
            "penalty": "l2"
        },
        "done_at": 1761374679705,
        "split_id": 4
    },
    {
        "test_score_gib": 0.7450980392156863,
        "train_score": 0.7283950617283951,
        "test_score": 0.7450980392156863,
        "num_samples": 145,
        "fit_time": 13,
        "score_time": 16,
        "time": 29,
        "parameters": {
            "C": 0.01,
            "penalty": "l2"
        },
        "done_at": 1761374679678,
        "split_id": 0
    },
    {
        "test_score_gib": 0.7352941176470589,
        "train_score": 0.7358024691358025,
        "test_score": 0.7352941176470589,
        "num_samples": 145,
        "fit_time": 30,
        "score_time": 21,
        "time": 51,
        "parameters": {
            "C": 0.01,
            "penalty": "l2"
        },
        "done_at": 1761374679731,
        "split_id": 1
    },
    {
        "test_score_gib": 0.6138613861386139,
        "train_score": 0.7438423645320197,
        "test_score": 0.6138613861386139,
        "num_samples": 145,
        "fit_time": 14,
        "score_time": 29,
        "time": 43,
        "parameters": {
            "C": 0.01,
            "penalty": "l2"
        },
        "done_at": 1761374679724,
        "split_id": 2
    },
    {
        "test_score_gib": 0.7623762376237624,
        "train_score": 0.6847290640394089,
        "test_score": 0.7623762376237624,
        "num_samples": 145,
        "fit_time": 23,
        "score_time": 25,
        "time": 48,
        "parameters": {
            "C": 0.01,
            "penalty": "l2"
        },
        "done_at": 1761374679730,
        "split_id": 3
    },
    {
        "test_score_gib": 0.6534653465346535,
        "train_score": 0.7315270935960592,
        "test_score": 0.6534653465346535,
        "num_samples": 145,
        "fit_time": 22,
        "score_time": 6,
        "time": 28,
        "parameters": {
            "C": 0.01,
            "penalty": "l2"
        },
        "done_at": 1761374679736,
        "split_id": 4
    },
    {
        "test_score_gib": 0.7745098039215687,
        "train_score": 0.7283950617283951,
        "test_score": 0.7745098039215687,
        "num_samples": 145,
        "fit_time": 40,
        "score_time": 27,
        "time": 67,
        "parameters": {
            "C": 10.0,
            "penalty": "l2"
        },
        "done_at": 1761374679807,
        "split_id": 0
    },
    {
        "test_score_gib": 0.696078431372549,
        "train_score": 0.7308641975308642,
        "test_score": 0.696078431372549,
        "num_samples": 145,
        "fit_time": 38,
        "score_time": 23,
        "time": 61,
        "parameters": {
            "C": 10.0,
            "penalty": "l2"
        },
        "done_at": 1761374679802,
        "split_id": 1
    },
    {
        "test_score_gib": 0.594059405940594,
        "train_score": 0.7586206896551724,
        "test_score": 0.594059405940594,
        "num_samples": 145,
        "fit_time": 41,
        "score_time": 11,
        "time": 52,
        "parameters": {
            "C": 10.0,
            "penalty": "l2"
        },
        "done_at": 1761374679794,
        "split_id": 2
    },
    {
        "test_score_gib": 0.7623762376237624,
        "train_score": 0.6921182266009852,
        "test_score": 0.7623762376237624,
        "num_samples": 145,
        "fit_time": 36,
        "score_time": 34,
        "time": 70,
        "parameters": {
            "C": 10.0,
            "penalty": "l2"
        },
        "done_at": 1761374679814,
        "split_id": 3
    },
    {
        "test_score_gib": 0.7128712871287128,
        "train_score": 0.7438423645320197,
        "test_score": 0.7128712871287128,
        "num_samples": 145,
        "fit_time": 27,
        "score_time": 54,
        "time": 81,
        "parameters": {
            "C": 10.0,
            "penalty": "l2"
        },
        "done_at": 1761374679883,
        "split_id": 4
    },
    {
        "test_score_gib": 0.7745098039215687,
        "train_score": 0.7111111111111111,
        "test_score": 0.7745098039215687,
        "num_samples": 145,
        "fit_time": 18,
        "score_time": 19,
        "time": 37,
        "parameters": {
            "C": 1.0,
            "penalty": "l2"
        },
        "done_at": 1761374679846,
        "split_id": 0
    },
    {
        "test_score_gib": 0.7156862745098039,
        "train_score": 0.7185185185185186,
        "test_score": 0.7156862745098039,
        "num_samples": 145,
        "fit_time": 19,
        "score_time": 18,
        "time": 37,
        "parameters": {
            "C": 1.0,
            "penalty": "l2"
        },
        "done_at": 1761374679846,
        "split_id": 1
    },
    {
        "test_score_gib": 0.5742574257425742,
        "train_score": 0.7610837438423645,
        "test_score": 0.5742574257425742,
        "num_samples": 145,
        "fit_time": 14,
        "score_time": 47,
        "time": 61,
        "parameters": {
            "C": 1.0,
            "penalty": "l2"
        },
        "done_at": 1761374679877,
        "split_id": 2
    },
    {
        "test_score_gib": 0.7227722772277227,
        "train_score": 0.6822660098522167,
        "test_score": 0.7227722772277227,
        "num_samples": 145,
        "fit_time": 54,
        "score_time": 15,
        "time": 69,
        "parameters": {
            "C": 1.0,
            "penalty": "l2"
        },
        "done_at": 1761374679917,
        "split_id": 3
    },
    {
        "test_score_gib": 0.693069306930693,
        "train_score": 0.7389162561576355,
        "test_score": 0.693069306930693,
        "num_samples": 145,
        "fit_time": 6,
        "score_time": 47,
        "time": 53,
        "parameters": {
            "C": 1.0,
            "penalty": "l2"
        },
        "done_at": 1761374679902,
        "split_id": 4
    },
    {
        "test_score_gib": 0.7745098039215687,
        "train_score": 0.7333333333333333,
        "test_score": 0.7745098039215687,
        "num_samples": 145,
        "fit_time": 31,
        "score_time": 25,
        "time": 56,
        "parameters": {
            "C": 100.0,
            "penalty": "l2"
        },
        "done_at": 1761374679936,
        "split_id": 0
    },
    {
        "test_score_gib": 0.696078431372549,
        "train_score": 0.7308641975308642,
        "test_score": 0.696078431372549,
        "num_samples": 145,
        "fit_time": 26,
        "score_time": 17,
        "time": 43,
        "parameters": {
            "C": 100.0,
            "penalty": "l2"
        },
        "done_at": 1761374679928,
        "split_id": 1
    },
    {
        "test_score_gib": 0.594059405940594,
        "train_score": 0.7610837438423645,
        "test_score": 0.594059405940594,
        "num_samples": 145,
        "fit_time": 17,
        "score_time": 54,
        "time": 71,
        "parameters": {
            "C": 100.0,
            "penalty": "l2"
        },
        "done_at": 1761374679975,
        "split_id": 2
    },
    {
        "test_score_gib": 0.7623762376237624,
        "train_score": 0.6970443349753694,
        "test_score": 0.7623762376237624,
        "num_samples": 145,
        "fit_time": 23,
        "score_time": 37,
        "time": 60,
        "parameters": {
            "C": 100.0,
            "penalty": "l2"
        },
        "done_at": 1761374679979,
        "split_id": 3
    },
    {
        "test_score_gib": 0.7326732673267327,
        "train_score": 0.7438423645320197,
        "test_score": 0.7326732673267327,
        "num_samples": 145,
        "fit_time": 53,
        "score_time": 5,
        "time": 58,
        "parameters": {
            "C": 100.0,
            "penalty": "l2"
        },
        "done_at": 1761374679988,
        "split_id": 4
    }
]