{
    "startedAt": 1761374679511,
    "gridSize": 5,
    "nThreads": 4,
    "nSplits": 5,
    "metric": "RECALL",
    "timeout": null,
    "gridPoints": [
        {
            "finishedAt": 1761374679705,
            "score": 0.692118035332945,
            "testScoreGibMean": 0.692118035332945,
            "testScoreMean": 0.692118035332945,
            "testScoreStd": 0.06127767723158462,
            "trainScoreMean": 0.7056121145776318,
            "trainScoreStd": 0.02112271303716967,
            "time": 455,
            "fitTimeMean": 60.4,
            "fitTimeStd": 29.810065414218734,
            "scoreTimeMean": 30.6,
            "scoreTimeStd": 12.499599993599794,
            "parameters": {
                "C": 0.1,
                "penalty": "l2"
            }
        },
        {
            "finishedAt": 1761374679736,
            "score": 0.702019025431955,
            "testScoreGibMean": 0.702019025431955,
            "testScoreMean": 0.702019025431955,
            "testScoreStd": 0.057853704037523046,
            "trainScoreMean": 0.7248592106063372,
            "trainScoreStd": 0.020724413672835215,
            "time": 199,
            "fitTimeMean": 20.4,
            "fitTimeStd": 6.280127387243033,
            "scoreTimeMean": 19.4,
            "scoreTimeStd": 7.964923100695952,
            "parameters": {
                "C": 0.01,
                "penalty": "l2"
            }
        },
        {
            "finishedAt": 1761374679883,
            "score": 0.7079790331974374,
            "testScoreGibMean": 0.7079790331974374,
            "testScoreMean": 0.7079790331974374,
            "testScoreStd": 0.06407595375678314,
            "trainScoreMean": 0.7307681080094874,
            "trainScoreStd": 0.02211857320301711,
            "time": 331,
            "fitTimeMean": 36.4,
            "fitTimeStd": 5.0039984012787215,
            "scoreTimeMean": 29.8,
            "scoreTimeStd": 14.218298069740978,
            "parameters": {
                "C": 10.0,
                "penalty": "l2"
            }
        },
        {
            "finishedAt": 1761374679917,
            "score": 0.6960590176664725,
            "testScoreGibMean": 0.6960590176664725,
            "testScoreMean": 0.6960590176664725,
            "testScoreStd": 0.06647995107865692,
            "trainScoreMean": 0.7223791278963693,
            "trainScoreStd": 0.02654226310216174,
            "time": 257,
            "fitTimeMean": 22.2,
            "fitTimeStd": 16.54569430395715,
            "scoreTimeMean": 29.2,
            "scoreTimeStd": 14.593149077563758,
            "parameters": {
                "C": 1.0,
                "penalty": "l2"
            }
        },
        {
            "finishedAt": 1761374679988,
            "score": 0.7119394292370413,
            "testScoreGibMean": 0.7119394292370413,
            "testScoreMean": 0.7119394292370413,
            "testScoreStd": 0.06486306594042388,
            "trainScoreMean": 0.7332335948427902,
            "trainScoreStd": 0.020992681175864957,
            "time": 288,
            "fitTimeMean": 30.0,
            "fitTimeStd": 12.361229712289955,
            "scoreTimeMean": 27.6,
            "scoreTimeStd": 16.823792675850473,
            "parameters": {
                "C": 100.0,
                "penalty": "l2"
            }
        }
    ]
}