{
    "modelInputNRows": 725,
    "modelInputNCols": 49,
    "modelInputIsSparse": false,
    "modelInputMemory": 284200,
    "usedGridSearch": true,
    "gridSize": 5,
    "gridBestScore": 0.7119394292370413,
    "gridCells": [
        {
            "params": {
                "C": 0.1,
                "penalty": "l2"
            },
            "score": 0.692118035332945,
            "scoreStd": 0.06127767723158462,
            "fitTime": 0.060399999999999995,
            "fitTimeStd": 0.029810065414218732,
            "scoreTime": 0.030600000000000002,
            "scoreTimeStd": 0.012499599993599795
        },
        {
            "params": {
                "C": 0.01,
                "penalty": "l2"
            },
            "score": 0.702019025431955,
            "scoreStd": 0.057853704037523046,
            "fitTime": 0.020399999999999998,
            "fitTimeStd": 0.006280127387243034,
            "scoreTime": 0.019399999999999997,
            "scoreTimeStd": 0.007964923100695952
        },
        {
            "params": {
                "C": 10.0,
                "penalty": "l2"
            },
            "score": 0.7079790331974374,
            "scoreStd": 0.06407595375678314,
            "fitTime": 0.0364,
            "fitTimeStd": 0.005003998401278721,
            "scoreTime": 0.0298,
            "scoreTimeStd": 0.014218298069740978
        },
        {
            "params": {
                "C": 1.0,
                "penalty": "l2"
            },
            "score": 0.6960590176664725,
            "scoreStd": 0.06647995107865692,
            "fitTime": 0.0222,
            "fitTimeStd": 0.016545694303957147,
            "scoreTime": 0.0292,
            "scoreTimeStd": 0.014593149077563759
        },
        {
            "params": {
                "C": 100.0,
                "penalty": "l2"
            },
            "score": 0.7119394292370413,
            "scoreStd": 0.06486306594042388,
            "fitTime": 0.03,
            "fitTimeStd": 0.012361229712289954,
            "scoreTime": 0.027600000000000003,
            "scoreTimeStd": 0.016823792675850473
        }
    ],
    "lmCoefficients": {
        "variables": [
            "installment_rate",
            "duration",
            "management/self-employed/highly qualified employee/officer",
            "number_credits",
            "unemployed/unskilled - non-resident",
            "log_amount",
            "skilled employee/official",
            "people_liable",
            "payment_intensity",
            "amount",
            "unskilled - resident",
            "present_residence",
            "dummy:purpose:domestic appliances",
            "dummy:purpose:car (new)",
            "dummy:purpose:radio/television",
            "dummy:purpose:car (used)",
            "dummy:purpose:others",
            "dummy:purpose:retraining",
            "dummy:purpose:education",
            "dummy:purpose:repairs",
            "dummy:purpose:furniture/equipment",
            "dummy:housing:own",
            "dummy:housing:rent",
            "dummy:other_debtors:none",
            "dummy:other_debtors:guarantor",
            "dummy:savings:... < 100 DM",
            "dummy:savings:unknown/no savings account",
            "dummy:savings:100 <= ... < 500 DM",
            "dummy:savings:500 <= ... < 1000 DM",
            "dummy:other_installment_plans:none",
            "dummy:other_installment_plans:bank",
            "dummy:telephone:no",
            "dummy:foreign_worker:yes",
            "dummy:employment_duration:1 <= ... < 4 years",
            "dummy:employment_duration:... >= 7 years",
            "dummy:employment_duration:4 <= ... < 7 years",
            "dummy:employment_duration:... < 1 year",
            "dummy:status:no checking account",
            "dummy:status:0 <= ... < 200 DM",
            "dummy:status:... < 100 DM"
        ],
        "coefs": [
            -0.22450102081250276,
            -0.4187580741142965,
            0.1332219086578382,
            0.09610329678529166,
            0.7430181530860053,
            0.47536115708608934,
            0.13500809590713436,
            -0.016316637273594108,
            -0.14389778147541962,
            -0.6943015731967188,
            0.37796659757864,
            -0.027599649327083357,
            -0.5987541357702689,
            -1.40979655980177,
            -0.6152432693393962,
            0.45042166741520934,
            -0.6588804566582039,
            -1.193054373150211,
            -1.886387486839436,
            -0.6947178707950964,
            0.27994451486050625,
            0.7094786976938222,
            0.037205939098633914,
            0.4641241698954459,
            1.1104825748140377,
            -1.458978971500159,
            -0.9604833609841734,
            -1.5063375058372839,
            -1.5727256370955327,
            0.6668376526429297,
            -0.13586530880364028,
            -0.2531490207547063,
            -1.1308770266738482,
            0.2502709949743584,
            0.7062691686712648,
            1.0139611237189208,
            -0.03583945888860847,
            1.14666118363397,
            -0.472397936886324,
            -0.9123347753068656
        ],
        "interceptStderr": null,
        "interceptTstat": null,
        "interceptPvalue": null,
        "interceptCoef": 1.3892147552309517,
        "rescaledCoefs": [
            -0.19862588339703555,
            -0.0346388381775187,
            0.1332219086578382,
            0.16424892433614194,
            0.7430181530860053,
            0.6152764122210646,
            0.13500809590713436,
            -0.0463317229977618,
            -0.000847280803484628,
            -0.00024164042368809762,
            0.37796659757864,
            -0.02496887878884471,
            -0.5987541357702689,
            -1.40979655980177,
            -0.6152432693393962,
            0.45042166741520934,
            -0.6588804566582039,
            -1.193054373150211,
            -1.886387486839436,
            -0.6947178707950964,
            0.27994451486050625,
            0.7094786976938222,
            0.037205939098633914,
            0.4641241698954459,
            1.1104825748140377,
            -1.458978971500159,
            -0.9604833609841734,
            -1.5063375058372839,
            -1.5727256370955327,
            0.6668376526429297,
            -0.13586530880364028,
            -0.2531490207547063,
            -1.1308770266738482,
            0.2502709949743584,
            0.7062691686712648,
            1.0139611237189208,
            -0.03583945888860847,
            1.14666118363397,
            -0.472397936886324,
            -0.9123347753068656
        ],
        "rescaledInterceptCoef": -1.2629054617994466
    },
    "probaAware": true
}