{
    "metrics": {},
    "processed_feature_names": [
        "installment_rate",
        "duration",
        "management/self-employed/highly qualified employee/officer",
        "number_credits",
        "unemployed/unskilled - non-resident",
        "log_amount",
        "skilled employee/official",
        "people_liable",
        "payment_intensity",
        "amount",
        "unskilled - resident",
        "present_residence",
        "dummy:purpose:domestic appliances",
        "dummy:purpose:car (new)",
        "dummy:purpose:radio/television",
        "dummy:purpose:car (used)",
        "dummy:purpose:others",
        "dummy:purpose:retraining",
        "dummy:purpose:education",
        "dummy:purpose:repairs",
        "dummy:purpose:furniture/equipment",
        "dummy:purpose:N/A",
        "dummy:housing:own",
        "dummy:housing:rent",
        "dummy:housing:N/A",
        "dummy:other_debtors:none",
        "dummy:other_debtors:guarantor",
        "dummy:other_debtors:N/A",
        "dummy:savings:... < 100 DM",
        "dummy:savings:unknown/no savings account",
        "dummy:savings:100 <= ... < 500 DM",
        "dummy:savings:500 <= ... < 1000 DM",
        "dummy:savings:N/A",
        "dummy:other_installment_plans:none",
        "dummy:other_installment_plans:bank",
        "dummy:other_installment_plans:N/A",
        "dummy:telephone:no",
        "dummy:telephone:N/A",
        "dummy:foreign_worker:yes",
        "dummy:foreign_worker:N/A",
        "dummy:employment_duration:1 <= ... < 4 years",
        "dummy:employment_duration:... >= 7 years",
        "dummy:employment_duration:4 <= ... < 7 years",
        "dummy:employment_duration:... < 1 year",
        "dummy:employment_duration:N/A",
        "dummy:status:no checking account",
        "dummy:status:0 <= ... < 200 DM",
        "dummy:status:... < 100 DM",
        "dummy:status:N/A"
    ],
    "optimalThreshold": 0.3,
    "usedThreshold": 0.3,
    "perCutData": {
        "cut": [
            0.0,
            0.025,
            0.05,
            0.075,
            0.1,
            0.125,
            0.15,
            0.175,
            0.2,
            0.225,
            0.25,
            0.275,
            0.3,
            0.325,
            0.35,
            0.375,
            0.4,
            0.425,
            0.45,
            0.475,
            0.5,
            0.525,
            0.55,
            0.575,
            0.6,
            0.625,
            0.65,
            0.675,
            0.7,
            0.725,
            0.75,
            0.775,
            0.8,
            0.825,
            0.85,
            0.875,
            0.9,
            0.925,
            0.95,
            0.975
        ],
        "tp": [
            193,
            193,
            192,
            189,
            186,
            186,
            184,
            180,
            178,
            175,
            171,
            166,
            164,
            160,
            156,
            152,
            148,
            143,
            139,
            134,
            128,
            124,
            120,
            117,
            112,
            107,
            100,
            93,
            89,
            83,
            77,
            69,
            62,
            57,
            48,
            39,
            32,
            23,
            12,
            3
        ],
        "tn": [
            0,
            0,
            3,
            6,
            9,
            10,
            15,
            22,
            27,
            31,
            37,
            44,
            50,
            52,
            55,
            57,
            58,
            61,
            63,
            64,
            65,
            65,
            66,
            67,
            69,
            70,
            72,
            73,
            76,
            76,
            78,
            78,
            78,
            78,
            80,
            80,
            81,
            81,
            81,
            82
        ],
        "fp": [
            82,
            82,
            79,
            76,
            73,
            72,
            67,
            60,
            55,
            51,
            45,
            38,
            32,
            30,
            27,
            25,
            24,
            21,
            19,
            18,
            17,
            17,
            16,
            15,
            13,
            12,
            10,
            9,
            6,
            6,
            4,
            4,
            4,
            4,
            2,
            2,
            1,
            1,
            1,
            0
        ],
        "fn": [
            0,
            0,
            1,
            4,
            7,
            7,
            9,
            13,
            15,
            18,
            22,
            27,
            29,
            33,
            37,
            41,
            45,
            50,
            54,
            59,
            65,
            69,
            73,
            76,
            81,
            86,
            93,
            100,
            104,
            110,
            116,
            124,
            131,
            136,
            145,
            154,
            161,
            170,
            181,
            190
        ],
        "precision": [
            0.7018181818181818,
            0.7018181818181818,
            0.7084870848708487,
            0.7132075471698113,
            0.7181467181467182,
            0.7209302325581395,
            0.7330677290836654,
            0.75,
            0.7639484978540773,
            0.7743362831858407,
            0.7916666666666666,
            0.8137254901960784,
            0.8367346938775511,
            0.8421052631578947,
            0.8524590163934426,
            0.8587570621468926,
            0.8604651162790697,
            0.8719512195121951,
            0.879746835443038,
            0.881578947368421,
            0.8827586206896552,
            0.8794326241134752,
            0.8823529411764706,
            0.8863636363636364,
            0.896,
            0.8991596638655462,
            0.9090909090909091,
            0.9117647058823529,
            0.9368421052631579,
            0.9325842696629213,
            0.9506172839506173,
            0.9452054794520548,
            0.9393939393939394,
            0.9344262295081968,
            0.96,
            0.9512195121951219,
            0.9696969696969697,
            0.9583333333333334,
            0.9230769230769231,
            1.0
        ],
        "recall": [
            1.0,
            1.0,
            0.9948186528497409,
            0.9792746113989638,
            0.9637305699481865,
            0.9637305699481865,
            0.9533678756476683,
            0.9326424870466321,
            0.9222797927461139,
            0.9067357512953368,
            0.8860103626943006,
            0.8601036269430051,
            0.8497409326424871,
            0.8290155440414507,
            0.8082901554404145,
            0.7875647668393783,
            0.7668393782383419,
            0.7409326424870466,
            0.7202072538860104,
            0.694300518134715,
            0.6632124352331606,
            0.6424870466321243,
            0.6217616580310881,
            0.6062176165803109,
            0.5803108808290155,
            0.5544041450777202,
            0.5181347150259067,
            0.48186528497409326,
            0.46113989637305697,
            0.43005181347150256,
            0.39896373056994816,
            0.35751295336787564,
            0.32124352331606215,
            0.29533678756476683,
            0.24870466321243523,
            0.20207253886010362,
            0.16580310880829016,
            0.11917098445595854,
            0.06217616580310881,
            0.015544041450777202
        ],
        "accuracy": [
            0.7018181818181818,
            0.7018181818181818,
            0.7090909090909091,
            0.7090909090909091,
            0.7090909090909091,
            0.7127272727272728,
            0.7236363636363636,
            0.7345454545454545,
            0.7454545454545455,
            0.7490909090909091,
            0.7563636363636363,
            0.7636363636363637,
            0.7781818181818182,
            0.7709090909090909,
            0.7672727272727272,
            0.76,
            0.7490909090909091,
            0.7418181818181818,
            0.7345454545454545,
            0.72,
            0.7018181818181818,
            0.6872727272727273,
            0.6763636363636364,
            0.6690909090909091,
            0.6581818181818182,
            0.6436363636363637,
            0.6254545454545455,
            0.6036363636363636,
            0.6,
            0.5781818181818181,
            0.5636363636363636,
            0.5345454545454545,
            0.509090909090909,
            0.4909090909090909,
            0.46545454545454545,
            0.43272727272727274,
            0.4109090909090909,
            0.3781818181818182,
            0.3381818181818182,
            0.3090909090909091
        ],
        "f1": [
            0.8247863247863249,
            0.8247863247863249,
            0.8275862068965517,
            0.8253275109170305,
            0.8230088495575222,
            0.8248337028824834,
            0.8288288288288287,
            0.8314087759815243,
            0.8356807511737089,
            0.8353221957040574,
            0.8361858190709047,
            0.836272040302267,
            0.8431876606683805,
            0.835509138381201,
            0.8297872340425533,
            0.8216216216216217,
            0.810958904109589,
            0.8011204481792716,
            0.792022792022792,
            0.7768115942028985,
            0.757396449704142,
            0.7425149700598802,
            0.729483282674772,
            0.72,
            0.7044025157232705,
            0.6858974358974358,
            0.66006600660066,
            0.6305084745762712,
            0.6180555555555555,
            0.5886524822695035,
            0.5620437956204379,
            0.518796992481203,
            0.47876447876447875,
            0.44881889763779526,
            0.3950617283950617,
            0.3333333333333333,
            0.28318584070796465,
            0.21198156682027647,
            0.11650485436893204,
            0.030612244897959183
        ],
        "mcc": [
            0.0,
            0.0,
            0.11999307058556019,
            0.12816503920647543,
            0.1436098606084743,
            0.16275704459421336,
            0.22091341171460474,
            0.275804848302375,
            0.3198924507746966,
            0.34044716166921374,
            0.3758017002948642,
            0.41465935956863315,
            0.464543842810924,
            0.4584923888514574,
            0.4644312747637133,
            0.4610534310692151,
            0.4481510402732997,
            0.4520601284399945,
            0.45198978332146617,
            0.4368287967670565,
            0.4177294339184471,
            0.3982745419118331,
            0.39036421492186735,
            0.38758718808060494,
            0.38749406341889375,
            0.37677031661394594,
            0.3699505228531002,
            0.35239751414008275,
            0.37323703888516824,
            0.34894552400686313,
            0.35142897542459245,
            0.3198385200040711,
            0.29184217993761113,
            0.27147502399298296,
            0.2660519896645911,
            0.2282074817438837,
            0.21623934899616984,
            0.1733919360374714,
            0.1077379185696613,
            0.06845488528746212
        ],
        "hammingLoss": [
            0.2981818181818182,
            0.2981818181818182,
            0.2909090909090909,
            0.2909090909090909,
            0.2909090909090909,
            0.28727272727272724,
            0.27636363636363637,
            0.2654545454545455,
            0.2545454545454545,
            0.25090909090909086,
            0.24363636363636365,
            0.23636363636363633,
            0.2218181818181818,
            0.22909090909090912,
            0.23272727272727278,
            0.24,
            0.25090909090909086,
            0.2581818181818182,
            0.2654545454545455,
            0.28,
            0.2981818181818182,
            0.31272727272727274,
            0.3236363636363636,
            0.33090909090909093,
            0.3418181818181818,
            0.3563636363636363,
            0.3745454545454545,
            0.39636363636363636,
            0.4,
            0.42181818181818187,
            0.4363636363636364,
            0.46545454545454545,
            0.49090909090909096,
            0.509090909090909,
            0.5345454545454545,
            0.5672727272727273,
            0.5890909090909091,
            0.6218181818181818,
            0.6618181818181819,
            0.6909090909090909
        ],
        "assertionsMetrics": [],
        "overridesMetrics": []
    },
    "tiMetrics": {
        "auc": 0.7965373436117781,
        "logLoss": 0.5840039760883604,
        "lift": 1.2953367875647668,
        "averagePrecision": 0.8948268208029422,
        "calibrationLoss": 0.16871448786120374
    },
    "probaPercentiles": [
        0.04471261788814331,
        0.06114123923076864,
        0.07187914624532724,
        0.0762014289742777,
        0.08939633212158964,
        0.11548813220821925,
        0.13009703930088096,
        0.14521681415660104,
        0.15564269192569688,
        0.16185694505647077,
        0.1649150977321292,
        0.16800851273959258,
        0.17572313462573286,
        0.18138975485941317,
        0.19957184856765584,
        0.21411695835325037,
        0.2216061930064631,
        0.2326382344833664,
        0.23875117316473943,
        0.24400093437403336,
        0.24535441854431647,
        0.2518763851455086,
        0.26008617131195394,
        0.26229075595973467,
        0.26739376763792766,
        0.2780742282106346,
        0.28815609119087954,
        0.2945597132602716,
        0.30212963159426626,
        0.31906628448655144,
        0.32489221547985775,
        0.3321172136701051,
        0.3470933009757969,
        0.35480504152822456,
        0.37063116087728654,
        0.37823254515686405,
        0.39032173593039404,
        0.4028233887671764,
        0.41504538279963515,
        0.4220124464342156,
        0.4315541706685806,
        0.4416108394600434,
        0.45608392039432094,
        0.46776820073627196,
        0.4776087771258188,
        0.4888508853038567,
        0.49424478895552093,
        0.5066315542522685,
        0.5317476386402531,
        0.5432909300177917,
        0.5607317266926757,
        0.5719962139995552,
        0.5834123374341541,
        0.5903920650121081,
        0.6089501063511232,
        0.6171539384935973,
        0.6260357460098392,
        0.6330865376271783,
        0.6403677494980333,
        0.6521565836479521,
        0.666046555515987,
        0.6700658021988204,
        0.6769863395780227,
        0.681888883526297,
        0.6902846630386377,
        0.7101191886010001,
        0.7179331000665168,
        0.7270646068718238,
        0.7372594145124329,
        0.744636100355223,
        0.751589194406433,
        0.7592889067652017,
        0.765291648308911,
        0.7818988277582912,
        0.7882502466246948,
        0.8022213786111975,
        0.8184869781209384,
        0.8260906608485856,
        0.8298229114620415,
        0.8357163390950144,
        0.8446834648375733,
        0.8513323652232219,
        0.8565206738739491,
        0.8616135430012308,
        0.8746700984092266,
        0.8811110618780404,
        0.8921744407874226,
        0.8997423383334909,
        0.9105902745828903,
        0.9151106892359843,
        0.9207568636093256,
        0.9277477900482244,
        0.9292420133156831,
        0.9406204290963329,
        0.9466754153943608,
        0.957018256180395,
        0.9624091448082726,
        0.9706097169878394,
        0.974957918723603
    ],
    "rocVizData": [
        [
            {
                "x": 0.0,
                "y": 0.0,
                "p": 1.986895607520892
            },
            {
                "x": 0.012195121951219513,
                "y": 0.16580310880829016,
                "p": 0.907447343404853
            },
            {
                "x": 0.024390243902439025,
                "y": 0.2538860103626943,
                "p": 0.8486350823511489
            },
            {
                "x": 0.04878048780487805,
                "y": 0.41450777202072536,
                "p": 0.7399479122073235
            },
            {
                "x": 0.07317073170731707,
                "y": 0.46113989637305697,
                "p": 0.7075455029776061
            },
            {
                "x": 0.10975609756097561,
                "y": 0.47668393782383417,
                "p": 0.6808932454716058
            },
            {
                "x": 0.12195121951219512,
                "y": 0.5181347150259067,
                "p": 0.6584597687817346
            },
            {
                "x": 0.14634146341463414,
                "y": 0.5544041450777202,
                "p": 0.6259168617601842
            },
            {
                "x": 0.17073170731707318,
                "y": 0.5803108808290155,
                "p": 0.5926405028587042
            },
            {
                "x": 0.1951219512195122,
                "y": 0.6113989637305699,
                "p": 0.5674089028929812
            },
            {
                "x": 0.2073170731707317,
                "y": 0.6735751295336787,
                "p": 0.4901361157768996
            },
            {
                "x": 0.23170731707317074,
                "y": 0.7046632124352331,
                "p": 0.4646824114601778
            },
            {
                "x": 0.25609756097560976,
                "y": 0.7305699481865285,
                "p": 0.431603908929321
            },
            {
                "x": 0.2926829268292683,
                "y": 0.7461139896373057,
                "p": 0.4150586398947369
            },
            {
                "x": 0.3048780487804878,
                "y": 0.7927461139896373,
                "p": 0.3747865353618773
            },
            {
                "x": 0.32926829268292684,
                "y": 0.8238341968911918,
                "p": 0.34337462666352864
            },
            {
                "x": 0.36585365853658536,
                "y": 0.8393782383419689,
                "p": 0.3207508783461137
            },
            {
                "x": 0.4268292682926829,
                "y": 0.8549222797927462,
                "p": 0.2929459080068043
            },
            {
                "x": 0.47560975609756095,
                "y": 0.8601036269430051,
                "p": 0.27233032064161056
            },
            {
                "x": 0.524390243902439,
                "y": 0.8808290155440415,
                "p": 0.2535089165193038
            },
            {
                "x": 0.573170731707317,
                "y": 0.8860103626943006,
                "p": 0.24458536051673704
            },
            {
                "x": 0.6585365853658537,
                "y": 0.9067357512953368,
                "p": 0.22138491838383967
            },
            {
                "x": 0.6829268292682927,
                "y": 0.9326424870466321,
                "p": 0.18282867808950665
            },
            {
                "x": 0.7439024390243902,
                "y": 0.9326424870466321,
                "p": 0.17152857437699864
            },
            {
                "x": 0.7926829268292683,
                "y": 0.9430051813471503,
                "p": 0.1630499220584654
            },
            {
                "x": 0.8292682926829268,
                "y": 0.9585492227979274,
                "p": 0.14576057581340948
            },
            {
                "x": 0.8902439024390244,
                "y": 0.9637305699481865,
                "p": 0.10708750849722129
            },
            {
                "x": 0.926829268292683,
                "y": 0.9792746113989638,
                "p": 0.07547096028854777
            },
            {
                "x": 0.9634146341463414,
                "y": 0.9948186528497409,
                "p": 0.051654307389068586
            },
            {
                "x": 1.0,
                "y": 1.0,
                "p": 0.03433692780585895
            }
        ]
    ],
    "liftVizData": {
        "bins": [
            {
                "bin_pos_prop": 0.9642857143,
                "bin_lift": 1.3739822354,
                "cum_lift": 0.1398963731,
                "cum_size": 0.1018181818,
                "bin_min": 0.9151106892,
                "bin_max": 0.9868956075,
                "percentile_idx": 0
            },
            {
                "bin_pos_prop": 0.9259259259,
                "bin_lift": 1.3193245059,
                "cum_lift": 0.2694300518,
                "cum_size": 0.2,
                "bin_min": 0.8357163391,
                "bin_max": 0.9151106892,
                "percentile_idx": 1
            },
            {
                "bin_pos_prop": 0.9642857143,
                "bin_lift": 1.3739822354,
                "cum_lift": 0.4093264249,
                "cum_size": 0.3018181818,
                "bin_min": 0.7446361004,
                "bin_max": 0.8357163391,
                "percentile_idx": 2
            },
            {
                "bin_pos_prop": 0.7777777778,
                "bin_lift": 1.1082325849,
                "cum_lift": 0.518134715,
                "cum_size": 0.4,
                "bin_min": 0.6521565836,
                "bin_max": 0.7446361004,
                "percentile_idx": 3
            },
            {
                "bin_pos_prop": 0.7777777778,
                "bin_lift": 1.1082325849,
                "cum_lift": 0.6269430052,
                "cum_size": 0.4981818182,
                "bin_min": 0.54329093,
                "bin_max": 0.6521565836,
                "percentile_idx": 4
            },
            {
                "bin_pos_prop": 0.8214285714,
                "bin_lift": 1.1704293116,
                "cum_lift": 0.7461139896,
                "cum_size": 0.6,
                "bin_min": 0.4220124464,
                "bin_max": 0.54329093,
                "percentile_idx": 5
            },
            {
                "bin_pos_prop": 0.6666666667,
                "bin_lift": 0.9499136442,
                "cum_lift": 0.8393782383,
                "cum_size": 0.6981818182,
                "bin_min": 0.3190662845,
                "bin_max": 0.4220124464,
                "percentile_idx": 6
            },
            {
                "bin_pos_prop": 0.3928571429,
                "bin_lift": 0.5597705403,
                "cum_lift": 0.896373057,
                "cum_size": 0.8,
                "bin_min": 0.2440009344,
                "bin_max": 0.3190662845,
                "percentile_idx": 7
            },
            {
                "bin_pos_prop": 0.3333333333,
                "bin_lift": 0.4749568221,
                "cum_lift": 0.9430051813,
                "cum_size": 0.8981818182,
                "bin_min": 0.1618569451,
                "bin_max": 0.2440009344,
                "percentile_idx": 8
            },
            {
                "bin_pos_prop": 0.3928571429,
                "bin_lift": 0.5597705403,
                "cum_lift": 1.0,
                "cum_size": 1.0,
                "bin_min": 0.0343369278,
                "bin_max": 0.1618569451,
                "percentile_idx": 9
            }
        ],
        "wizard": {
            "positives": 193,
            "total": 275
        }
    },
    "prVizData": [
        {
            "bins": [
                {
                    "x": 1.0,
                    "y": 0.7018181818181818,
                    "p": 0.03433692780585895
                },
                {
                    "x": 0.9689119170984456,
                    "y": 0.7137404580152672,
                    "p": 0.07803065630563395
                },
                {
                    "x": 0.9430051813471503,
                    "y": 0.7368421052631579,
                    "p": 0.1630499220584654
                },
                {
                    "x": 0.9222797927461139,
                    "y": 0.7639484978540773,
                    "p": 0.2015024909256437
                },
                {
                    "x": 0.8963730569948186,
                    "y": 0.7863636363636364,
                    "p": 0.2440424717429582
                },
                {
                    "x": 0.8704663212435233,
                    "y": 0.8076923076923077,
                    "p": 0.26339917906440635
                },
                {
                    "x": 0.8497409326424871,
                    "y": 0.8367346938775511,
                    "p": 0.30113964775386015
                },
                {
                    "x": 0.8186528497409327,
                    "y": 0.8540540540540541,
                    "p": 0.34622229432127377
                },
                {
                    "x": 0.7823834196891192,
                    "y": 0.8628571428571429,
                    "p": 0.3881751927163145
                },
                {
                    "x": 0.7461139896373057,
                    "y": 0.8727272727272727,
                    "p": 0.42248912353175244
                },
                {
                    "x": 0.7046632124352331,
                    "y": 0.8774193548387097,
                    "p": 0.4646824114601778
                },
                {
                    "x": 0.6632124352331606,
                    "y": 0.8827586206896552,
                    "p": 0.5021646090200328
                },
                {
                    "x": 0.616580310880829,
                    "y": 0.8814814814814815,
                    "p": 0.5621913202748529
                },
                {
                    "x": 0.5803108808290155,
                    "y": 0.8888888888888888,
                    "p": 0.5926405028587042
                },
                {
                    "x": 0.5440414507772021,
                    "y": 0.8974358974358975,
                    "p": 0.6312723143834361
                },
                {
                    "x": 0.5181347150259067,
                    "y": 0.9174311926605505,
                    "p": 0.659805371186816
                },
                {
                    "x": 0.47668393782383417,
                    "y": 0.92,
                    "p": 0.6814930038687808
                },
                {
                    "x": 0.44559585492227977,
                    "y": 0.9347826086956522,
                    "p": 0.71645876336521
                },
                {
                    "x": 0.41450777202072536,
                    "y": 0.9523809523809523,
                    "p": 0.7399479122073235
                },
                {
                    "x": 0.3626943005181347,
                    "y": 0.9459459459459459,
                    "p": 0.76573523464101
                },
                {
                    "x": 0.31088082901554404,
                    "y": 0.9375,
                    "p": 0.8185292322322024
                },
                {
                    "x": 0.2694300518134715,
                    "y": 0.9454545454545454,
                    "p": 0.8441864786134052
                },
                {
                    "x": 0.23834196891191708,
                    "y": 0.9583333333333334,
                    "p": 0.8558202165191997
                },
                {
                    "x": 0.18652849740932642,
                    "y": 0.9473684210526315,
                    "p": 0.8891954951400516
                },
                {
                    "x": 0.16580310880829016,
                    "y": 0.9696969696969697,
                    "p": 0.907447343404853
                },
                {
                    "x": 0.11398963730569948,
                    "y": 0.9565217391304348,
                    "p": 0.9277435875862704
                },
                {
                    "x": 0.06735751295336788,
                    "y": 0.9285714285714286,
                    "p": 0.948845403273237
                },
                {
                    "x": 0.03626943005181347,
                    "y": 0.875,
                    "p": 0.9669926811019987
                },
                {
                    "x": 0.03626943005181347,
                    "y": 1.0,
                    "p": 0.9703052175736328
                },
                {
                    "x": 0.0051813471502590676,
                    "y": 1.0,
                    "p": 0.986895607520892
                }
            ],
            "positiveRate": 0.7018181818181818
        }
    ],
    "densityData": {
        "0": {
            "actualIsThisClass": [
                0.10607167792265577,
                0.11660804303924288,
                0.12742689541240587,
                0.13846577597289744,
                0.14966789016723178,
                0.16098571275627885,
                0.1723844360438931,
                0.18384504227738266,
                0.1953667658369082,
                0.20696870730626746,
                0.2186903734685622,
                0.23059094819463055,
                0.24274715149593643,
                0.2552496182812554,
                0.2681978227394284,
                0.28169368412907325,
                0.295834107664679,
                0.31070283036254553,
                0.3263620448493389,
                0.3428443526046334,
                0.36014564130934346,
                0.37821948072835515,
                0.39697358330433397,
                0.4162687792476032,
                0.435920815986422,
                0.45570511750217774,
                0.4753644431347506,
                0.49461918321031234,
                0.513179836608689,
                0.5307610488449652,
                0.5470964620174051,
                0.5619535504356875,
                0.5751475941845426,
                0.5865539791495414,
                0.5961181035869562,
                0.6038623116084381,
                0.6098894530694813,
                0.6143828748385075,
                0.6176028661257633,
                0.6198797954819881,
                0.6216043742651177,
                0.6232156466977657,
                0.6251874276698464,
                0.6280139763093718,
                0.6321956996148596,
                0.6382256239493439,
                0.6465772557336689,
                0.6576942844167295,
                0.671982374274812,
                0.6898030651198828,
                0.7114695774626874,
                0.7372441186751221,
                0.7673361361479385,
                0.801900880905007,
                0.841037644150409,
                0.884787115030769,
                0.933127475947097,
                0.9859690873170794,
                1.043147892743804,
                1.1044179669693492,
                1.169443897899449,
                1.2377939058416567,
                1.3089347280721364,
                1.3822293138300397,
                1.4569382745514274,
                1.532225820823738,
                1.607170608877425,
                1.6807815448333445,
                1.7520181921152422,
                1.8198150379681686,
                1.8831085392593907,
                1.940865620014283,
                1.992112157757943,
                2.0359599843293346,
                2.0716310374281113,
                2.0984775169528103,
                2.1159971999392906,
                2.1238434173905967,
                2.1218295604009887,
                2.109928327826896,
                2.0882662242262846,
                2.057114043175038,
                2.016874214589151,
                1.9680659518007335,
                1.9113091098713566,
                1.8473075730623243,
                1.7768328437047185,
                1.7007083270466807,
                1.619794617946375,
                1.5349759153831224,
                1.4471475368403701,
                1.3572043898908839,
                1.2660301911725422,
                1.1744872064340695,
                1.0834063170789818,
                0.9935772911821548,
                0.9057392385508696,
                0.8205713452496091,
                0.7386840968450011,
                0.6606112955522262
            ],
            "actualIsNotThisClass": [
                0.7974228294069613,
                0.8687229834293306,
                0.939271879064183,
                1.0081238935279127,
                1.0743618038259308,
                1.1371275623043036,
                1.19565040791426,
                1.249270821207614,
                1.297459114990802,
                1.339827818782636,
                1.3761374313023842,
                1.406295545346999,
                1.4303497582077296,
                1.448475136802785,
                1.4609572853762334,
                1.46817224909172,
                1.4705645728191599,
                1.4686248237628696,
                1.4628677901176843,
                1.453812402400871,
                1.4419642097906358,
                1.4278010021365821,
                1.4117619196861395,
                1.3942401546244299,
                1.375579135016227,
                1.356071902089016,
                1.3359632511968271,
                1.315454106802208,
                1.2947075411805202,
                1.2738558222726626,
                1.2530078843011727,
                1.2322566513606033,
                1.211685705368713,
                1.1913748719963793,
                1.1714043980598268,
                1.1518575076374975,
                1.1328212474049253,
                1.1143856588068646,
                1.0966414389288741,
                1.079676365479897,
                1.06357085583499,
                1.0483930976079594,
                1.0341942220374298,
                1.021003987220286,
                1.0088273947487483,
                0.9976425831526908,
                0.9874002310496058,
                0.9780245717298951,
                0.9694159811385373,
                0.9614549660586681,
                0.954007261600522,
                0.9469296578653721,
                0.9400761228381038,
                0.9333037762075895,
                0.9264782967193189,
                0.9194784095721613,
                0.9121991926310693,
                0.9045540508116017,
                0.8964753257033913,
                0.8879136211987002,
                0.8788360255934891,
                0.869223488353594,
                0.8590676600614261,
                0.8483675243454244,
                0.8371261409607414,
                0.8253477822453333,
                0.8130356856203719,
                0.8001905689313245,
                0.7868099705864764,
                0.7728883904891521,
                0.7584181284499601,
                0.743390651234215,
                0.7277982735682794,
                0.7116359164949118,
                0.6949027104629619,
                0.6776032400287948,
                0.6597482790336083,
                0.6413549341721468,
                0.6224461935402722,
                0.6030499562587419,
                0.5831976903914836,
                0.5629229204626627,
                0.5422597759005192,
                0.5212418332153973,
                0.49990145639046174,
                0.4782697841049934,
                0.4563774347372174,
                0.43425590921668905,
                0.4119395782786633,
                0.3894680557952841,
                0.3668886942364614,
                0.34425890054716785,
                0.3216479662672269,
                0.2991381361061946,
                0.27682470178698193,
                0.2548149962541065,
                0.23322626765956173,
                0.21218252132729917,
                0.19181051912080807,
                0.17223520828110356
            ],
            "actualIsThisClassMedian": 0.7398251033771213,
            "actualIsNotThisClassMedian": 0.33106872654204145
        },
        "1": {
            "actualIsThisClass": [
                0.17223520828110309,
                0.19181051912080824,
                0.21218252132729928,
                0.233226267659561,
                0.2548149962541068,
                0.2768247017869818,
                0.2991381361061949,
                0.32164796626722636,
                0.3442589005471688,
                0.3668886942364611,
                0.3894680557952841,
                0.411939578278664,
                0.43425590921668983,
                0.45637743473721704,
                0.47826978410499504,
                0.49990145639046085,
                0.5212418332153973,
                0.5422597759005211,
                0.5629229204626611,
                0.5831976903914836,
                0.6030499562587419,
                0.6224461935402739,
                0.6413549341721445,
                0.6597482790336066,
                0.6776032400287936,
                0.6949027104629644,
                0.711635916494915,
                0.7277982735682782,
                0.7433906512342157,
                0.7584181284499601,
                0.7728883904891515,
                0.78680997058648,
                0.8001905689313245,
                0.8130356856203719,
                0.8253477822453356,
                0.8371261409607429,
                0.8483675243454236,
                0.8590676600614245,
                0.8692234883535955,
                0.8788360255934906,
                0.8879136211986979,
                0.8964753257033928,
                0.9045540508116,
                0.9121991926310717,
                0.9194784095721572,
                0.9264782967193189,
                0.9333037762075912,
                0.9400761228381055,
                0.9469296578653739,
                0.9540072616005236,
                0.9614549660586672,
                0.9694159811385399,
                0.9780245717298951,
                0.9874002310496041,
                0.9976425831526908,
                1.0088273947487492,
                1.021003987220286,
                1.034194222037428,
                1.0483930976079567,
                1.0635708558349957,
                1.079676365479896,
                1.0966414389288723,
                1.1143856588068726,
                1.1328212474049253,
                1.1518575076374975,
                1.1714043980598268,
                1.1913748719963793,
                1.211685705368715,
                1.2322566513606066,
                1.2530078843011727,
                1.273855822272666,
                1.2947075411805213,
                1.3154541068022103,
                1.3359632511968271,
                1.3560719020890182,
                1.375579135016227,
                1.3942401546244347,
                1.4117619196861408,
                1.427801002136586,
                1.4419642097906382,
                1.453812402400875,
                1.4628677901176856,
                1.468624823762879,
                1.4705645728191585,
                1.4681722490917237,
                1.4609572853762387,
                1.4484751368027826,
                1.4303497582077334,
                1.4062955453470052,
                1.3761374313023842,
                1.3398278187826314,
                1.2974591149908008,
                1.249270821207613,
                1.19565040791426,
                1.1371275623043056,
                1.074361803825929,
                1.0081238935279144,
                0.939271879064183,
                0.8687229834293306,
                0.7974228294069613
            ],
            "actualIsNotThisClass": [
                0.6606112955522259,
                0.7386840968450005,
                0.8205713452496091,
                0.9057392385508664,
                0.9935772911821557,
                1.083406317078981,
                1.1744872064340695,
                1.2660301911725445,
                1.3572043898908852,
                1.4471475368403661,
                1.534975915383125,
                1.6197946179463765,
                1.7007083270466823,
                1.7768328437047218,
                1.847307573062321,
                1.9113091098713533,
                1.9680659518007335,
                2.016874214589151,
                2.057114043175038,
                2.0882662242262846,
                2.1099283278268923,
                2.1218295604009887,
                2.1238434173905967,
                2.1159971999392906,
                2.098477516952803,
                2.071631037428113,
                2.0359599843293346,
                1.9921121577579413,
                1.9408656200142798,
                1.8831085392593925,
                1.819815037968167,
                1.7520181921152407,
                1.6807815448333432,
                1.6071706088774236,
                1.5322258208237394,
                1.4569382745514274,
                1.382229313830041,
                1.3089347280721364,
                1.2377939058416567,
                1.169443897899449,
                1.1044179669693504,
                1.0431478927438003,
                0.9859690873170803,
                0.933127475947097,
                0.8847871150307659,
                0.8410376441504084,
                0.8019008809050049,
                0.7673361361479372,
                0.7372441186751209,
                0.7114695774626861,
                0.6898030651198828,
                0.6719823742748108,
                0.6576942844167298,
                0.6465772557336694,
                0.6382256239493441,
                0.6321956996148607,
                0.6280139763093715,
                0.6251874276698464,
                0.6232156466977657,
                0.6216043742651177,
                0.6198797954819876,
                0.6176028661257624,
                0.614382874838507,
                0.609889453069481,
                0.6038623116084383,
                0.5961181035869562,
                0.5865539791495412,
                0.5751475941845431,
                0.561953550435687,
                0.5470964620174056,
                0.5307610488449659,
                0.5131798366086888,
                0.4946191832103125,
                0.4753644431347504,
                0.45570511750217796,
                0.43592081598642063,
                0.41626877924760397,
                0.3969735833043343,
                0.3782194807283555,
                0.3601456413093433,
                0.3428443526046334,
                0.3263620448493389,
                0.3107028303625454,
                0.2958341076646786,
                0.28169368412907325,
                0.26819782273942827,
                0.25524961828125503,
                0.2427471514959362,
                0.23059094819463044,
                0.21869037346856213,
                0.20696870730626765,
                0.1953667658369082,
                0.18384504227738274,
                0.17238443604389303,
                0.16098571275627876,
                0.14966789016723178,
                0.13846577597289755,
                0.12742689541240587,
                0.11660804303924294,
                0.10607167792265577
            ],
            "actualIsThisClassMedian": 0.6689312734579586,
            "actualIsNotThisClassMedian": 0.26017489662287874
        }
    },
    "calibrationData": [
        {
            "y": 0,
            "x": 0,
            "n": 0
        },
        {
            "y": 0.4375,
            "x": 0.06547069519471738,
            "n": 16.0
        },
        {
            "y": 0.3076923076923077,
            "x": 0.15865693645054865,
            "n": 26.0
        },
        {
            "y": 0.3783783783783784,
            "x": 0.2525269555041531,
            "n": 37.0
        },
        {
            "y": 0.6666666666666666,
            "x": 0.3465314591227408,
            "n": 24.0
        },
        {
            "y": 0.7407407407407407,
            "x": 0.4482747698538056,
            "n": 27.0
        },
        {
            "y": 0.8,
            "x": 0.5536292086769444,
            "n": 20.0
        },
        {
            "y": 0.7666666666666667,
            "x": 0.6512630494358388,
            "n": 30.0
        },
        {
            "y": 0.9310344827586207,
            "x": 0.7509292327171297,
            "n": 29.0
        },
        {
            "y": 0.9090909090909091,
            "x": 0.8533672307708312,
            "n": 33.0
        },
        {
            "y": 0.9696969696969697,
            "x": 0.9429906420557206,
            "n": 33.0
        },
        {
            "y": 1,
            "x": 1,
            "n": 0
        }
    ],
    "probaDistribData": {
        "bins": [
            0.0,
            0.1,
            0.2,
            0.3,
            0.4,
            0.5,
            0.6,
            0.7,
            0.8,
            0.9,
            1.0
        ],
        "probaDistribs": [
            [
                9.0,
                18.0,
                23.0,
                8.0,
                7.0,
                4.0,
                7.0,
                2.0,
                3.0,
                1.0
            ],
            [
                7.0,
                8.0,
                14.0,
                16.0,
                20.0,
                16.0,
                23.0,
                27.0,
                30.0,
                32.0
            ]
        ]
    },
    "globalMetrics": {
        "testWeight": 275,
        "targetAvg": [
            0.7018181818181818
        ],
        "targetStd": [
            0.4582937687775508
        ],
        "predictionAvg": [
            0.7127272727272728
        ],
        "predictionStd": [
            0.4524898976087936
        ]
    }
}