{
    "predictedClassCountPerCut": [
        {
            "1": 275
        },
        {
            "1": 275
        },
        {
            "1": 271,
            "0": 4
        },
        {
            "1": 265,
            "0": 10
        },
        {
            "1": 259,
            "0": 16
        },
        {
            "1": 258,
            "0": 17
        },
        {
            "1": 251,
            "0": 24
        },
        {
            "1": 240,
            "0": 35
        },
        {
            "1": 233,
            "0": 42
        },
        {
            "1": 226,
            "0": 49
        },
        {
            "1": 216,
            "0": 59
        },
        {
            "1": 204,
            "0": 71
        },
        {
            "1": 196,
            "0": 79
        },
        {
            "1": 190,
            "0": 85
        },
        {
            "1": 183,
            "0": 92
        },
        {
            "1": 177,
            "0": 98
        },
        {
            "1": 172,
            "0": 103
        },
        {
            "1": 164,
            "0": 111
        },
        {
            "1": 158,
            "0": 117
        },
        {
            "1": 152,
            "0": 123
        },
        {
            "1": 145,
            "0": 130
        },
        {
            "1": 141,
            "0": 134
        },
        {
            "0": 139,
            "1": 136
        },
        {
            "0": 143,
            "1": 132
        },
        {
            "0": 150,
            "1": 125
        },
        {
            "0": 156,
            "1": 119
        },
        {
            "0": 165,
            "1": 110
        },
        {
            "0": 173,
            "1": 102
        },
        {
            "0": 180,
            "1": 95
        },
        {
            "0": 186,
            "1": 89
        },
        {
            "0": 194,
            "1": 81
        },
        {
            "0": 202,
            "1": 73
        },
        {
            "0": 209,
            "1": 66
        },
        {
            "0": 214,
            "1": 61
        },
        {
            "0": 225,
            "1": 50
        },
        {
            "0": 234,
            "1": 41
        },
        {
            "0": 242,
            "1": 33
        },
        {
            "0": 251,
            "1": 24
        },
        {
            "0": 262,
            "1": 13
        },
        {
            "0": 272,
            "1": 3
        }
    ],
    "cuts": [
        0.0,
        0.025,
        0.05,
        0.075,
        0.1,
        0.125,
        0.15,
        0.175,
        0.2,
        0.225,
        0.25,
        0.275,
        0.3,
        0.325,
        0.35,
        0.375,
        0.4,
        0.425,
        0.45,
        0.475,
        0.5,
        0.525,
        0.55,
        0.575,
        0.6,
        0.625,
        0.65,
        0.675,
        0.7,
        0.725,
        0.75,
        0.775,
        0.8,
        0.825,
        0.85,
        0.875,
        0.9,
        0.925,
        0.95,
        0.975
    ],
    "predictedClassCount": {
        "1": 196,
        "0": 79
    },
    "probabilityDensities": {
        "0": {
            "density": [
                0.591444550229693,
                0.6439367248658548,
                0.695983887686672,
                0.746926953127837,
                0.7961277458364073,
                0.8429904658920095,
                0.8869813591638301,
                0.9276455573232649,
                0.9646202293761862,
                0.9976434202935655,
                1.0265582231967563,
                1.0513122180546246,
                1.071952390240045,
                1.0886159966370899,
                1.101518058790498,
                1.1109363199233053,
                1.1171945987284024,
                1.1206455060088953,
                1.1216534634943693,
                1.1205788842913698,
                1.1177642509976813,
                1.1135226717312574,
                1.1081293180257328,
                1.101815963291837,
                1.0947686569822457,
                1.0871283970070253,
                1.078994509029394,
                1.0704303120831946,
                1.0614705499762724,
                1.052130000197336,
                1.042412638211412,
                1.03232073554437,
                1.0218633041360696,
                1.0110633650440204,
                0.9999636133425542,
                0.9886301682127367,
                0.9771542315474786,
                0.9656516223223197,
                0.9542602987752401,
                0.9431361166194626,
                0.9324471894446987,
                0.9223673081006576,
                0.9130689315947341,
                0.9047162775508265,
                0.8974590132777895,
                0.891426980237431,
                0.8867262801940115,
                0.883436919143408,
                0.8816120568147309,
                0.8812787586706136,
                0.8824400082168102,
                0.8850776236982677,
                0.889155646426294,
                0.8946237361708322,
                0.9014201260185467,
                0.9094737536948818,
                0.9187052925034407,
                0.9290269422571266,
                0.9403409949496019,
                0.9525373455028318,
                0.9654902583975512,
                0.9790548113570265,
                0.9930635054533933,
                1.0073235492464487,
                1.02161529018628,
                1.0356921823234069,
                1.049282553395288,
                1.0620932790021953,
                1.073815302328449,
                1.084130771607088,
                1.0927214207836469,
                1.0992777059815573,
                1.1035081421369823,
                1.1051482665537262,
                1.1039686898543026,
                1.0997817753659571,
                1.0924466062583122,
                1.0818720430976307,
                1.0680178281647177,
                1.050893841673368,
                1.0305577447885415,
                1.00711134343813,
                0.9806960672728423,
                0.9514879759402572,
                0.9196926807546542,
                0.885540508758285,
                0.8492821465814446,
                0.8111848945573296,
                0.7715295498071859,
                0.7306078331727169,
                0.6887201904242262,
                0.6461737422030616,
                0.6032801354131185,
                0.5603530630582556,
                0.5177052675077403,
                0.475644917689871,
                0.43447134446350416,
                0.39447021905349355,
                0.355908354905949,
                0.3190283922869681
            ],
            "median": 0.4567090699822083
        },
        "1": {
            "density": [
                0.3190283922869673,
                0.35590835490594935,
                0.3944702190534942,
                0.43447134446350455,
                0.4756449176898701,
                0.5177052675077403,
                0.560353063058254,
                0.6032801354131175,
                0.6461737422030616,
                0.6887201904242243,
                0.730607833172715,
                0.7715295498071859,
                0.8111848945573324,
                0.8492821465814431,
                0.885540508758285,
                0.9196926807546542,
                0.9514879759402539,
                0.980696067272844,
                1.0071113434381282,
                1.0305577447885341,
                1.0508938416733622,
                1.0680178281647177,
                1.081872043097627,
                1.0924466062583045,
                1.0997817753659591,
                1.1039686898543026,
                1.105148266553734,
                1.1035081421369863,
                1.0992777059815533,
                1.0927214207836429,
                1.0841307716070843,
                1.0738153023284507,
                1.0620932790021915,
                1.0492825533952919,
                1.0356921823234069,
                1.021615290186282,
                1.0073235492464416,
                0.9930635054533862,
                0.9790548113570283,
                0.9654902583975529,
                0.95253734550283,
                0.9403409949496052,
                0.9290269422571282,
                0.9187052925034456,
                0.9094737536948738,
                0.9014201260185515,
                0.8946237361708322,
                0.8891556464262924,
                0.885077623698263,
                0.8824400082168086,
                0.8812787586706136,
                0.8816120568147325,
                0.883436919143408,
                0.8867262801940146,
                0.8914269802374278,
                0.8974590132777848,
                0.9047162775508265,
                0.9130689315947341,
                0.9223673081006641,
                0.9324471894446889,
                0.943136116619466,
                0.9542602987752435,
                0.9656516223223232,
                0.9771542315474838,
                0.9886301682127332,
                0.9999636133425542,
                1.0110633650440275,
                1.0218633041360696,
                1.0323207355443753,
                1.0424126382114047,
                1.0521300001973322,
                1.0614705499762669,
                1.0704303120831966,
                1.0789945090293978,
                1.0871283970070176,
                1.0947686569822515,
                1.101815963291843,
                1.1081293180257308,
                1.1135226717312574,
                1.1177642509976753,
                1.1205788842913718,
                1.1216534634943733,
                1.1206455060088933,
                1.1171945987283944,
                1.1109363199233053,
                1.1015180587904863,
                1.0886159966370899,
                1.0719523902400412,
                1.0513122180546188,
                1.0265582231967527,
                0.9976434202935655,
                0.9646202293761845,
                0.9276455573232666,
                0.8869813591638269,
                0.8429904658920081,
                0.796127745836403,
                0.7469269531278336,
                0.6959838876866733,
                0.6439367248658537,
                0.5914445502296924
            ],
            "median": 0.5432909300177917
        }
    }
}