{
  "state": "DONE",
  "preSearchDescription": {
    "gridLength": 5,
    "searchStrategy": "GRID",
    "importantParams": [
      {
        "name": "penalty",
        "vals": [
          "l2"
        ]
      },
      {
        "name": "C",
        "vals": [
          "0.01",
          "0.1",
          "1.0",
          "10.0",
          "100.0"
        ]
      }
    ]
  },
  "postSearchDescription": {
    "importantParams": [
      {
        "name": "C",
        "val": "100.0"
      },
      {
        "name": "penalty",
        "val": "l2"
      }
    ]
  },
  "resumed": false,
  "timeOrderingEnabled": false,
  "sampleWeightsEnabled": false,
  "modelId": "m1",
  "progress": {
    "top_level_todo": [],
    "stack": [],
    "top_level_done": [
      {
        "name": "Loading train set",
        "time": 162
      },
      {
        "name": "Loading test set",
        "time": 19
      },
      {
        "name": "Collecting statistics",
        "time": 92
      },
      {
        "name": "Preprocessing train set",
        "time": 268
      },
      {
        "name": "Preprocessing test set",
        "time": 104
      },
      {
        "name": "Hyperparameter searching",
        "time": 1360
      },
      {
        "name": "Fitting model",
        "time": 82
      },
      {
        "name": "Saving model",
        "time": 138
      },
      {
        "name": "Scoring model",
        "time": 839
      },
      {
        "name": "Preparing explainability",
        "time": 10015
      }
    ]
  },
  "startTime": 1761374678711,
  "endTime": 1761374691857,
  "preprocessingTime": 672,
  "trainingTime": 12474,
  "hyperparamsSearchTime": 1360,
  "pythonVersion": "3.9.21",
  "packagesVersion": {
    "pandas": "2.2.3",
    "scikit-learn": "1.5.2",
    "scipy": "1.13.1",
    "lightgbm": "4.6.0",
    "flask": "2.2.5",
    "itsdangerous": "2.2.0",
    "jinja2": "3.1.6",
    "xgboost": "1.7.6",
    "werkzeug": "3.1.3",
    "statsmodels": "0.14.5",
    "pillow": "11.3.0",
    "markupsafe": "3.0.3",
    "cloudpickle": "1.5.0"
  }
}