{
  "params": {
    "ttPolicy": "SPLIT_SINGLE_DATASET",
    "ssdSplitMode": "RANDOM",
    "splitBeforePrepare": true,
    "ssdSelection": {
      "useMemTable": false,
      "filter": {
        "distinct": false,
        "enabled": false
      },
      "partitionSelectionMethod": "ALL",
      "latestPartitionsN": 1,
      "ordering": {
        "enabled": false,
        "rules": []
      },
      "samplingMethod": "HEAD_SEQUENTIAL",
      "maxRecords": 100000,
      "targetRatio": 0.02,
      "ascending": true,
      "withinFirstN": -1,
      "maxReadUncompressedBytes": -1,
      "seed": 1337
    },
    "ssdTrainingRatio": 0.8,
    "ssdStratified": false,
    "ssdGrouped": false,
    "ssdSeed": 1337,
    "testOnLargerValues": true,
    "streamAll": false,
    "kfold": false,
    "nFolds": 5,
    "instanceIdRefresher": 0,
    "subSamplingSeed": 1337
  },
  "generationDate": 1761374530117,
  "policyId": "type\u003dSPLIT_SINGLE_DATASET,split\u003dRANDOM,splitBeforePrepare\u003dtrue,ds\u003drisk_prepared_code,sel\u003d(method\u003dhead-s,records\u003d100000),r\u003d0.8,s\u003d1337",
  "instanceId": "f5ecb38b3d25b61777bf8e276dfedce7-0",
  "format": "csv1",
  "schema": {
    "columns": [
      {"name":"status","type":"string"},
      {"name":"duration","type":"bigint"},
      {"name":"history","type":"string"},
      {"name":"purpose","type":"string"},
      {"name":"amount","type":"bigint"},
      {"name":"payment_intensity","type":"double"},
      {"name":"savings","type":"string"},
      {"name":"employment_duration","type":"string"},
      {"name":"installment_rate","type":"bigint"},
      {"name":"gender_bin","type":"bigint"},
      {"name":"other_debtors","type":"string"},
      {"name":"present_residence","type":"bigint"},
      {"name":"property","type":"string"},
      {"name":"age","type":"bigint"},
      {"name":"other_installment_plans","type":"string"},
      {"name":"housing","type":"string"},
      {"name":"number_credits","type":"bigint"},
      {"name":"skilled employee/official","type":"double"},
      {"name":"unskilled - resident","type":"double"},
      {"name":"management/self-employed/highly qualified employee/officer","type":"double"},
      {"name":"unemployed/unskilled - non-resident","type":"double"},
      {"name":"people_liable","type":"bigint"},
      {"name":"telephone","type":"boolean"},
      {"name":"foreign_worker","type":"boolean"},
      {"name":"credit_risk","type":"bigint"},
      {"name":"log_amount","type":"double"}
    ],
    "userModified": false
  },
  "trainPath": "train-f5ecb38b3d25b61777bf8e276dfedce7-0.csv.gz",
  "testPath": "test-f5ecb38b3d25b61777bf8e276dfedce7-0.csv.gz",
  "trainRows": 808,
  "testRows": 192,
  "fullRows": 0
}