{
    "perClassFacts": {
        "unique": {
            "status": {
                "impact": 0.6422035196636912,
                "rank": 1,
                "feature": "status",
                "positiveCategoricalValue": "no checking account",
                "negativeCategoricalValue": "... < 100 DM",
                "infoGain": 0.6640641265641081,
                "type": "CATEGORICAL"
            },
            "duration": {
                "impact": 0.2995881615844053,
                "rank": 2,
                "feature": "duration",
                "correlation": -0.9574670549806051,
                "type": "NUMERICAL"
            },
            "purpose": {
                "impact": 0.27495823758039195,
                "rank": 3,
                "feature": "purpose",
                "positiveCategoricalValue": "domestic appliances",
                "negativeCategoricalValue": "car (new)",
                "infoGain": 0.6802920001921535,
                "type": "CATEGORICAL"
            },
            "amount": {
                "impact": 0.2432391810477726,
                "rank": 4,
                "feature": "amount",
                "correlation": -1.0,
                "type": "NUMERICAL"
            },
            "installment_rate": {
                "impact": 0.23722407572359902,
                "rank": 5,
                "feature": "installment_rate",
                "correlation": -0.8654097644964899,
                "type": "NUMERICAL"
            },
            "savings": {
                "impact": 0.20938241369940566,
                "rank": 6,
                "feature": "savings",
                "positiveCategoricalValue": "unknown/no savings account",
                "negativeCategoricalValue": "... < 100 DM",
                "infoGain": 0.6410354778811556,
                "type": "CATEGORICAL"
            },
            "employment_duration": {
                "impact": 0.1808402268599664,
                "rank": 7,
                "feature": "employment_duration",
                "positiveCategoricalValue": "... >= 7 years",
                "negativeCategoricalValue": "1 <= ... < 4 years",
                "infoGain": 0.6842317651303003,
                "type": "CATEGORICAL"
            },
            "housing": {
                "impact": 0.1684394696381813,
                "rank": 8,
                "feature": "housing",
                "positiveCategoricalValue": "own",
                "negativeCategoricalValue": "rent",
                "infoGain": 0.6571577614973405,
                "type": "CATEGORICAL"
            },
            "log_amount": {
                "impact": 0.1614505414477683,
                "rank": 9,
                "feature": "log_amount",
                "correlation": 0.9999552522653317,
                "type": "NUMERICAL"
            },
            "age": {
                "impact": 0.0785532576169319,
                "rank": 12,
                "feature": "age",
                "correlation": 0.9875911719279162,
                "type": "NUMERICAL"
            },
            "telephone": {
                "impact": 0.076020034301465,
                "rank": 13,
                "feature": "telephone",
                "positiveCategoricalValue": "yes",
                "negativeCategoricalValue": "no",
                "infoGain": 0.6607059326659308,
                "type": "CATEGORICAL"
            },
            "payment_intensity": {
                "impact": 0.0652117045163443,
                "rank": 14,
                "feature": "payment_intensity",
                "correlation": -0.9999999999999999,
                "type": "NUMERICAL"
            },
            "number_credits": {
                "impact": 0.049093472213338624,
                "rank": 15,
                "feature": "number_credits",
                "correlation": 0.7034497338282604,
                "type": "NUMERICAL"
            },
            "present_residence": {
                "impact": 0.017527126609253582,
                "rank": 19,
                "feature": "present_residence",
                "correlation": 0.8274547890524852,
                "type": "NUMERICAL"
            }
        }
    }
}