[
    {
        "test_score_gib": 0.8177713563301425,
        "train_score": 0.8062131519274376,
        "test_score": 0.8177713563301425,
        "num_samples": 162,
        "fit_time": 19,
        "score_time": 15,
        "time": 34,
        "parameters": {
            "C": 0.1,
            "penalty": "l2"
        },
        "done_at": 1761374536199,
        "split_id": 0
    },
    {
        "test_score_gib": 0.7673830594184576,
        "train_score": 0.8151360544217687,
        "test_score": 0.7673830594184576,
        "num_samples": 162,
        "fit_time": 24,
        "score_time": 20,
        "time": 44,
        "parameters": {
            "C": 0.1,
            "penalty": "l2"
        },
        "done_at": 1761374536209,
        "split_id": 1
    },
    {
        "test_score_gib": 0.7272891457467942,
        "train_score": 0.8222789115646257,
        "test_score": 0.7272891457467942,
        "num_samples": 162,
        "fit_time": 21,
        "score_time": 24,
        "time": 45,
        "parameters": {
            "C": 0.1,
            "penalty": "l2"
        },
        "done_at": 1761374536217,
        "split_id": 2
    },
    {
        "test_score_gib": 0.743804664723032,
        "train_score": 0.8224580297751031,
        "test_score": 0.743804664723032,
        "num_samples": 161,
        "fit_time": 15,
        "score_time": 20,
        "time": 35,
        "parameters": {
            "C": 0.1,
            "penalty": "l2"
        },
        "done_at": 1761374536216,
        "split_id": 3
    },
    {
        "test_score_gib": 0.8216107871720117,
        "train_score": 0.8041879723064393,
        "test_score": 0.8216107871720117,
        "num_samples": 161,
        "fit_time": 21,
        "score_time": 26,
        "time": 47,
        "parameters": {
            "C": 0.1,
            "penalty": "l2"
        },
        "done_at": 1761374536248,
        "split_id": 4
    },
    {
        "test_score_gib": 0.8026006862922159,
        "train_score": 0.7795351473922902,
        "test_score": 0.8026006862922159,
        "num_samples": 162,
        "fit_time": 28,
        "score_time": 100,
        "time": 128,
        "parameters": {
            "C": 0.01,
            "penalty": "l2"
        },
        "done_at": 1761374536346,
        "split_id": 0
    },
    {
        "test_score_gib": 0.7549214376015893,
        "train_score": 0.791859410430839,
        "test_score": 0.7549214376015893,
        "num_samples": 162,
        "fit_time": 15,
        "score_time": 5,
        "time": 20,
        "parameters": {
            "C": 0.01,
            "penalty": "l2"
        },
        "done_at": 1761374536240,
        "split_id": 1
    },
    {
        "test_score_gib": 0.7164529528625609,
        "train_score": 0.8000113378684808,
        "test_score": 0.7164529528625609,
        "num_samples": 162,
        "fit_time": 31,
        "score_time": 88,
        "time": 119,
        "parameters": {
            "C": 0.01,
            "penalty": "l2"
        },
        "done_at": 1761374536340,
        "split_id": 2
    },
    {
        "test_score_gib": 0.7192055393586007,
        "train_score": 0.7970496402552152,
        "test_score": 0.7192055393586007,
        "num_samples": 161,
        "fit_time": 100,
        "score_time": 9,
        "time": 109,
        "parameters": {
            "C": 0.01,
            "penalty": "l2"
        },
        "done_at": 1761374536357,
        "split_id": 3
    },
    {
        "test_score_gib": 0.8150510204081632,
        "train_score": 0.7740169238427079,
        "test_score": 0.8150510204081632,
        "num_samples": 161,
        "fit_time": 93,
        "score_time": 7,
        "time": 100,
        "parameters": {
            "C": 0.01,
            "penalty": "l2"
        },
        "done_at": 1761374536352,
        "split_id": 4
    },
    {
        "test_score_gib": 0.7805670940942749,
        "train_score": 0.82062358276644,
        "test_score": 0.7805670940942749,
        "num_samples": 162,
        "fit_time": 19,
        "score_time": 5,
        "time": 24,
        "parameters": {
            "C": 10.0,
            "penalty": "l2"
        },
        "done_at": 1761374536381,
        "split_id": 0
    },
    {
        "test_score_gib": 0.7673830594184576,
        "train_score": 0.8243537414965987,
        "test_score": 0.7673830594184576,
        "num_samples": 162,
        "fit_time": 38,
        "score_time": 19,
        "time": 57,
        "parameters": {
            "C": 10.0,
            "penalty": "l2"
        },
        "done_at": 1761374536418,
        "split_id": 1
    },
    {
        "test_score_gib": 0.7280115586057432,
        "train_score": 0.8305102040816328,
        "test_score": 0.7280115586057432,
        "num_samples": 162,
        "fit_time": 36,
        "score_time": 16,
        "time": 52,
        "parameters": {
            "C": 10.0,
            "penalty": "l2"
        },
        "done_at": 1761374536414,
        "split_id": 2
    },
    {
        "test_score_gib": 0.7354227405247814,
        "train_score": 0.8352074754513779,
        "test_score": 0.7354227405247814,
        "num_samples": 161,
        "fit_time": 35,
        "score_time": 16,
        "time": 51,
        "parameters": {
            "C": 10.0,
            "penalty": "l2"
        },
        "done_at": 1761374536415,
        "split_id": 3
    },
    {
        "test_score_gib": 0.8006559766763848,
        "train_score": 0.8147653739988234,
        "test_score": 0.8006559766763848,
        "num_samples": 161,
        "fit_time": 24,
        "score_time": 40,
        "time": 64,
        "parameters": {
            "C": 10.0,
            "penalty": "l2"
        },
        "done_at": 1761374536463,
        "split_id": 4
    },
    {
        "test_score_gib": 0.7984468123532599,
        "train_score": 0.8173809523809523,
        "test_score": 0.7984468123532599,
        "num_samples": 162,
        "fit_time": 10,
        "score_time": 16,
        "time": 26,
        "parameters": {
            "C": 1.0,
            "penalty": "l2"
        },
        "done_at": 1761374536446,
        "split_id": 0
    },
    {
        "test_score_gib": 0.7681054722774064,
        "train_score": 0.8225396825396825,
        "test_score": 0.7681054722774064,
        "num_samples": 162,
        "fit_time": 40,
        "score_time": 45,
        "time": 85,
        "parameters": {
            "C": 1.0,
            "penalty": "l2"
        },
        "done_at": 1761374536505,
        "split_id": 1
    },
    {
        "test_score_gib": 0.7265667328878453,
        "train_score": 0.8278458049886621,
        "test_score": 0.7265667328878453,
        "num_samples": 162,
        "fit_time": 37,
        "score_time": 40,
        "time": 77,
        "parameters": {
            "C": 1.0,
            "penalty": "l2"
        },
        "done_at": 1761374536499,
        "split_id": 2
    },
    {
        "test_score_gib": 0.7396137026239067,
        "train_score": 0.8322096022444454,
        "test_score": 0.7396137026239067,
        "num_samples": 161,
        "fit_time": 14,
        "score_time": 56,
        "time": 70,
        "parameters": {
            "C": 1.0,
            "penalty": "l2"
        },
        "done_at": 1761374536518,
        "split_id": 3
    },
    {
        "test_score_gib": 0.8039358600583091,
        "train_score": 0.8127517082220915,
        "test_score": 0.8039358600583091,
        "num_samples": 161,
        "fit_time": 48,
        "score_time": 32,
        "time": 80,
        "parameters": {
            "C": 1.0,
            "penalty": "l2"
        },
        "done_at": 1761374536545,
        "split_id": 4
    },
    {
        "test_score_gib": 0.7762326169405817,
        "train_score": 0.8203628117913832,
        "test_score": 0.7762326169405817,
        "num_samples": 162,
        "fit_time": 21,
        "score_time": 11,
        "time": 32,
        "parameters": {
            "C": 100.0,
            "penalty": "l2"
        },
        "done_at": 1761374536532,
        "split_id": 0
    },
    {
        "test_score_gib": 0.766118836915297,
        "train_score": 0.824455782312925,
        "test_score": 0.766118836915297,
        "num_samples": 162,
        "fit_time": 40,
        "score_time": 17,
        "time": 57,
        "parameters": {
            "C": 100.0,
            "penalty": "l2"
        },
        "done_at": 1761374536564,
        "split_id": 1
    },
    {
        "test_score_gib": 0.7276503521762687,
        "train_score": 0.830532879818594,
        "test_score": 0.7276503521762687,
        "num_samples": 162,
        "fit_time": 34,
        "score_time": 14,
        "time": 48,
        "parameters": {
            "C": 100.0,
            "penalty": "l2"
        },
        "done_at": 1761374536568,
        "split_id": 2
    },
    {
        "test_score_gib": 0.7286807580174927,
        "train_score": 0.8358862391963437,
        "test_score": 0.7286807580174927,
        "num_samples": 161,
        "fit_time": 57,
        "score_time": 4,
        "time": 61,
        "parameters": {
            "C": 100.0,
            "penalty": "l2"
        },
        "done_at": 1761374536607,
        "split_id": 3
    },
    {
        "test_score_gib": 0.8004737609329445,
        "train_score": 0.8149124394768994,
        "test_score": 0.8004737609329445,
        "num_samples": 161,
        "fit_time": 17,
        "score_time": 7,
        "time": 24,
        "parameters": {
            "C": 100.0,
            "penalty": "l2"
        },
        "done_at": 1761374536572,
        "split_id": 4
    }
]