{
    "startedAt": 1761374536128,
    "gridSize": 5,
    "nThreads": 4,
    "nSplits": 5,
    "metric": "ROC_AUC",
    "timeout": null,
    "gridPoints": [
        {
            "finishedAt": 1761374536248,
            "score": 0.7755541395016782,
            "testScoreGibMean": 0.7755541395016782,
            "testScoreMean": 0.7755541395016782,
            "testScoreStd": 0.03822705331560405,
            "trainScoreMean": 0.8140566354420411,
            "trainScoreStd": 0.007719637035535639,
            "time": 205,
            "fitTimeMean": 20.0,
            "fitTimeStd": 2.9664793948382653,
            "scoreTimeMean": 21.0,
            "scoreTimeStd": 3.794733192202055,
            "parameters": {
                "C": 0.1,
                "penalty": "l2"
            }
        },
        {
            "finishedAt": 1761374536357,
            "score": 0.7616327581150747,
            "testScoreGibMean": 0.7616327581150747,
            "testScoreMean": 0.7616327581150747,
            "testScoreStd": 0.041012797139373336,
            "trainScoreMean": 0.788501821685404,
            "trainScoreStd": 0.01006504450006392,
            "time": 476,
            "fitTimeMean": 53.4,
            "fitTimeStd": 35.668473474484436,
            "scoreTimeMean": 41.8,
            "scoreTimeStd": 42.80841038861406,
            "parameters": {
                "C": 0.01,
                "penalty": "l2"
            }
        },
        {
            "finishedAt": 1761374536463,
            "score": 0.7623941470700258,
            "testScoreGibMean": 0.7623941470700258,
            "testScoreMean": 0.7623941470700258,
            "testScoreStd": 0.0272924925780405,
            "trainScoreMean": 0.8250923370709395,
            "trainScoreStd": 0.00718579639970469,
            "time": 248,
            "fitTimeMean": 30.4,
            "fitTimeStd": 7.4993333037010705,
            "scoreTimeMean": 19.2,
            "scoreTimeStd": 11.443775600735973,
            "parameters": {
                "C": 10.0,
                "penalty": "l2"
            }
        },
        {
            "finishedAt": 1761374536545,
            "score": 0.767322723304252,
            "testScoreGibMean": 0.767322723304252,
            "testScoreMean": 0.767322723304252,
            "testScoreStd": 0.030781055579688747,
            "trainScoreMean": 0.8225457107059636,
            "trainScoreStd": 0.006978706349841395,
            "time": 338,
            "fitTimeMean": 29.8,
            "fitTimeStd": 15.025311976794358,
            "scoreTimeMean": 37.8,
            "scoreTimeStd": 13.392535234226566,
            "parameters": {
                "C": 1.0,
                "penalty": "l2"
            }
        },
        {
            "finishedAt": 1761374536607,
            "score": 0.7598195174854311,
            "testScoreGibMean": 0.7598195174854311,
            "testScoreMean": 0.7598195174854311,
            "testScoreStd": 0.02814216147289977,
            "trainScoreMean": 0.8252296114379978,
            "trainScoreStd": 0.0073719715622963386,
            "time": 222,
            "fitTimeMean": 33.8,
            "fitTimeStd": 14.3024473430249,
            "scoreTimeMean": 10.6,
            "scoreTimeStd": 4.673328578219169,
            "parameters": {
                "C": 100.0,
                "penalty": "l2"
            }
        }
    ]
}