{
    "modelInputNRows": 808,
    "modelInputNCols": 51,
    "modelInputIsSparse": false,
    "modelInputMemory": 329664,
    "usedGridSearch": true,
    "gridSize": 5,
    "gridBestScore": 0.7755541395016782,
    "gridCells": [
        {
            "params": {
                "C": 0.1,
                "penalty": "l2"
            },
            "score": 0.7755541395016782,
            "scoreStd": 0.03822705331560405,
            "fitTime": 0.02,
            "fitTimeStd": 0.002966479394838265,
            "scoreTime": 0.021,
            "scoreTimeStd": 0.0037947331922020553
        },
        {
            "params": {
                "C": 0.01,
                "penalty": "l2"
            },
            "score": 0.7616327581150747,
            "scoreStd": 0.041012797139373336,
            "fitTime": 0.053399999999999996,
            "fitTimeStd": 0.03566847347448444,
            "scoreTime": 0.0418,
            "scoreTimeStd": 0.042808410388614056
        },
        {
            "params": {
                "C": 10.0,
                "penalty": "l2"
            },
            "score": 0.7623941470700258,
            "scoreStd": 0.0272924925780405,
            "fitTime": 0.0304,
            "fitTimeStd": 0.007499333303701071,
            "scoreTime": 0.0192,
            "scoreTimeStd": 0.011443775600735973
        },
        {
            "params": {
                "C": 1.0,
                "penalty": "l2"
            },
            "score": 0.767322723304252,
            "scoreStd": 0.030781055579688747,
            "fitTime": 0.0298,
            "fitTimeStd": 0.015025311976794358,
            "scoreTime": 0.0378,
            "scoreTimeStd": 0.013392535234226566
        },
        {
            "params": {
                "C": 100.0,
                "penalty": "l2"
            },
            "score": 0.7598195174854311,
            "scoreStd": 0.02814216147289977,
            "fitTime": 0.0338,
            "fitTimeStd": 0.0143024473430249,
            "scoreTime": 0.0106,
            "scoreTimeStd": 0.004673328578219169
        }
    ],
    "lmCoefficients": {
        "variables": [
            "gender_bin",
            "installment_rate",
            "duration",
            "management/self-employed/highly qualified employee/officer",
            "number_credits",
            "unemployed/unskilled - non-resident",
            "log_amount",
            "skilled employee/official",
            "people_liable",
            "payment_intensity",
            "amount",
            "unskilled - resident",
            "present_residence",
            "age",
            "dummy:purpose:domestic appliances",
            "dummy:purpose:car (new)",
            "dummy:purpose:radio/television",
            "dummy:purpose:car (used)",
            "dummy:purpose:others",
            "dummy:purpose:retraining",
            "dummy:purpose:education",
            "dummy:purpose:repairs",
            "dummy:purpose:furniture/equipment",
            "dummy:housing:own",
            "dummy:housing:rent",
            "dummy:other_debtors:none",
            "dummy:other_debtors:guarantor",
            "dummy:savings:... < 100 DM",
            "dummy:savings:unknown/no savings account",
            "dummy:savings:100 <= ... < 500 DM",
            "dummy:savings:500 <= ... < 1000 DM",
            "dummy:other_installment_plans:none",
            "dummy:other_installment_plans:bank",
            "dummy:telephone:no",
            "dummy:foreign_worker:yes",
            "dummy:employment_duration:1 <= ... < 4 years",
            "dummy:employment_duration:... >= 7 years",
            "dummy:employment_duration:4 <= ... < 7 years",
            "dummy:employment_duration:... < 1 year",
            "dummy:status:no checking account",
            "dummy:status:0 <= ... < 200 DM",
            "dummy:status:... < 100 DM"
        ],
        "coefs": [
            -0.14136061211884401,
            -0.2626570926255039,
            -0.39148793706384366,
            -0.09210857154122859,
            0.05273178654581388,
            0.031341599799821804,
            0.20253410878720982,
            -0.009617117137868928,
            -0.04736539618280207,
            -0.13262356588889487,
            -0.35072468782916755,
            0.11138426964981435,
            0.019011218075054924,
            0.09185908497327475,
            0.21695977210294304,
            -0.471873766501211,
            0.02180835117119855,
            0.5125823204824974,
            -0.04829580701093636,
            -0.16739853827962767,
            -0.1696771416842631,
            -0.01675947918326078,
            0.08562416025217166,
            0.3431643183475665,
            -0.09588258640687107,
            0.028890068653529936,
            0.23889498522396915,
            -0.36794778933279637,
            0.2736903752211106,
            -0.20175074708213506,
            -0.05533731649179377,
            0.35716690650454186,
            -0.16896637352153537,
            -0.15930434681782274,
            -0.23782772064850335,
            -0.09903582605455694,
            0.09712206876398857,
            0.4820601629533322,
            -0.1774240397744319,
            0.9074106351030924,
            -0.2866523439364586,
            -0.5845951513839751
        ],
        "interceptStderr": null,
        "interceptTstat": null,
        "interceptPvalue": null,
        "interceptCoef": 0.04100018077053735,
        "rescaledCoefs": [
            -0.30462399730645945,
            -0.23459659387223009,
            -0.03237997480809084,
            -0.09210857154122859,
            0.09086896386970376,
            0.031341599799821804,
            0.26066658535238035,
            -0.009617117137868928,
            -0.13404112771727042,
            -0.0008136034585538073,
            -0.00012254122306253965,
            0.11138426964981435,
            0.01720144590020961,
            0.008130236146596782,
            0.21695977210294304,
            -0.471873766501211,
            0.02180835117119855,
            0.5125823204824974,
            -0.04829580701093636,
            -0.16739853827962767,
            -0.1696771416842631,
            -0.01675947918326078,
            0.08562416025217166,
            0.3431643183475665,
            -0.09588258640687107,
            0.028890068653529936,
            0.23889498522396915,
            -0.36794778933279637,
            0.2736903752211106,
            -0.20175074708213506,
            -0.05533731649179377,
            0.35716690650454186,
            -0.16896637352153537,
            -0.15930434681782274,
            -0.23782772064850335,
            -0.09903582605455694,
            0.09712206876398857,
            0.4820601629533322,
            -0.1774240397744319,
            0.9074106351030924,
            -0.2866523439364586,
            -0.5845951513839751
        ],
        "rescaledInterceptCoef": -0.2886175305038478
    },
    "probaAware": true
}