{
    "metrics": {},
    "processed_feature_names": [
        "gender_bin",
        "installment_rate",
        "duration",
        "management/self-employed/highly qualified employee/officer",
        "number_credits",
        "unemployed/unskilled - non-resident",
        "log_amount",
        "skilled employee/official",
        "people_liable",
        "payment_intensity",
        "amount",
        "unskilled - resident",
        "present_residence",
        "age",
        "dummy:purpose:domestic appliances",
        "dummy:purpose:car (new)",
        "dummy:purpose:radio/television",
        "dummy:purpose:car (used)",
        "dummy:purpose:others",
        "dummy:purpose:retraining",
        "dummy:purpose:education",
        "dummy:purpose:repairs",
        "dummy:purpose:furniture/equipment",
        "dummy:purpose:N/A",
        "dummy:housing:own",
        "dummy:housing:rent",
        "dummy:housing:N/A",
        "dummy:other_debtors:none",
        "dummy:other_debtors:guarantor",
        "dummy:other_debtors:N/A",
        "dummy:savings:... < 100 DM",
        "dummy:savings:unknown/no savings account",
        "dummy:savings:100 <= ... < 500 DM",
        "dummy:savings:500 <= ... < 1000 DM",
        "dummy:savings:N/A",
        "dummy:other_installment_plans:none",
        "dummy:other_installment_plans:bank",
        "dummy:other_installment_plans:N/A",
        "dummy:telephone:no",
        "dummy:telephone:N/A",
        "dummy:foreign_worker:yes",
        "dummy:foreign_worker:N/A",
        "dummy:employment_duration:1 <= ... < 4 years",
        "dummy:employment_duration:... >= 7 years",
        "dummy:employment_duration:4 <= ... < 7 years",
        "dummy:employment_duration:... < 1 year",
        "dummy:employment_duration:N/A",
        "dummy:status:no checking account",
        "dummy:status:0 <= ... < 200 DM",
        "dummy:status:... < 100 DM",
        "dummy:status:N/A"
    ],
    "optimalThreshold": 0.275,
    "usedThreshold": 0.275,
    "perCutData": {
        "cut": [
            0.0,
            0.025,
            0.05,
            0.075,
            0.1,
            0.125,
            0.15,
            0.175,
            0.2,
            0.225,
            0.25,
            0.275,
            0.3,
            0.325,
            0.35,
            0.375,
            0.4,
            0.425,
            0.45,
            0.475,
            0.5,
            0.525,
            0.55,
            0.575,
            0.6,
            0.625,
            0.65,
            0.675,
            0.7,
            0.725,
            0.75,
            0.775,
            0.8,
            0.825,
            0.85,
            0.875,
            0.9,
            0.925,
            0.95,
            0.975
        ],
        "tp": [
            137,
            137,
            137,
            137,
            137,
            136,
            136,
            136,
            135,
            133,
            131,
            128,
            119,
            115,
            114,
            112,
            110,
            107,
            99,
            92,
            84,
            79,
            77,
            75,
            71,
            65,
            61,
            56,
            50,
            42,
            39,
            33,
            31,
            22,
            18,
            8,
            5,
            4,
            1,
            0
        ],
        "tn": [
            0,
            0,
            0,
            0,
            1,
            3,
            6,
            8,
            13,
            18,
            20,
            25,
            26,
            32,
            35,
            38,
            39,
            41,
            43,
            44,
            46,
            47,
            48,
            49,
            49,
            49,
            50,
            51,
            53,
            53,
            54,
            55,
            55,
            55,
            55,
            55,
            55,
            55,
            55,
            55
        ],
        "fp": [
            55,
            55,
            55,
            55,
            54,
            52,
            49,
            47,
            42,
            37,
            35,
            30,
            29,
            23,
            20,
            17,
            16,
            14,
            12,
            11,
            9,
            8,
            7,
            6,
            6,
            6,
            5,
            4,
            2,
            2,
            1,
            0,
            0,
            0,
            0,
            0,
            0,
            0,
            0,
            0
        ],
        "fn": [
            0,
            0,
            0,
            0,
            0,
            1,
            1,
            1,
            2,
            4,
            6,
            9,
            18,
            22,
            23,
            25,
            27,
            30,
            38,
            45,
            53,
            58,
            60,
            62,
            66,
            72,
            76,
            81,
            87,
            95,
            98,
            104,
            106,
            115,
            119,
            129,
            132,
            133,
            136,
            137
        ],
        "precision": [
            0.7135416666666666,
            0.7135416666666666,
            0.7135416666666666,
            0.7135416666666666,
            0.7172774869109948,
            0.723404255319149,
            0.7351351351351352,
            0.7431693989071039,
            0.7627118644067796,
            0.7823529411764706,
            0.7891566265060241,
            0.810126582278481,
            0.8040540540540541,
            0.8333333333333334,
            0.8507462686567164,
            0.8682170542635659,
            0.873015873015873,
            0.8842975206611571,
            0.8918918918918919,
            0.8932038834951457,
            0.9032258064516129,
            0.9080459770114943,
            0.9166666666666666,
            0.9259259259259259,
            0.922077922077922,
            0.9154929577464789,
            0.9242424242424242,
            0.9333333333333333,
            0.9615384615384616,
            0.9545454545454546,
            0.975,
            1.0,
            1.0,
            1.0,
            1.0,
            1.0,
            1.0,
            1.0,
            1.0,
            0.0
        ],
        "recall": [
            1.0,
            1.0,
            1.0,
            1.0,
            1.0,
            0.9927007299270073,
            0.9927007299270073,
            0.9927007299270073,
            0.9854014598540146,
            0.9708029197080292,
            0.9562043795620438,
            0.9343065693430657,
            0.8686131386861314,
            0.8394160583941606,
            0.8321167883211679,
            0.8175182481751825,
            0.8029197080291971,
            0.781021897810219,
            0.7226277372262774,
            0.6715328467153284,
            0.6131386861313869,
            0.5766423357664233,
            0.5620437956204379,
            0.5474452554744526,
            0.5182481751824818,
            0.4744525547445255,
            0.44525547445255476,
            0.40875912408759124,
            0.36496350364963503,
            0.30656934306569344,
            0.2846715328467153,
            0.24087591240875914,
            0.22627737226277372,
            0.16058394160583941,
            0.13138686131386862,
            0.058394160583941604,
            0.0364963503649635,
            0.029197080291970802,
            0.0072992700729927005,
            0.0
        ],
        "accuracy": [
            0.7135416666666666,
            0.7135416666666666,
            0.7135416666666666,
            0.7135416666666666,
            0.71875,
            0.7239583333333334,
            0.7395833333333334,
            0.75,
            0.7708333333333334,
            0.7864583333333334,
            0.7864583333333334,
            0.796875,
            0.7552083333333334,
            0.765625,
            0.7760416666666666,
            0.78125,
            0.7760416666666666,
            0.7708333333333334,
            0.7395833333333334,
            0.7083333333333334,
            0.6770833333333334,
            0.65625,
            0.6510416666666666,
            0.6458333333333334,
            0.625,
            0.59375,
            0.578125,
            0.5572916666666666,
            0.5364583333333334,
            0.4947916666666667,
            0.484375,
            0.4583333333333333,
            0.4479166666666667,
            0.4010416666666667,
            0.3802083333333333,
            0.328125,
            0.3125,
            0.3072916666666667,
            0.2916666666666667,
            0.2864583333333333
        ],
        "f1": [
            0.8328267477203648,
            0.8328267477203648,
            0.8328267477203648,
            0.8328267477203648,
            0.8353658536585367,
            0.836923076923077,
            0.84472049689441,
            0.8500000000000001,
            0.8598726114649682,
            0.8664495114006515,
            0.8646864686468647,
            0.8677966101694915,
            0.8350877192982457,
            0.8363636363636363,
            0.8413284132841329,
            0.8421052631578947,
            0.8365019011406843,
            0.8294573643410854,
            0.7983870967741936,
            0.7666666666666666,
            0.7304347826086957,
            0.7053571428571428,
            0.6968325791855204,
            0.6880733944954128,
            0.6635514018691588,
            0.625,
            0.6009852216748769,
            0.5685279187817259,
            0.5291005291005291,
            0.46408839779005523,
            0.4406779661016949,
            0.38823529411764707,
            0.369047619047619,
            0.27672955974842767,
            0.23225806451612904,
            0.1103448275862069,
            0.0704225352112676,
            0.05673758865248227,
            0.014492753623188404,
            0.0
        ],
        "mcc": [
            0.0,
            0.0,
            0.0,
            0.0,
            0.11419898796805152,
            0.1495544876520158,
            0.2455380776747624,
            0.2955032771521292,
            0.37359629347843726,
            0.4230895731758877,
            0.42260506343994414,
            0.46053006746220104,
            0.3671741853600984,
            0.4235735872243993,
            0.4612821838155922,
            0.48955939992794917,
            0.4873751194682016,
            0.4930587979980082,
            0.4617982070780524,
            0.4275037842959819,
            0.4066441198887606,
            0.39161003059378213,
            0.39623309247210364,
            0.4012942588736667,
            0.3774310398959546,
            0.34217062538152676,
            0.3372969333800151,
            0.3277626650513392,
            0.3343053465811839,
            0.2906557703705911,
            0.29666771767702715,
            0.28865525544080417,
            0.2780282781369634,
            0.22793338537080324,
            0.2037899156623019,
            0.13211652531573892,
            0.10360608425945601,
            0.09242131259394233,
            0.04584630903826886,
            0.0
        ],
        "hammingLoss": [
            0.28645833333333337,
            0.28645833333333337,
            0.28645833333333337,
            0.28645833333333337,
            0.28125,
            0.27604166666666663,
            0.26041666666666663,
            0.25,
            0.22916666666666663,
            0.21354166666666663,
            0.21354166666666663,
            0.203125,
            0.24479166666666663,
            0.234375,
            0.22395833333333337,
            0.21875,
            0.22395833333333337,
            0.22916666666666663,
            0.26041666666666663,
            0.29166666666666663,
            0.32291666666666663,
            0.34375,
            0.34895833333333337,
            0.35416666666666663,
            0.375,
            0.40625,
            0.421875,
            0.44270833333333337,
            0.46354166666666663,
            0.5052083333333333,
            0.515625,
            0.5416666666666667,
            0.5520833333333333,
            0.5989583333333333,
            0.6197916666666667,
            0.671875,
            0.6875,
            0.6927083333333333,
            0.7083333333333333,
            0.7135416666666667
        ],
        "assertionsMetrics": [],
        "overridesMetrics": []
    },
    "tiMetrics": {
        "auc": 0.8244193762441938,
        "logLoss": 0.5592842515823245,
        "lift": 1.2908182865923934,
        "averagePrecision": 0.9194620736086724,
        "calibrationLoss": 0.19977868242975938
    },
    "probaPercentiles": [
        0.11812271683835707,
        0.13490018044908228,
        0.14239946960060548,
        0.16406903391919125,
        0.18412437588971067,
        0.19006679537931379,
        0.1981365262411395,
        0.20340587864010495,
        0.21383950339425,
        0.21529770655349242,
        0.2220181854278149,
        0.2351881840184363,
        0.2442525254607635,
        0.2521173261060537,
        0.26030394236869453,
        0.2638501489053003,
        0.267571839170912,
        0.27809069751012505,
        0.28488839164000684,
        0.2892104409343045,
        0.2898149054303547,
        0.29248946001238907,
        0.30396708266408656,
        0.3052196019963385,
        0.3082697292306748,
        0.31429872994981295,
        0.3189416907391092,
        0.3251493264174349,
        0.34147005282829607,
        0.348188515856114,
        0.35426354374579494,
        0.35856204692870325,
        0.3811707219351168,
        0.39173261493308636,
        0.410113030432484,
        0.4236738605482443,
        0.42547205885826445,
        0.4269000739970023,
        0.43708614293067993,
        0.4388328312093048,
        0.4415306644335432,
        0.4478560364118507,
        0.4545571673918892,
        0.45904489398142234,
        0.469969997718112,
        0.47380059861011536,
        0.47887524737121345,
        0.48025414595841404,
        0.4896553715929304,
        0.49309001573233224,
        0.49644515231283304,
        0.5052860703578819,
        0.511035722378399,
        0.5140883795507888,
        0.5318709127599216,
        0.5457506939782111,
        0.5667878276860806,
        0.5742994861149897,
        0.5779562403490958,
        0.5965718682057453,
        0.6136315401226519,
        0.6181865813428026,
        0.6259725424034804,
        0.6389615359768336,
        0.6474504210595117,
        0.6550178363365169,
        0.6621031854879103,
        0.6666903067582003,
        0.6742243863226396,
        0.6767793156164021,
        0.6799983637674847,
        0.6865355446630149,
        0.6976792835356596,
        0.7079628380938684,
        0.7143576098626157,
        0.7177755269284791,
        0.7222765841848612,
        0.7284366851183615,
        0.741199416743789,
        0.7505263551818669,
        0.7581617523160404,
        0.7611855665614051,
        0.778286072438765,
        0.7985050431747935,
        0.804808293349765,
        0.8104958492862782,
        0.8153770760937487,
        0.8238729865625395,
        0.8277781911525468,
        0.8341740141561921,
        0.8502040583155196,
        0.8539043809491079,
        0.8547904353338223,
        0.8567141312978696,
        0.863417270005261,
        0.876025806461335,
        0.8903555990379683,
        0.906434547942265,
        0.9396039817716623
    ],
    "rocVizData": [
        [
            {
                "x": 0.0,
                "y": 0.0,
                "p": 1.9542598161585867
            },
            {
                "x": 0.0,
                "y": 0.24087591240875914,
                "p": 0.783005541701832
            },
            {
                "x": 0.01818181818181818,
                "y": 0.2846715328467153,
                "p": 0.7501267416840999
            },
            {
                "x": 0.03636363636363636,
                "y": 0.40875912408759124,
                "p": 0.677198259177071
            },
            {
                "x": 0.07272727272727272,
                "y": 0.4233576642335766,
                "p": 0.6671448353632844
            },
            {
                "x": 0.10909090909090909,
                "y": 0.44525547445255476,
                "p": 0.6479927951619637
            },
            {
                "x": 0.10909090909090909,
                "y": 0.5474452554744526,
                "p": 0.5754108207399619
            },
            {
                "x": 0.14545454545454545,
                "y": 0.5766423357664233,
                "p": 0.5318563792937073
            },
            {
                "x": 0.16363636363636364,
                "y": 0.6131386861313869,
                "p": 0.5046989278574282
            },
            {
                "x": 0.18181818181818182,
                "y": 0.6715328467153284,
                "p": 0.47926348442219613
            },
            {
                "x": 0.21818181818181817,
                "y": 0.7007299270072993,
                "p": 0.4586492403916087
            },
            {
                "x": 0.21818181818181817,
                "y": 0.7664233576642335,
                "p": 0.4376635421375286
            },
            {
                "x": 0.2545454545454545,
                "y": 0.781021897810219,
                "p": 0.42619778101642436
            },
            {
                "x": 0.2909090909090909,
                "y": 0.8029197080291971,
                "p": 0.4001583394252325
            },
            {
                "x": 0.32727272727272727,
                "y": 0.8175182481751825,
                "p": 0.3621007630256158
            },
            {
                "x": 0.38181818181818183,
                "y": 0.8321167883211679,
                "p": 0.3466241506318776
            },
            {
                "x": 0.43636363636363634,
                "y": 0.8394160583941606,
                "p": 0.31974777192284565
            },
            {
                "x": 0.4727272727272727,
                "y": 0.8686131386861314,
                "p": 0.3056144126880847
            },
            {
                "x": 0.5272727272727272,
                "y": 0.8686131386861314,
                "p": 0.30457570917677845
            },
            {
                "x": 0.5272727272727272,
                "y": 0.9197080291970803,
                "p": 0.28763680970110217
            },
            {
                "x": 0.6181818181818182,
                "y": 0.9343065693430657,
                "p": 0.2628681431182099
            },
            {
                "x": 0.6727272727272727,
                "y": 0.9635036496350365,
                "p": 0.23573712333775562
            },
            {
                "x": 0.8545454545454545,
                "y": 0.9854014598540146,
                "p": 0.18439998980093966
            },
            {
                "x": 0.9636363636363636,
                "y": 0.9927007299270073,
                "p": 0.11986240898959069
            },
            {
                "x": 1.0,
                "y": 1.0,
                "p": 0.0894560131399631
            }
        ]
    ],
    "liftVizData": {
        "bins": [
            {
                "bin_pos_prop": 1.0,
                "bin_lift": 1.401459854,
                "cum_lift": 0.1459854015,
                "cum_size": 0.1041666667,
                "bin_min": 0.8341740142,
                "bin_max": 0.9542598162,
                "percentile_idx": 0
            },
            {
                "bin_pos_prop": 0.9473684211,
                "bin_lift": 1.3276988091,
                "cum_lift": 0.2773722628,
                "cum_size": 0.203125,
                "bin_min": 0.7505263552,
                "bin_max": 0.8341740142,
                "percentile_idx": 1
            },
            {
                "bin_pos_prop": 0.9473684211,
                "bin_lift": 1.3276988091,
                "cum_lift": 0.4087591241,
                "cum_size": 0.3020833333,
                "bin_min": 0.6767793156,
                "bin_max": 0.7505263552,
                "percentile_idx": 2
            },
            {
                "bin_pos_prop": 0.7894736842,
                "bin_lift": 1.1064156742,
                "cum_lift": 0.5182481752,
                "cum_size": 0.4010416667,
                "bin_min": 0.5965718682,
                "bin_max": 0.6767793156,
                "percentile_idx": 3
            },
            {
                "bin_pos_prop": 0.7894736842,
                "bin_lift": 1.1064156742,
                "cum_lift": 0.6277372263,
                "cum_size": 0.5,
                "bin_min": 0.4930900157,
                "bin_max": 0.5965718682,
                "percentile_idx": 4
            },
            {
                "bin_pos_prop": 0.8947368421,
                "bin_lift": 1.2539377641,
                "cum_lift": 0.7518248175,
                "cum_size": 0.5989583333,
                "bin_min": 0.4388328312,
                "bin_max": 0.4930900157,
                "percentile_idx": 5
            },
            {
                "bin_pos_prop": 0.5789473684,
                "bin_lift": 0.8113714944,
                "cum_lift": 0.8321167883,
                "cum_size": 0.6979166667,
                "bin_min": 0.3481885159,
                "bin_max": 0.4388328312,
                "percentile_idx": 6
            },
            {
                "bin_pos_prop": 0.5263157895,
                "bin_lift": 0.7376104495,
                "cum_lift": 0.9051094891,
                "cum_size": 0.796875,
                "bin_min": 0.2892104409,
                "bin_max": 0.3481885159,
                "percentile_idx": 7
            },
            {
                "bin_pos_prop": 0.5263157895,
                "bin_lift": 0.7376104495,
                "cum_lift": 0.9781021898,
                "cum_size": 0.8958333333,
                "bin_min": 0.2152977066,
                "bin_max": 0.2892104409,
                "percentile_idx": 8
            },
            {
                "bin_pos_prop": 0.15,
                "bin_lift": 0.2102189781,
                "cum_lift": 1.0,
                "cum_size": 1.0,
                "bin_min": 0.0894560131,
                "bin_max": 0.2152977066,
                "percentile_idx": 9
            }
        ],
        "wizard": {
            "positives": 137,
            "total": 192
        }
    },
    "prVizData": [
        {
            "bins": [
                {
                    "x": 1.0,
                    "y": 0.7135416666666666,
                    "p": 0.0894560131399631
                },
                {
                    "x": 0.9854014598540146,
                    "y": 0.7458563535911602,
                    "p": 0.18476834560678201
                },
                {
                    "x": 0.9708029197080292,
                    "y": 0.7823529411764706,
                    "p": 0.2288753818462642
                },
                {
                    "x": 0.9343065693430657,
                    "y": 0.7901234567901234,
                    "p": 0.2628681431182099
                },
                {
                    "x": 0.9051094890510949,
                    "y": 0.8104575163398693,
                    "p": 0.28936757807551033
                },
                {
                    "x": 0.8686131386861314,
                    "y": 0.8206896551724138,
                    "p": 0.3056144126880847
                },
                {
                    "x": 0.8394160583941606,
                    "y": 0.8394160583941606,
                    "p": 0.3385058612065143
                },
                {
                    "x": 0.8175182481751825,
                    "y": 0.8682170542635659,
                    "p": 0.38105417034279476
                },
                {
                    "x": 0.7883211678832117,
                    "y": 0.8852459016393442,
                    "p": 0.42399862296139423
                },
                {
                    "x": 0.7518248175182481,
                    "y": 0.8956521739130435,
                    "p": 0.43906296196462424
                },
                {
                    "x": 0.7007299270072993,
                    "y": 0.8888888888888888,
                    "p": 0.4586492403916087
                },
                {
                    "x": 0.6642335766423357,
                    "y": 0.900990099009901,
                    "p": 0.4795709456607171
                },
                {
                    "x": 0.6131386861313869,
                    "y": 0.8936170212765957,
                    "p": 0.49696786225983197
                },
                {
                    "x": 0.5766423357664233,
                    "y": 0.9080459770114943,
                    "p": 0.5318563792937073
                },
                {
                    "x": 0.5474452554744526,
                    "y": 0.9259259259259259,
                    "p": 0.5754108207399619
                },
                {
                    "x": 0.49635036496350365,
                    "y": 0.918918918918919,
                    "p": 0.6171943735796295
                },
                {
                    "x": 0.44525547445255476,
                    "y": 0.9104477611940298,
                    "p": 0.6479927951619637
                },
                {
                    "x": 0.4233576642335766,
                    "y": 0.9354838709677419,
                    "p": 0.6671448353632844
                },
                {
                    "x": 0.40145985401459855,
                    "y": 0.9649122807017544,
                    "p": 0.6787080958977104
                },
                {
                    "x": 0.35036496350364965,
                    "y": 0.96,
                    "p": 0.7137493193350752
                },
                {
                    "x": 0.29927007299270075,
                    "y": 0.9534883720930233,
                    "p": 0.728453105312436
                },
                {
                    "x": 0.27007299270072993,
                    "y": 0.9736842105263158,
                    "p": 0.7550465396295455
                },
                {
                    "x": 0.24087591240875914,
                    "y": 1.0,
                    "p": 0.783005541701832
                },
                {
                    "x": 0.1897810218978102,
                    "y": 1.0,
                    "p": 0.8147308113023027
                },
                {
                    "x": 0.1386861313868613,
                    "y": 1.0,
                    "p": 0.8438661259590547
                },
                {
                    "x": 0.08759124087591241,
                    "y": 1.0,
                    "p": 0.8572516717542763
                },
                {
                    "x": 0.0364963503649635,
                    "y": 1.0,
                    "p": 0.9007853708293333
                },
                {
                    "x": 0.0072992700729927005,
                    "y": 1.0,
                    "p": 0.9542598161585867
                }
            ],
            "positiveRate": 0.7135416666666666
        }
    ],
    "densityData": {
        "0": {
            "actualIsThisClass": [
                0.002301670749950929,
                0.003307359442451154,
                0.0046839899587346745,
                0.0065388153882002635,
                0.008998885959142916,
                0.012210943278145998,
                0.016339975412163775,
                0.021566182997663268,
                0.02808020060764978,
                0.03607655038787127,
                0.04574546536671227,
                0.057263389882982095,
                0.07078262174884589,
                0.08642068192380285,
                0.10425006374837598,
                0.12428901541283655,
                0.14649394908330546,
                0.17075396398129766,
                0.1968878451585888,
                0.2246437853277501,
                0.25370199997063714,
                0.2836803785659006,
                0.3141433293753474,
                0.34461400184182195,
                0.3745900617032569,
                0.40356309535089674,
                0.43104148697697103,
                0.4565762260169401,
                0.47978858404818964,
                0.5003980151133629,
                0.5182480859059075,
                0.5333278589975436,
                0.5457860563267406,
                0.5559356118139744,
                0.564246913032237,
                0.5713290898456155,
                0.5779000149583434,
                0.5847470592570765,
                0.5926818842932411,
                0.6024934518018343,
                0.6149038259798372,
                0.6305311524382567,
                0.6498634229378266,
                0.6732453723855355,
                0.700879273670703,
                0.7328387123871044,
                0.7690928645364615,
                0.8095375707313628,
                0.8540287547527255,
                0.902413558877263,
                0.9545549743595632,
                1.0103466721706937,
                1.0697160651997524,
                1.1326151928418395,
                1.199000621113846,
                1.268804999988223,
                1.3419040338539803,
                1.4180832559036207,
                1.4970090620851093,
                1.5782079337662591,
                1.6610567175060797,
                1.7447853703420395,
                1.8284919206182857,
                1.9111677796482949,
                1.9917302165901436,
                2.0690579912996614,
                2.1420259671065303,
                2.2095350332386263,
                2.270534774321595,
                2.324037843341515,
                2.369126657973944,
                2.4049545502448106,
                2.430744581592252,
                2.445789690399424,
                2.449457581230458,
                2.4412028381368156,
                2.4205873126479527,
                2.3873081524204838,
                2.341231190288809,
                2.282426081988209,
                2.2111987768909334,
                2.1281167453617598,
                2.034022874445273,
                1.9300349846877094,
                1.8175293436063182,
                1.6981081450331825,
                1.573552476457631,
                1.4457636277431176,
                1.3166965755713653,
                1.1882900406120258,
                1.0623976480900394,
                0.940724462744351,
                0.8247725832541287,
                0.7157986532556164,
                0.6147851659171102,
                0.5224263945261268,
                0.4391287541767262,
                0.36502446212138145,
                0.2999965785044842,
                0.243712923454426
            ],
            "actualIsNotThisClass": [
                0.30233793475486065,
                0.3544692981520751,
                0.41167444545807635,
                0.473674294025173,
                0.5400268787819951,
                0.6101253632502505,
                0.6832049389313682,
                0.7583596257573897,
                0.8345692731126335,
                0.9107361469574131,
                0.9857294539480591,
                1.0584351182039826,
                1.1278072372968033,
                1.1929170531772797,
                1.2529951118959226,
                1.3074626358197539,
                1.355949006739436,
                1.3982935903331386,
                1.4345317766711136,
                1.464866862282334,
                1.4896310207621772,
                1.5092398716381823,
                1.5241458761916784,
                1.534795854428147,
                1.5415973134194219,
                1.544897084017996,
                1.5449741431009774,
                1.5420466701375908,
                1.536291588877438,
                1.527873301288431,
                1.5169772101880745,
                1.5038430623560266,
                1.488793164755064,
                1.4722511025882623,
                1.4547476323272397,
                1.4369118098448928,
                1.4194469975411164,
                1.4030930248010214,
                1.3885773103029329,
                1.3765590634356366,
                1.3675716536028202,
                1.3619687787122547,
                1.3598801097073503,
                1.3611815985828999,
                1.3654846130666745,
                1.3721465488892295,
                1.3803036700231988,
                1.3889247917272,
                1.3968822502497171,
                1.4030346262031652,
                1.4063141409528588,
                1.4058107374258346,
                1.400844743510642,
                1.3910207700923296,
                1.3762570886202985,
                1.3567870312491102,
                1.333131730564353,
                1.3060464646803007,
                1.2764456602759184,
                1.2453139009692578,
                1.2136118116703092,
                1.1821862498441327,
                1.151693755823235,
                1.122544747284805,
                1.0948736603070988,
                1.0685374134760026,
                1.043141539247633,
                1.0180904455552537,
                0.9926558718234391,
                0.9660559501353424,
                0.9375365367722703,
                0.9064466860017739,
                0.8723012219976936,
                0.8348251476070759,
                0.793976857061624,
                0.7499495032909924,
                0.7031521221434953,
                0.6541739888119041,
                0.6037369982419509,
                0.5526415288464211,
                0.5017112636802776,
                0.4517418809494155,
                0.40345752225557757,
                0.3574776736555024,
                0.31429573168117764,
                0.2742692390208704,
                0.23762069392971966,
                0.20444704985764514,
                0.17473556475206647,
                0.14838352511732636,
                0.1252195136022903,
                0.10502424134673798,
                0.08754944664488198,
                0.07253388943815957,
                0.05971597708411853,
                0.04884298841309425,
                0.03967718836543818,
                0.03199933283620608,
                0.025610158462980887,
                0.02033045344601855
            ],
            "actualIsThisClassMedian": 0.6950720831495667,
            "actualIsNotThisClassMedian": 0.38325011424692257
        },
        "1": {
            "actualIsThisClass": [
                0.020330453446018523,
                0.0256101584629809,
                0.03199933283620608,
                0.03967718836543824,
                0.04884298841309431,
                0.05971597708411864,
                0.07253388943815961,
                0.08754944664488205,
                0.10502424134673803,
                0.12521951360229036,
                0.1483835251173269,
                0.17473556475206656,
                0.20444704985764542,
                0.23762069392971966,
                0.2742692390208704,
                0.3142957316811778,
                0.3574776736555026,
                0.4034575222555779,
                0.4517418809494155,
                0.5017112636802776,
                0.5526415288464216,
                0.6037369982419519,
                0.6541739888119041,
                0.7031521221434965,
                0.7499495032909937,
                0.793976857061624,
                0.8348251476070737,
                0.8723012219976912,
                0.9064466860017747,
                0.9375365367722694,
                0.9660559501353458,
                0.9926558718234408,
                1.0180904455552529,
                1.043141539247634,
                1.0685374134760035,
                1.0948736603071036,
                1.1225447472848038,
                1.151693755823237,
                1.1821862498441316,
                1.2136118116703103,
                1.2453139009692566,
                1.2764456602759184,
                1.3060464646802983,
                1.3331317305643506,
                1.3567870312491102,
                1.3762570886202972,
                1.391020770092332,
                1.400844743510642,
                1.4058107374258333,
                1.4063141409528601,
                1.4030346262031628,
                1.3968822502497158,
                1.3889247917272025,
                1.3803036700231988,
                1.372146548889233,
                1.3654846130666722,
                1.361181598582901,
                1.3598801097073552,
                1.3619687787122536,
                1.3675716536028202,
                1.3765590634356366,
                1.3885773103029353,
                1.4030930248010227,
                1.4194469975411164,
                1.4369118098448914,
                1.4547476323272397,
                1.4722511025882647,
                1.488793164755064,
                1.5038430623560266,
                1.5169772101880732,
                1.527873301288431,
                1.536291588877434,
                1.5420466701375908,
                1.544974143100983,
                1.544897084017996,
                1.5415973134194163,
                1.5347958544281415,
                1.5241458761916757,
                1.5092398716381823,
                1.4896310207621826,
                1.4648668622823366,
                1.434531776671115,
                1.398293590333141,
                1.355949006739431,
                1.3074626358197503,
                1.2529951118959248,
                1.1929170531772755,
                1.1278072372968053,
                1.0584351182039853,
                0.9857294539480609,
                0.9107361469574116,
                0.8345692731126335,
                0.7583596257573877,
                0.683204938931367,
                0.6101253632502494,
                0.5400268787819945,
                0.4736742940251734,
                0.41167444545807563,
                0.3544692981520745,
                0.3023379347548613
            ],
            "actualIsNotThisClass": [
                0.24371292345442577,
                0.2999965785044843,
                0.3650244621213818,
                0.4391287541767262,
                0.5224263945261276,
                0.6147851659171113,
                0.7157986532556164,
                0.824772583254129,
                0.9407244627443505,
                1.0623976480900394,
                1.1882900406120258,
                1.3166965755713653,
                1.4457636277431176,
                1.573552476457631,
                1.698108145033181,
                1.8175293436063167,
                1.9300349846877076,
                2.034022874445273,
                2.1281167453617638,
                2.2111987768909334,
                2.282426081988205,
                2.3412311902888114,
                2.3873081524204793,
                2.4205873126479505,
                2.44120283813682,
                2.449457581230458,
                2.445789690399426,
                2.430744581592252,
                2.404954550244815,
                2.3691266579739456,
                2.324037843341511,
                2.270534774321595,
                2.2095350332386245,
                2.142025967106532,
                2.0690579912996614,
                1.9917302165901436,
                1.9111677796482949,
                1.8284919206182857,
                1.7447853703420364,
                1.661056717506081,
                1.5782079337662605,
                1.4970090620851093,
                1.4180832559036194,
                1.3419040338539803,
                1.268804999988223,
                1.199000621113846,
                1.1326151928418384,
                1.0697160651997533,
                1.0103466721706937,
                0.9545549743595632,
                0.9024135588772638,
                0.8540287547527237,
                0.809537570731362,
                0.7690928645364612,
                0.7328387123871039,
                0.700879273670703,
                0.6732453723855348,
                0.6498634229378273,
                0.6305311524382567,
                0.6149038259798377,
                0.6024934518018343,
                0.5926818842932413,
                0.5847470592570763,
                0.5779000149583432,
                0.5713290898456155,
                0.5642469130322372,
                0.5559356118139747,
                0.5457860563267402,
                0.5333278589975434,
                0.5182480859059075,
                0.5003980151133625,
                0.47978858404818964,
                0.4565762260169399,
                0.4310414869769708,
                0.4035630953508966,
                0.3745900617032566,
                0.3446140018418218,
                0.3141433293753474,
                0.2836803785659006,
                0.25370199997063714,
                0.22464378532774998,
                0.1968878451585888,
                0.17075396398129744,
                0.14649394908330537,
                0.1242890154128366,
                0.1042500637483758,
                0.08642068192380285,
                0.0707826217488457,
                0.05726338988298204,
                0.045745465366712146,
                0.03607655038787122,
                0.02808020060764978,
                0.02156618299766323,
                0.01633997541216376,
                0.012210943278145954,
                0.008998885959142907,
                0.0065388153882002635,
                0.0046839899587346745,
                0.003307359442451154,
                0.002301670749950929
            ],
            "actualIsThisClassMedian": 0.6167498857530774,
            "actualIsNotThisClassMedian": 0.30492791685043324
        }
    },
    "calibrationData": [
        {
            "y": 0,
            "x": 0,
            "n": 0
        },
        {
            "y": 0.0,
            "x": 0.0894560131399631,
            "n": 1.0
        },
        {
            "y": 0.14285714285714285,
            "x": 0.15996149106012197,
            "n": 14.0
        },
        {
            "y": 0.5517241379310345,
            "x": 0.2553967376066574,
            "n": 29.0
        },
        {
            "y": 0.4090909090909091,
            "x": 0.3371013184176089,
            "n": 22.0
        },
        {
            "y": 0.7878787878787878,
            "x": 0.4552703892508433,
            "n": 33.0
        },
        {
            "y": 0.8125,
            "x": 0.5431419492222805,
            "n": 16.0
        },
        {
            "y": 0.84,
            "x": 0.6530342569610508,
            "n": 25.0
        },
        {
            "y": 0.9047619047619048,
            "x": 0.7396991501841297,
            "n": 21.0
        },
        {
            "y": 1.0,
            "x": 0.842290669780707,
            "n": 26.0
        },
        {
            "y": 1.0,
            "x": 0.9350770881323438,
            "n": 5.0
        },
        {
            "y": 1,
            "x": 1,
            "n": 0
        }
    ],
    "probaDistribData": {
        "bins": [
            0.0,
            0.1,
            0.2,
            0.3,
            0.4,
            0.5,
            0.6,
            0.7,
            0.8,
            0.9,
            1.0
        ],
        "probaDistribs": [
            [
                1.0,
                12.0,
                13.0,
                13.0,
                7.0,
                3.0,
                4.0,
                2.0,
                0.0,
                0.0
            ],
            [
                0.0,
                2.0,
                16.0,
                9.0,
                26.0,
                13.0,
                21.0,
                19.0,
                26.0,
                5.0
            ]
        ]
    },
    "globalMetrics": {
        "testWeight": 192,
        "targetAvg": [
            0.7135416666666666
        ],
        "targetStd": [
            0.45328811305619426
        ],
        "predictionAvg": [
            0.8229166666666666
        ],
        "predictionStd": [
            0.3817392125376811
        ]
    }
}