{
    "predictedClassCountPerCut": [
        {
            "1": 192
        },
        {
            "1": 192
        },
        {
            "1": 192
        },
        {
            "1": 192
        },
        {
            "1": 191,
            "0": 1
        },
        {
            "1": 188,
            "0": 4
        },
        {
            "1": 185,
            "0": 7
        },
        {
            "1": 183,
            "0": 9
        },
        {
            "1": 177,
            "0": 15
        },
        {
            "1": 170,
            "0": 22
        },
        {
            "1": 166,
            "0": 26
        },
        {
            "1": 158,
            "0": 34
        },
        {
            "1": 148,
            "0": 44
        },
        {
            "1": 138,
            "0": 54
        },
        {
            "1": 134,
            "0": 58
        },
        {
            "1": 129,
            "0": 63
        },
        {
            "1": 126,
            "0": 66
        },
        {
            "1": 121,
            "0": 71
        },
        {
            "1": 111,
            "0": 81
        },
        {
            "1": 103,
            "0": 89
        },
        {
            "0": 99,
            "1": 93
        },
        {
            "0": 105,
            "1": 87
        },
        {
            "0": 108,
            "1": 84
        },
        {
            "0": 111,
            "1": 81
        },
        {
            "0": 115,
            "1": 77
        },
        {
            "0": 121,
            "1": 71
        },
        {
            "0": 126,
            "1": 66
        },
        {
            "0": 132,
            "1": 60
        },
        {
            "0": 140,
            "1": 52
        },
        {
            "0": 148,
            "1": 44
        },
        {
            "0": 152,
            "1": 40
        },
        {
            "0": 159,
            "1": 33
        },
        {
            "0": 161,
            "1": 31
        },
        {
            "0": 170,
            "1": 22
        },
        {
            "0": 174,
            "1": 18
        },
        {
            "0": 184,
            "1": 8
        },
        {
            "0": 187,
            "1": 5
        },
        {
            "0": 188,
            "1": 4
        },
        {
            "0": 191,
            "1": 1
        },
        {
            "0": 192
        }
    ],
    "cuts": [
        0.0,
        0.025,
        0.05,
        0.075,
        0.1,
        0.125,
        0.15,
        0.175,
        0.2,
        0.225,
        0.25,
        0.275,
        0.3,
        0.325,
        0.35,
        0.375,
        0.4,
        0.425,
        0.45,
        0.475,
        0.5,
        0.525,
        0.55,
        0.575,
        0.6,
        0.625,
        0.65,
        0.675,
        0.7,
        0.725,
        0.75,
        0.775,
        0.8,
        0.825,
        0.85,
        0.875,
        0.9,
        0.925,
        0.95,
        0.975
    ],
    "predictedClassCount": {
        "1": 158,
        "0": 34
    },
    "probabilityDensities": {
        "0": {
            "density": [
                0.22392086173688402,
                0.2613001007754947,
                0.3022124314981598,
                0.3464786551564718,
                0.3938182109631139,
                0.44384931950900514,
                0.4960944628288809,
                0.5499915954045828,
                0.604911049552631,
                0.6601775829693294,
                0.715096463913774,
                0.7689819656805176,
                0.8211862211629389,
                0.8711261436133945,
                0.9183061104789142,
                0.962334366787854,
                1.0029316311473369,
                1.039931139710593,
                1.0732702628911506,
                1.1029747689102176,
                1.1291376658441814,
                1.1518952112894492,
                1.171403038971786,
                1.1878153542259897,
                1.2012697817646578,
                1.211879746019298,
                1.2197353085835927,
                1.2249122953158273,
                1.227488452319019,
                1.2275644105344385,
                1.2252865311827443,
                1.2208683354433232,
                1.214607237301755,
                1.2068936993615358,
                1.1982106755139983,
                1.1891222129793808,
                1.1802512538178793,
                1.1722478817557773,
                1.1657503800595894,
                1.1613423843841804,
                1.1595100334020294,
                1.1606032684699867,
                1.16480527328019,
                1.172113473983583,
                1.1823345769577023,
                1.1950948801624002,
                1.2098656633177938,
                1.2260019762111023,
                1.242791752283747,
                1.2595110258682594,
                1.275480260208543,
                1.29011650212755,
                1.3029763240630778,
                1.3137852946285187,
                1.322450973242766,
                1.3290580330949886,
                1.333845913112123,
                1.33717118803174,
                1.339458424651717,
                1.3411444797623415,
                1.3426218524090625,
                1.3441867534370404,
                1.3459969953318436,
                1.3480437060177362,
                1.3501393673687683,
                1.3519229553867549,
                1.3528812190952402,
                1.3523835787384766,
                1.3497269191752121,
                1.344185817771781,
                1.3350635294657482,
                1.3217393394974115,
                1.30370861060687,
                1.280612874659471,
                1.2522585015452863,
                1.218623669972562,
                1.1798544310977825,
                1.1362514945823612,
                1.0882499167857373,
                1.0363941152250968,
                0.9813105945894053,
                0.9236805006269062,
                0.8642136912487507,
                0.8036255079379429,
                0.742616919196459,
                0.6818582522971098,
                0.6219763724564173,
                0.5635449315198322,
                0.5070771934658598,
                0.45302093712511765,
                0.40175501133530667,
                0.35358724179402107,
                0.30875352857806665,
                0.26741809879574696,
                0.2296749675317624,
                0.19555069901843206,
                0.16500854585967437,
                0.1379539835282933,
                0.11424156392606571,
                0.09368290359171029
            ],
            "median": 0.5069099842676678
        },
        "1": {
            "density": [
                0.0936829035917102,
                0.1142415639260655,
                0.13795398352829344,
                0.1650085458596745,
                0.19555069901843172,
                0.2296749675317623,
                0.26741809879574646,
                0.30875352857806715,
                0.3535872417940208,
                0.40175501133530667,
                0.4530209371251201,
                0.5070771934658602,
                0.5635449315198332,
                0.6219763724564173,
                0.6818582522971111,
                0.7426169191964603,
                0.8036255079379436,
                0.8642136912487491,
                0.9236805006269079,
                0.9813105945894018,
                1.036394115225093,
                1.0882499167857391,
                1.1362514945823612,
                1.1798544310977814,
                1.218623669972561,
                1.2522585015452885,
                1.2806128746594665,
                1.30370861060687,
                1.321739339497415,
                1.335063529465753,
                1.3441858177717798,
                1.349726919175217,
                1.3523835787384755,
                1.3528812190952388,
                1.3519229553867562,
                1.3501393673687778,
                1.348043706017728,
                1.3459969953318425,
                1.344186753437038,
                1.3426218524090625,
                1.3411444797623342,
                1.339458424651718,
                1.33717118803174,
                1.3338459131121252,
                1.3290580330949933,
                1.3224509732427625,
                1.3137852946285173,
                1.3029763240630767,
                1.2901165021275467,
                1.2754802602085442,
                1.2595110258682594,
                1.2427917522837448,
                1.2260019762111003,
                1.2098656633177907,
                1.1950948801624013,
                1.1823345769577012,
                1.1721134739835841,
                1.1648052732801837,
                1.1606032684699856,
                1.1595100334020272,
                1.1613423843841795,
                1.1657503800595894,
                1.1722478817557753,
                1.1802512538178813,
                1.1891222129793808,
                1.1982106755139994,
                1.206893699361537,
                1.214607237301755,
                1.2208683354433254,
                1.2252865311827443,
                1.2275644105344385,
                1.227488452319021,
                1.2249122953158296,
                1.2197353085835896,
                1.2118797460192936,
                1.2012697817646623,
                1.1878153542259886,
                1.171403038971786,
                1.1518952112894503,
                1.1291376658441774,
                1.1029747689102185,
                1.0732702628911497,
                1.0399311397105921,
                1.0029316311473386,
                0.9623343667878531,
                0.9183061104789142,
                0.8711261436133945,
                0.8211862211629367,
                0.7689819656805169,
                0.7150964639137734,
                0.6601775829693269,
                0.604911049552632,
                0.5499915954045823,
                0.4960944628288818,
                0.44384931950900275,
                0.3938182109631149,
                0.34647865515647275,
                0.3022124314981595,
                0.2613001007754947,
                0.22392086173688464
            ],
            "median": 0.49309001573233224
        }
    }
}