{
  "state": "DONE",
  "preSearchDescription": {
    "gridLength": 5,
    "searchStrategy": "GRID",
    "importantParams": [
      {
        "name": "penalty",
        "vals": [
          "l2"
        ]
      },
      {
        "name": "C",
        "vals": [
          "0.01",
          "0.1",
          "1.0",
          "10.0",
          "100.0"
        ]
      }
    ]
  },
  "postSearchDescription": {
    "importantParams": [
      {
        "name": "C",
        "val": "0.1"
      },
      {
        "name": "penalty",
        "val": "l2"
      }
    ]
  },
  "resumed": false,
  "timeOrderingEnabled": false,
  "sampleWeightsEnabled": false,
  "modelId": "m1",
  "progress": {
    "top_level_todo": [],
    "stack": [],
    "top_level_done": [
      {
        "name": "Loading train set",
        "time": 202
      },
      {
        "name": "Loading test set",
        "time": 21
      },
      {
        "name": "Collecting statistics",
        "time": 102
      },
      {
        "name": "Preprocessing train set",
        "time": 240
      },
      {
        "name": "Preprocessing test set",
        "time": 91
      },
      {
        "name": "Hyperparameter searching",
        "time": 1324
      },
      {
        "name": "Fitting model",
        "time": 87
      },
      {
        "name": "Saving model",
        "time": 167
      },
      {
        "name": "Scoring model",
        "time": 766
      },
      {
        "name": "Preparing explainability",
        "time": 10617
      }
    ]
  },
  "startTime": 1761374535324,
  "endTime": 1761374549028,
  "preprocessingTime": 687,
  "trainingTime": 13017,
  "hyperparamsSearchTime": 1324,
  "pythonVersion": "3.9.21",
  "packagesVersion": {
    "pandas": "2.2.3",
    "scikit-learn": "1.5.2",
    "scipy": "1.13.1",
    "lightgbm": "4.6.0",
    "flask": "2.2.5",
    "itsdangerous": "2.2.0",
    "jinja2": "3.1.6",
    "xgboost": "1.7.6",
    "werkzeug": "3.1.3",
    "statsmodels": "0.14.5",
    "pillow": "11.3.0",
    "markupsafe": "3.0.3",
    "cloudpickle": "1.5.0"
  }
}