{
    "details": {
        "purpose": {
            "levels": [
                "domestic appliances",
                "car (new)",
                "radio/television",
                "car (used)",
                "others",
                "retraining",
                "education",
                "repairs",
                "furniture/equipment"
            ],
            "with_others": false
        },
        "housing": {
            "levels": [
                "own",
                "rent"
            ],
            "with_others": false
        },
        "other_debtors": {
            "levels": [
                "none",
                "guarantor"
            ],
            "with_others": false
        },
        "savings": {
            "levels": [
                "... < 100 DM",
                "unknown/no savings account",
                "100 <= ... < 500 DM",
                "500 <= ... < 1000 DM"
            ],
            "with_others": false
        },
        "other_installment_plans": {
            "levels": [
                "none",
                "bank"
            ],
            "with_others": false
        },
        "telephone": {
            "levels": [
                "no"
            ],
            "with_others": false
        },
        "foreign_worker": {
            "levels": [
                "yes"
            ],
            "with_others": false
        },
        "employment_duration": {
            "levels": [
                "1 <= ... < 4 years",
                "... >= 7 years",
                "4 <= ... < 7 years",
                "... < 1 year"
            ],
            "with_others": false
        },
        "status": {
            "levels": [
                "no checking account",
                "0 <= ... < 200 DM",
                "... < 100 DM"
            ],
            "with_others": false
        }
    }
}