{
    "per_feature": {
        "gender_bin": {
            "stats": {}
        },
        "purpose": {
            "stats": {
                "mostFrequentValue": "domestic appliances",
                "leastFrequentValue": "business"
            },
            "category_possible_values": [
                "domestic appliances",
                "car (new)",
                "radio/television",
                "car (used)",
                "others",
                "retraining",
                "education",
                "repairs",
                "furniture/equipment",
                "business"
            ],
            "category_possible_counts": [
                203,
                166,
                134,
                73,
                71,
                34,
                14,
                11,
                11,
                8
            ]
        },
        "housing": {
            "stats": {
                "mostFrequentValue": "own",
                "leastFrequentValue": "for free"
            },
            "category_possible_values": [
                "own",
                "rent",
                "for free"
            ],
            "category_possible_counts": [
                529,
                125,
                71
            ]
        },
        "installment_rate": {
            "stats": {
                "min": 1.0,
                "average": 2.9613793103448276,
                "median": 3.0,
                "max": 4.0,
                "p99": 4.0,
                "std": 1.130270722893376
            },
            "missing_impute_with_value": 2.9613793103448276
        },
        "duration": {
            "stats": {
                "min": 4.0,
                "average": 20.875862068965517,
                "median": 18.0,
                "max": 72.0,
                "p99": 60.0,
                "std": 12.089264425331647
            },
            "missing_impute_with_value": 20.875862068965517
        },
        "other_debtors": {
            "stats": {
                "mostFrequentValue": "none",
                "leastFrequentValue": "co-applicant"
            },
            "category_possible_values": [
                "none",
                "guarantor",
                "co-applicant"
            ],
            "category_possible_counts": [
                666,
                33,
                26
            ]
        },
        "management/self-employed/highly qualified employee/officer": {
            "stats": {
                "min": 1.0,
                "average": 1.0,
                "median": 1.0,
                "max": 1.0,
                "p99": 1.0,
                "std": 0.0
            },
            "missing_impute_with_value": 0.0
        },
        "number_credits": {
            "stats": {
                "min": 1.0,
                "average": 1.4137931034482758,
                "median": 1.0,
                "max": 4.0,
                "p99": 3.0,
                "std": 0.585107617439323
            },
            "missing_impute_with_value": 1.4137931034482758
        },
        "unemployed/unskilled - non-resident": {
            "stats": {
                "min": 1.0,
                "average": 1.0,
                "median": 1.0,
                "max": 1.0,
                "p99": 1.0,
                "std": 0.0
            },
            "missing_impute_with_value": 0.0
        },
        "property": {
            "stats": {}
        },
        "log_amount": {
            "stats": {
                "min": 5.5254529391317835,
                "average": 7.798687622383305,
                "median": 7.75190533307861,
                "max": 9.821463717057537,
                "p99": 9.574789899444056,
                "std": 0.7725977262318572
            },
            "missing_impute_with_value": 7.798687622383305
        },
        "skilled employee/official": {
            "stats": {
                "min": 1.0,
                "average": 1.0,
                "median": 1.0,
                "max": 1.0,
                "p99": 1.0,
                "std": 0.0
            },
            "missing_impute_with_value": 0.0
        },
        "savings": {
            "stats": {
                "mostFrequentValue": "... < 100 DM",
                "leastFrequentValue": "... >= 1000 DM"
            },
            "category_possible_values": [
                "... < 100 DM",
                "unknown/no savings account",
                "100 <= ... < 500 DM",
                "500 <= ... < 1000 DM",
                "... >= 1000 DM"
            ],
            "category_possible_counts": [
                419,
                140,
                85,
                45,
                36
            ]
        },
        "other_installment_plans": {
            "stats": {
                "mostFrequentValue": "none",
                "leastFrequentValue": "stores"
            },
            "category_possible_values": [
                "none",
                "bank",
                "stores"
            ],
            "category_possible_counts": [
                591,
                95,
                39
            ]
        },
        "people_liable": {
            "stats": {
                "min": 1.0,
                "average": 1.1448275862068966,
                "median": 1.0,
                "max": 2.0,
                "p99": 2.0,
                "std": 0.3521698788189322
            },
            "missing_impute_with_value": 1.1448275862068966
        },
        "payment_intensity": {
            "stats": {
                "min": 24.05555555555556,
                "average": 171.9994411555402,
                "median": 131.16666666666666,
                "max": 2482.6666666666665,
                "p99": 681.7978181818179,
                "std": 169.8348184965462
            },
            "missing_impute_with_value": 171.9994411555402
        },
        "amount": {
            "stats": {
                "min": 250.0,
                "average": 3302.511724137931,
                "median": 2325.0,
                "max": 18424.0,
                "p99": 14396.279999999999,
                "std": 2873.2840416341223
            },
            "missing_impute_with_value": 3302.511724137931
        },
        "telephone": {
            "stats": {
                "mostFrequentValue": "no",
                "leastFrequentValue": "yes"
            },
            "category_possible_values": [
                "no",
                "yes"
            ],
            "category_possible_counts": [
                422,
                303
            ]
        },
        "history": {
            "stats": {}
        },
        "unskilled - resident": {
            "stats": {
                "min": 1.0,
                "average": 1.0,
                "median": 1.0,
                "max": 1.0,
                "p99": 1.0,
                "std": 0.0
            },
            "missing_impute_with_value": 0.0
        },
        "foreign_worker": {
            "stats": {
                "mostFrequentValue": "yes",
                "leastFrequentValue": "no"
            },
            "category_possible_values": [
                "yes",
                "no"
            ],
            "category_possible_counts": [
                705,
                20
            ]
        },
        "present_residence": {
            "stats": {
                "min": 1.0,
                "average": 2.816551724137931,
                "median": 3.0,
                "max": 4.0,
                "p99": 4.0,
                "std": 1.1053619812281674
            },
            "missing_impute_with_value": 2.816551724137931
        },
        "employment_duration": {
            "stats": {
                "mostFrequentValue": "1 <= ... < 4 years",
                "leastFrequentValue": "unemployed"
            },
            "category_possible_values": [
                "1 <= ... < 4 years",
                "... >= 7 years",
                "4 <= ... < 7 years",
                "... < 1 year",
                "unemployed"
            ],
            "category_possible_counts": [
                256,
                176,
                126,
                121,
                46
            ]
        },
        "age": {
            "stats": {}
        },
        "credit_risk": {
            "stats": {}
        },
        "status": {
            "stats": {
                "mostFrequentValue": "no checking account",
                "leastFrequentValue": "... >= 200 DM / salary for at least 1 year"
            },
            "category_possible_values": [
                "no checking account",
                "0 <= ... < 200 DM",
                "... < 100 DM",
                "... >= 200 DM / salary for at least 1 year"
            ],
            "category_possible_counts": [
                291,
                198,
                187,
                49
            ]
        }
    },
    "feature_order": [
        "gender_bin",
        "purpose",
        "housing",
        "installment_rate",
        "duration",
        "other_debtors",
        "management/self-employed/highly qualified employee/officer",
        "number_credits",
        "unemployed/unskilled - non-resident",
        "property",
        "log_amount",
        "skilled employee/official",
        "savings",
        "other_installment_plans",
        "people_liable",
        "payment_intensity",
        "amount",
        "telephone",
        "history",
        "unskilled - resident",
        "foreign_worker",
        "present_residence",
        "employment_duration",
        "age",
        "credit_risk",
        "status"
    ]
}