{
    "details": {
        "purpose": {
            "levels": [
                "domestic appliances",
                "car (new)",
                "radio/television",
                "car (used)",
                "others",
                "retraining",
                "education",
                "repairs",
                "furniture/equipment",
                "business"
            ],
            "with_others": true
        },
        "housing": {
            "levels": [
                "own",
                "rent",
                "for free"
            ],
            "with_others": true
        },
        "other_debtors": {
            "levels": [
                "none",
                "guarantor",
                "co-applicant"
            ],
            "with_others": true
        },
        "savings": {
            "levels": [
                "... < 100 DM",
                "unknown/no savings account",
                "100 <= ... < 500 DM",
                "500 <= ... < 1000 DM",
                "... >= 1000 DM"
            ],
            "with_others": true
        },
        "other_installment_plans": {
            "levels": [
                "none",
                "bank",
                "stores"
            ],
            "with_others": true
        },
        "telephone": {
            "levels": [
                "no",
                "yes"
            ],
            "with_others": true
        },
        "foreign_worker": {
            "levels": [
                "yes",
                "no"
            ],
            "with_others": true
        },
        "employment_duration": {
            "levels": [
                "1 <= ... < 4 years",
                "... >= 7 years",
                "4 <= ... < 7 years",
                "... < 1 year",
                "unemployed"
            ],
            "with_others": true
        },
        "status": {
            "levels": [
                "no checking account",
                "0 <= ... < 200 DM",
                "... < 100 DM",
                "... >= 200 DM / salary for at least 1 year"
            ],
            "with_others": true
        }
    }
}