{
    "perClassFacts": {
        "unique": {
            "status": {
                "impact": 0.36490116285833907,
                "rank": 1,
                "feature": "status",
                "positiveCategoricalValue": "no checking account",
                "negativeCategoricalValue": "... < 100 DM",
                "infoGain": 0.6730116670092565,
                "type": "CATEGORICAL"
            },
            "purpose": {
                "impact": 0.024683507673755198,
                "rank": 6,
                "feature": "purpose",
                "positiveCategoricalValue": "domestic appliances",
                "negativeCategoricalValue": "car (new)",
                "infoGain": 0.5991400256812748,
                "type": "CATEGORICAL"
            },
            "number_credits": {
                "impact": 0.012058926420948145,
                "rank": 8,
                "feature": "number_credits",
                "correlation": 0.7973646706733171,
                "type": "NUMERICAL"
            }
        }
    }
}