{
    "absoluteImportance": {
        "status": 0.364901162858339,
        "employment_duration": 0.008863922774934531,
        "duration": 0.0836062773928319,
        "payment_intensity": 0.05081240354521842,
        "housing": 0.01961956384729422,
        "purpose": 0.024683507673755167,
        "savings": 0.009726904489998914,
        "other_installment_plans": 0.030726290056892966,
        "number_credits": 0.01205892642094815,
        "log_amount": 0.054753168576384834,
        "installment_rate": 0.0,
        "other_debtors": 0.0,
        "management/self-employed/highly qualified employee/officer": 0.0,
        "unemployed/unskilled - non-resident": 0.0,
        "skilled employee/official": 0.0,
        "people_liable": 0.0,
        "amount": 0.0,
        "telephone": 0.0,
        "unskilled - resident": 0.0,
        "foreign_worker": 0.0
    }
}