[
    {
        "test_score_gib": 0.7156862745098039,
        "train_score": 0.7555555555555555,
        "test_score": 0.7156862745098039,
        "num_samples": 145,
        "fit_time": 118,
        "score_time": 183,
        "time": 301,
        "parameters": {
            "booster": "gbtree",
            "colsample_bylevel": 1.0,
            "colsample_bytree": 1.0,
            "gamma": 0.0,
            "learning_rate": 0.2,
            "max_delta_step": 0.0,
            "max_depth": 3,
            "min_child_weight": 1.0,
            "reg_alpha": 0.0,
            "reg_lambda": 1.0,
            "subsample": 1.0
        },
        "done_at": 1761374703712,
        "split_id": 0,
        "best_iteration": 2
    },
    {
        "test_score_gib": 0.8333333333333334,
        "train_score": 0.8666666666666667,
        "test_score": 0.8333333333333334,
        "num_samples": 145,
        "fit_time": 111,
        "score_time": 101,
        "time": 212,
        "parameters": {
            "booster": "gbtree",
            "colsample_bylevel": 1.0,
            "colsample_bytree": 1.0,
            "gamma": 0.0,
            "learning_rate": 0.2,
            "max_delta_step": 0.0,
            "max_depth": 3,
            "min_child_weight": 1.0,
            "reg_alpha": 0.0,
            "reg_lambda": 1.0,
            "subsample": 1.0
        },
        "done_at": 1761374703625,
        "split_id": 1,
        "best_iteration": 0
    },
    {
        "test_score_gib": 0.8217821782178217,
        "train_score": 0.8817733990147784,
        "test_score": 0.8217821782178217,
        "num_samples": 145,
        "fit_time": 104,
        "score_time": 202,
        "time": 306,
        "parameters": {
            "booster": "gbtree",
            "colsample_bylevel": 1.0,
            "colsample_bytree": 1.0,
            "gamma": 0.0,
            "learning_rate": 0.2,
            "max_delta_step": 0.0,
            "max_depth": 3,
            "min_child_weight": 1.0,
            "reg_alpha": 0.0,
            "reg_lambda": 1.0,
            "subsample": 1.0
        },
        "done_at": 1761374703725,
        "split_id": 2,
        "best_iteration": 0
    },
    {
        "test_score_gib": 0.7029702970297029,
        "train_score": 0.729064039408867,
        "test_score": 0.7029702970297029,
        "num_samples": 145,
        "fit_time": 397,
        "score_time": 9,
        "time": 406,
        "parameters": {
            "booster": "gbtree",
            "colsample_bylevel": 1.0,
            "colsample_bytree": 1.0,
            "gamma": 0.0,
            "learning_rate": 0.2,
            "max_delta_step": 0.0,
            "max_depth": 3,
            "min_child_weight": 1.0,
            "reg_alpha": 0.0,
            "reg_lambda": 1.0,
            "subsample": 1.0
        },
        "done_at": 1761374703830,
        "split_id": 3,
        "best_iteration": 14
    },
    {
        "test_score_gib": 0.5544554455445545,
        "train_score": 0.6280788177339901,
        "test_score": 0.5544554455445545,
        "num_samples": 145,
        "fit_time": 204,
        "score_time": 91,
        "time": 295,
        "parameters": {
            "booster": "gbtree",
            "colsample_bylevel": 1.0,
            "colsample_bytree": 1.0,
            "gamma": 0.0,
            "learning_rate": 0.2,
            "max_delta_step": 0.0,
            "max_depth": 3,
            "min_child_weight": 1.0,
            "reg_alpha": 0.0,
            "reg_lambda": 1.0,
            "subsample": 1.0
        },
        "done_at": 1761374703923,
        "split_id": 4,
        "best_iteration": 2
    }
]