{
    "startedAt": 1761374703378,
    "gridSize": 1,
    "nThreads": 4,
    "nSplits": 5,
    "metric": "RECALL",
    "timeout": null,
    "gridPoints": [
        {
            "finishedAt": 1761374703923,
            "score": 0.7256455057270433,
            "testScoreGibMean": 0.7256455057270433,
            "testScoreMean": 0.7256455057270433,
            "testScoreStd": 0.10075546247559163,
            "trainScoreMean": 0.7722276956759716,
            "trainScoreStd": 0.09363646816518341,
            "time": 1520,
            "fitTimeMean": 186.8,
            "fitTimeStd": 111.18884836169498,
            "scoreTimeMean": 117.2,
            "scoreTimeStd": 69.5367528721323,
            "parameters": {
                "booster": "gbtree",
                "colsample_bylevel": 1.0,
                "colsample_bytree": 1.0,
                "gamma": 0.0,
                "learning_rate": 0.2,
                "max_delta_step": 0.0,
                "max_depth": 3,
                "min_child_weight": 1.0,
                "reg_alpha": 0.0,
                "reg_lambda": 1.0,
                "subsample": 1.0,
                "n_estimators": 3
            }
        }
    ]
}