{
    "modelInputNRows": 725,
    "modelInputNCols": 67,
    "modelInputIsSparse": true,
    "modelInputMemory": 185604,
    "usedGridSearch": true,
    "gridSize": 1,
    "gridBestScore": 0.7256455057270433,
    "gridCells": [
        {
            "params": {
                "booster": "gbtree",
                "colsample_bylevel": 1.0,
                "colsample_bytree": 1.0,
                "gamma": 0.0,
                "learning_rate": 0.2,
                "max_delta_step": 0.0,
                "max_depth": 3,
                "min_child_weight": 1.0,
                "reg_alpha": 0.0,
                "reg_lambda": 1.0,
                "subsample": 1.0,
                "n_estimators": 3
            },
            "score": 0.7256455057270433,
            "scoreStd": 0.10075546247559163,
            "fitTime": 0.18680000000000002,
            "fitTimeStd": 0.11118884836169499,
            "scoreTime": 0.1172,
            "scoreTimeStd": 0.06953675287213229
        }
    ],
    "rawImportance": {
        "variables": [
            "duration",
            "number_credits",
            "log_amount",
            "payment_intensity",
            "dummy:purpose:car (new)",
            "dummy:purpose:education",
            "dummy:housing:rent",
            "dummy:housing:for free",
            "dummy:savings:... >= 1000 DM",
            "dummy:other_installment_plans:none",
            "dummy:employment_duration:4 <= ... < 7 years",
            "dummy:employment_duration:unemployed",
            "dummy:status:no checking account"
        ],
        "importances": [
            0.08258769661188126,
            0.03783779963850975,
            0.03769674152135849,
            0.06737116724252701,
            0.034538839012384415,
            0.025958603248000145,
            0.020571596920490265,
            0.04193352162837982,
            0.04670242965221405,
            0.04323504492640495,
            0.037936996668577194,
            0.059950992465019226,
            0.4636785089969635
        ]
    },
    "probaAware": true
}