{
    "metrics": {},
    "processed_feature_names": [
        "installment_rate",
        "duration",
        "management/self-employed/highly qualified employee/officer",
        "number_credits",
        "unemployed/unskilled - non-resident",
        "log_amount",
        "skilled employee/official",
        "people_liable",
        "payment_intensity",
        "amount",
        "unskilled - resident",
        "present_residence",
        "dummy:purpose:domestic appliances",
        "dummy:purpose:car (new)",
        "dummy:purpose:radio/television",
        "dummy:purpose:car (used)",
        "dummy:purpose:others",
        "dummy:purpose:retraining",
        "dummy:purpose:education",
        "dummy:purpose:repairs",
        "dummy:purpose:furniture/equipment",
        "dummy:purpose:business",
        "dummy:purpose:N/A",
        "dummy:purpose:__Others__",
        "dummy:housing:own",
        "dummy:housing:rent",
        "dummy:housing:for free",
        "dummy:housing:N/A",
        "dummy:housing:__Others__",
        "dummy:other_debtors:none",
        "dummy:other_debtors:guarantor",
        "dummy:other_debtors:co-applicant",
        "dummy:other_debtors:N/A",
        "dummy:other_debtors:__Others__",
        "dummy:savings:... < 100 DM",
        "dummy:savings:unknown/no savings account",
        "dummy:savings:100 <= ... < 500 DM",
        "dummy:savings:500 <= ... < 1000 DM",
        "dummy:savings:... >= 1000 DM",
        "dummy:savings:N/A",
        "dummy:savings:__Others__",
        "dummy:other_installment_plans:none",
        "dummy:other_installment_plans:bank",
        "dummy:other_installment_plans:stores",
        "dummy:other_installment_plans:N/A",
        "dummy:other_installment_plans:__Others__",
        "dummy:telephone:no",
        "dummy:telephone:yes",
        "dummy:telephone:N/A",
        "dummy:telephone:__Others__",
        "dummy:foreign_worker:yes",
        "dummy:foreign_worker:no",
        "dummy:foreign_worker:N/A",
        "dummy:foreign_worker:__Others__",
        "dummy:employment_duration:1 <= ... < 4 years",
        "dummy:employment_duration:... >= 7 years",
        "dummy:employment_duration:4 <= ... < 7 years",
        "dummy:employment_duration:... < 1 year",
        "dummy:employment_duration:unemployed",
        "dummy:employment_duration:N/A",
        "dummy:employment_duration:__Others__",
        "dummy:status:no checking account",
        "dummy:status:0 <= ... < 200 DM",
        "dummy:status:... < 100 DM",
        "dummy:status:... >= 200 DM / salary for at least 1 year",
        "dummy:status:N/A",
        "dummy:status:__Others__"
    ],
    "optimalThreshold": 0.4,
    "usedThreshold": 0.4,
    "perCutData": {
        "cut": [
            0.0,
            0.025,
            0.05,
            0.075,
            0.1,
            0.125,
            0.15,
            0.175,
            0.2,
            0.225,
            0.25,
            0.275,
            0.3,
            0.325,
            0.35,
            0.375,
            0.4,
            0.425,
            0.45,
            0.475,
            0.5,
            0.525,
            0.55,
            0.575,
            0.6,
            0.625,
            0.65,
            0.675,
            0.7,
            0.725,
            0.75,
            0.775,
            0.8,
            0.825,
            0.85,
            0.875,
            0.9,
            0.925,
            0.95,
            0.975
        ],
        "tp": [
            193,
            193,
            193,
            193,
            193,
            193,
            193,
            193,
            193,
            193,
            193,
            193,
            193,
            193,
            193,
            192,
            169,
            155,
            115,
            112,
            112,
            102,
            92,
            85,
            75,
            61,
            49,
            49,
            0,
            0,
            0,
            0,
            0,
            0,
            0,
            0,
            0,
            0,
            0,
            0
        ],
        "tn": [
            0,
            0,
            0,
            0,
            0,
            0,
            0,
            0,
            0,
            0,
            0,
            0,
            0,
            0,
            0,
            5,
            38,
            45,
            61,
            61,
            61,
            63,
            66,
            70,
            72,
            77,
            78,
            78,
            82,
            82,
            82,
            82,
            82,
            82,
            82,
            82,
            82,
            82,
            82,
            82
        ],
        "fp": [
            82,
            82,
            82,
            82,
            82,
            82,
            82,
            82,
            82,
            82,
            82,
            82,
            82,
            82,
            82,
            77,
            44,
            37,
            21,
            21,
            21,
            19,
            16,
            12,
            10,
            5,
            4,
            4,
            0,
            0,
            0,
            0,
            0,
            0,
            0,
            0,
            0,
            0,
            0,
            0
        ],
        "fn": [
            0,
            0,
            0,
            0,
            0,
            0,
            0,
            0,
            0,
            0,
            0,
            0,
            0,
            0,
            0,
            1,
            24,
            38,
            78,
            81,
            81,
            91,
            101,
            108,
            118,
            132,
            144,
            144,
            193,
            193,
            193,
            193,
            193,
            193,
            193,
            193,
            193,
            193,
            193,
            193
        ],
        "precision": [
            0.7018181818181818,
            0.7018181818181818,
            0.7018181818181818,
            0.7018181818181818,
            0.7018181818181818,
            0.7018181818181818,
            0.7018181818181818,
            0.7018181818181818,
            0.7018181818181818,
            0.7018181818181818,
            0.7018181818181818,
            0.7018181818181818,
            0.7018181818181818,
            0.7018181818181818,
            0.7018181818181818,
            0.7137546468401487,
            0.7934272300469484,
            0.8072916666666666,
            0.8455882352941176,
            0.8421052631578947,
            0.8421052631578947,
            0.8429752066115702,
            0.8518518518518519,
            0.8762886597938144,
            0.8823529411764706,
            0.9242424242424242,
            0.9245283018867925,
            0.9245283018867925,
            0.0,
            0.0,
            0.0,
            0.0,
            0.0,
            0.0,
            0.0,
            0.0,
            0.0,
            0.0,
            0.0,
            0.0
        ],
        "recall": [
            1.0,
            1.0,
            1.0,
            1.0,
            1.0,
            1.0,
            1.0,
            1.0,
            1.0,
            1.0,
            1.0,
            1.0,
            1.0,
            1.0,
            1.0,
            0.9948186528497409,
            0.8756476683937824,
            0.8031088082901554,
            0.5958549222797928,
            0.5803108808290155,
            0.5803108808290155,
            0.5284974093264249,
            0.47668393782383417,
            0.44041450777202074,
            0.38860103626943004,
            0.3160621761658031,
            0.2538860103626943,
            0.2538860103626943,
            0.0,
            0.0,
            0.0,
            0.0,
            0.0,
            0.0,
            0.0,
            0.0,
            0.0,
            0.0,
            0.0,
            0.0
        ],
        "accuracy": [
            0.7018181818181818,
            0.7018181818181818,
            0.7018181818181818,
            0.7018181818181818,
            0.7018181818181818,
            0.7018181818181818,
            0.7018181818181818,
            0.7018181818181818,
            0.7018181818181818,
            0.7018181818181818,
            0.7018181818181818,
            0.7018181818181818,
            0.7018181818181818,
            0.7018181818181818,
            0.7018181818181818,
            0.7163636363636363,
            0.7527272727272727,
            0.7272727272727273,
            0.64,
            0.6290909090909091,
            0.6290909090909091,
            0.6,
            0.5745454545454546,
            0.5636363636363636,
            0.5345454545454545,
            0.5018181818181818,
            0.4618181818181818,
            0.4618181818181818,
            0.29818181818181816,
            0.29818181818181816,
            0.29818181818181816,
            0.29818181818181816,
            0.29818181818181816,
            0.29818181818181816,
            0.29818181818181816,
            0.29818181818181816,
            0.29818181818181816,
            0.29818181818181816,
            0.29818181818181816,
            0.29818181818181816
        ],
        "f1": [
            0.8247863247863249,
            0.8247863247863249,
            0.8247863247863249,
            0.8247863247863249,
            0.8247863247863249,
            0.8247863247863249,
            0.8247863247863249,
            0.8247863247863249,
            0.8247863247863249,
            0.8247863247863249,
            0.8247863247863249,
            0.8247863247863249,
            0.8247863247863249,
            0.8247863247863249,
            0.8247863247863249,
            0.8311688311688311,
            0.8325123152709359,
            0.8051948051948051,
            0.6990881458966565,
            0.6871165644171779,
            0.6871165644171779,
            0.6496815286624203,
            0.6112956810631229,
            0.5862068965517241,
            0.539568345323741,
            0.4710424710424711,
            0.3983739837398374,
            0.3983739837398374,
            0.0,
            0.0,
            0.0,
            0.0,
            0.0,
            0.0,
            0.0,
            0.0,
            0.0,
            0.0,
            0.0,
            0.0
        ],
        "mcc": [
            0.0,
            0.0,
            0.0,
            0.0,
            0.0,
            0.0,
            0.0,
            0.0,
            0.0,
            0.0,
            0.0,
            0.0,
            0.0,
            0.0,
            0.0,
            0.17471225038415886,
            0.3711756187491737,
            0.3506727156997283,
            0.31086913264734606,
            0.29678807114573463,
            0.29678807114573463,
            0.27351549450306883,
            0.26374819013891965,
            0.28154312707151835,
            0.2639615117262142,
            0.27322979601301856,
            0.23787484196627148,
            0.23787484196627148,
            0.0,
            0.0,
            0.0,
            0.0,
            0.0,
            0.0,
            0.0,
            0.0,
            0.0,
            0.0,
            0.0,
            0.0
        ],
        "hammingLoss": [
            0.2981818181818182,
            0.2981818181818182,
            0.2981818181818182,
            0.2981818181818182,
            0.2981818181818182,
            0.2981818181818182,
            0.2981818181818182,
            0.2981818181818182,
            0.2981818181818182,
            0.2981818181818182,
            0.2981818181818182,
            0.2981818181818182,
            0.2981818181818182,
            0.2981818181818182,
            0.2981818181818182,
            0.2836363636363637,
            0.2472727272727273,
            0.2727272727272727,
            0.36,
            0.37090909090909085,
            0.37090909090909085,
            0.4,
            0.4254545454545454,
            0.4363636363636364,
            0.46545454545454545,
            0.49818181818181817,
            0.5381818181818182,
            0.5381818181818182,
            0.7018181818181819,
            0.7018181818181819,
            0.7018181818181819,
            0.7018181818181819,
            0.7018181818181819,
            0.7018181818181819,
            0.7018181818181819,
            0.7018181818181819,
            0.7018181818181819,
            0.7018181818181819,
            0.7018181818181819,
            0.7018181818181819
        ],
        "assertionsMetrics": [],
        "overridesMetrics": []
    },
    "tiMetrics": {
        "auc": 0.742322760015165,
        "logLoss": 0.6328122219831249,
        "lift": 1.2176165803108807,
        "averagePrecision": 0.8506975904981383,
        "calibrationLoss": 0.18933699575337495
    },
    "probaPercentiles": [
        0.3613084852695465,
        0.37002649426460266,
        0.3794710040092468,
        0.3794710040092468,
        0.3794710040092468,
        0.3794710040092468,
        0.3794710040092468,
        0.3794710040092468,
        0.3794710040092468,
        0.3794710040092468,
        0.3794710040092468,
        0.3794710040092468,
        0.3875963288545609,
        0.3925763666629791,
        0.3925763666629791,
        0.3925763666629791,
        0.3925763666629791,
        0.3925763666629791,
        0.3925763666629791,
        0.3925763666629791,
        0.3925763666629791,
        0.3925763666629791,
        0.40326947510242467,
        0.411298543214798,
        0.411298543214798,
        0.411298543214798,
        0.411298543214798,
        0.411298543214798,
        0.411298543214798,
        0.41889936327934274,
        0.44930264353752136,
        0.44930264353752136,
        0.44930264353752136,
        0.44930264353752136,
        0.44930264353752136,
        0.44930264353752136,
        0.44930264353752136,
        0.44930264353752136,
        0.44930264353752136,
        0.44930264353752136,
        0.44930264353752136,
        0.44930264353752136,
        0.44930264353752136,
        0.44930264353752136,
        0.44930264353752136,
        0.44930264353752136,
        0.44930264353752136,
        0.44930264353752136,
        0.44930264353752136,
        0.44930264353752136,
        0.4653024357557297,
        0.5004918575286865,
        0.5004918575286865,
        0.5004918575286865,
        0.5041995525360108,
        0.5288786911964422,
        0.5391890406608582,
        0.5391890406608582,
        0.5391890406608582,
        0.5403442740440368,
        0.5539281368255615,
        0.5539281368255615,
        0.5539281368255615,
        0.5657417178153992,
        0.5792026281356811,
        0.5810295343399048,
        0.5810295343399048,
        0.5810295343399048,
        0.5823711502552027,
        0.6033897995948792,
        0.6033897995948792,
        0.6072091126441955,
        0.6170302033424377,
        0.6170574426651001,
        0.6170574426651001,
        0.6270596456527712,
        0.6408811211585999,
        0.6408811211585999,
        0.6408811211585999,
        0.6423591732978822,
        0.6747549819946297,
        0.6764454245567322,
        0.6764454245567322,
        0.6764454245567322,
        0.6764454245567322,
        0.6764454245567322,
        0.6764454245567322,
        0.6764454245567322,
        0.6764454245567322,
        0.6764454245567322,
        0.6764454245567322,
        0.6764454245567322,
        0.6764454245567322,
        0.6764454245567322,
        0.6764454245567322,
        0.6764454245567322,
        0.6764454245567322,
        0.6764454245567322,
        0.6764454245567322
    ],
    "rocVizData": [
        [
            {
                "x": 0.0,
                "y": 0.0,
                "p": 1.681659758090973
            },
            {
                "x": 0.04878048780487805,
                "y": 0.2538860103626943,
                "p": 0.6764454245567322
            },
            {
                "x": 0.06097560975609756,
                "y": 0.3160621761658031,
                "p": 0.6408811211585999
            },
            {
                "x": 0.0975609756097561,
                "y": 0.35751295336787564,
                "p": 0.6170302033424377
            },
            {
                "x": 0.14634146341463414,
                "y": 0.43523316062176165,
                "p": 0.5810295343399048
            },
            {
                "x": 0.1951219512195122,
                "y": 0.47668393782383417,
                "p": 0.5539281368255615
            },
            {
                "x": 0.23170731707317074,
                "y": 0.5284974093264249,
                "p": 0.5391890406608582
            },
            {
                "x": 0.25609756097560976,
                "y": 0.5803108808290155,
                "p": 0.5004918575286865
            },
            {
                "x": 0.45121951219512196,
                "y": 0.8031088082901554,
                "p": 0.44930264353752136
            },
            {
                "x": 0.524390243902439,
                "y": 0.8704663212435233,
                "p": 0.411298543214798
            },
            {
                "x": 0.7195121951219512,
                "y": 0.9326424870466321,
                "p": 0.3925763666629791
            },
            {
                "x": 0.9390243902439024,
                "y": 0.9948186528497409,
                "p": 0.3794710040092468
            },
            {
                "x": 1.0,
                "y": 1.0,
                "p": 0.3613084852695465
            }
        ]
    ],
    "liftVizData": {
        "bins": [
            {
                "bin_pos_prop": 1.0,
                "bin_lift": 1.4248704663,
                "cum_lift": 0.0051813472,
                "cum_size": 0.0036363636,
                "bin_min": 0.6764454246,
                "bin_max": 0.6816597581,
                "percentile_idx": 0
            },
            {
                "bin_pos_prop": 0.8947368421,
                "bin_lift": 1.2748841014,
                "cum_lift": 0.3575129534,
                "cum_size": 0.28,
                "bin_min": 0.6033897996,
                "bin_max": 0.6764454246,
                "percentile_idx": 1
            },
            {
                "bin_pos_prop": 0.7575757576,
                "bin_lift": 1.079447323,
                "cum_lift": 0.4870466321,
                "cum_size": 0.4,
                "bin_min": 0.5391890407,
                "bin_max": 0.6033897996,
                "percentile_idx": 2
            },
            {
                "bin_pos_prop": 0.8076923077,
                "bin_lift": 1.1508569151,
                "cum_lift": 0.5958549223,
                "cum_size": 0.4945454545,
                "bin_min": 0.4493026435,
                "bin_max": 0.5391890407,
                "percentile_idx": 3
            },
            {
                "bin_pos_prop": 0.7142857143,
                "bin_lift": 1.0177646188,
                "cum_lift": 0.8031088083,
                "cum_size": 0.6981818182,
                "bin_min": 0.4112985432,
                "bin_max": 0.4493026435,
                "percentile_idx": 4
            },
            {
                "bin_pos_prop": 0.6666666667,
                "bin_lift": 0.9499136442,
                "cum_lift": 0.8756476684,
                "cum_size": 0.7745454545,
                "bin_min": 0.3925763667,
                "bin_max": 0.4112985432,
                "percentile_idx": 5
            },
            {
                "bin_pos_prop": 0.3870967742,
                "bin_lift": 0.5515627612,
                "cum_lift": 1.0,
                "cum_size": 1.0,
                "bin_min": 0.3613084853,
                "bin_max": 0.3925763667,
                "percentile_idx": 6
            }
        ],
        "wizard": {
            "positives": 193,
            "total": 275
        }
    },
    "prVizData": [
        {
            "bins": [
                {
                    "x": 1.0,
                    "y": 0.7018181818181818,
                    "p": 0.3613084852695465
                },
                {
                    "x": 0.9326424870466321,
                    "y": 0.7531380753138075,
                    "p": 0.3925763666629791
                },
                {
                    "x": 0.8756476683937824,
                    "y": 0.7934272300469484,
                    "p": 0.40310561656951904
                },
                {
                    "x": 0.8031088082901554,
                    "y": 0.8072916666666666,
                    "p": 0.44930264353752136
                },
                {
                    "x": 0.5958549222797928,
                    "y": 0.8455882352941176,
                    "p": 0.4603484869003296
                },
                {
                    "x": 0.5440414507772021,
                    "y": 0.8467741935483871,
                    "p": 0.5057885646820068
                },
                {
                    "x": 0.48704663212435234,
                    "y": 0.8545454545454545,
                    "p": 0.5420771241188049
                },
                {
                    "x": 0.44041450777202074,
                    "y": 0.8762886597938144,
                    "p": 0.5789996385574341
                },
                {
                    "x": 0.38860103626943004,
                    "y": 0.8823529411764706,
                    "p": 0.6033897995948792
                },
                {
                    "x": 0.33678756476683935,
                    "y": 0.8904109589041096,
                    "p": 0.6170574426651001
                },
                {
                    "x": 0.26424870466321243,
                    "y": 0.9272727272727272,
                    "p": 0.648271381855011
                },
                {
                    "x": 0.0051813471502590676,
                    "y": 1.0,
                    "p": 0.6816597580909729
                }
            ],
            "positiveRate": 0.7018181818181818
        }
    ],
    "densityData": {
        "0": {
            "actualIsThisClass": [
                1.6705434838709502e-15,
                1.2946301629074738e-14,
                9.40230001832116e-14,
                6.399172213366947e-13,
                4.081463294945033e-12,
                2.439561608196689e-11,
                1.36651140201355e-10,
                7.17335913585547e-10,
                3.5289267421613027e-09,
                1.6269612208767282e-08,
                7.029607327395143e-08,
                2.846495260360883e-07,
                1.0802480386305265e-06,
                3.842206301930102e-06,
                1.2808429218271988e-05,
                4.0020939777567635e-05,
                0.0001172138821115161,
                0.00032181282951017717,
                0.0008283299382734387,
                0.0019991129588423093,
                0.004524644406140892,
                0.009606229468310643,
                0.019137785868883296,
                0.03579368280257055,
                0.06289013180622183,
                0.10390035760159685,
                0.16160766996300718,
                0.2370729087562791,
                0.32879651958342065,
                0.43253243672852004,
                0.5420410137675881,
                0.650660538366591,
                0.7531220469491182,
                0.8468188398795454,
                0.9319588652444967,
                1.0105916848532697,
                1.085071563970826,
                1.156726165264643,
                1.2252324953161802,
                1.2886970464639147,
                1.3441006292104136,
                1.3878402619959789,
                1.416455001419357,
                1.4278724273213064,
                1.423335892486186,
                1.4095952241144432,
                1.4003483498567366,
                1.4157857628257364,
                1.4796531073878956,
                1.6143328342141419,
                1.8355242049185339,
                2.1485370571418523,
                2.5476000893200004,
                3.0180428199996947,
                3.53951129886932,
                4.0876537843078955,
                4.632757276761073,
                5.136336382911332,
                5.5491523587393345,
                5.814660726430368,
                5.8795493719753855,
                5.708857126571418,
                5.299660828804305,
                4.686842459335029,
                3.937545852680867,
                3.135925318004963,
                2.363894533167324,
                1.684721241730795,
                1.1342739604163101,
                0.7210186558394692,
                0.4325411267507185,
                0.24480281084311914,
                0.13067562515900188,
                0.06577438718726543,
                0.03121071629141023,
                0.01395843426958073,
                0.005882401521336566,
                0.0023353533754963125,
                0.0008732148519301602,
                0.0003074303266027987,
                0.00010188557125598859,
                3.177607914611366e-05,
                9.323739323350752e-06,
                2.5731393844264016e-06,
                6.67733224744886e-07,
                1.6289034148252038e-07,
                3.7344840070673415e-08,
                8.044589636244154e-09,
                1.627855118335325e-09,
                3.093659840538825e-10,
                5.5206067026184344e-11,
                9.248624716290117e-12,
                1.4543482558101057e-12,
                2.1463048136867173e-13,
                2.972232193105716e-14,
                3.861753695893245e-15,
                4.707000992550031e-16,
                5.381634072051134e-17,
                5.770999257749048e-18,
                5.803846033668703e-19
            ],
            "actualIsNotThisClass": [
                3.1925874976260405e-14,
                2.2824295761786707e-13,
                1.5330779439751183e-12,
                9.67484157558813e-12,
                5.7363686693967483e-11,
                3.195545087387688e-10,
                1.6725114760606138e-09,
                8.22453987951104e-09,
                3.799926497527852e-08,
                1.649542080599393e-07,
                6.727919013430834e-07,
                2.578297597080369e-06,
                9.283839015878706e-06,
                3.141041777062323e-05,
                9.985805852945932e-05,
                0.00029831195140992865,
                0.0008374426523275461,
                0.0022093277037317314,
                0.005477923563610056,
                0.012766177783087335,
                0.02796686618756211,
                0.05760064849366681,
                0.1115558197730096,
                0.20320888850495294,
                0.3482687515317087,
                0.5618047046851378,
                0.8534725040216656,
                1.2219063026464996,
                1.6502357306545972,
                2.1050992312752967,
                2.5408143870641737,
                2.9085100871266385,
                3.1677461330044046,
                3.29663952755948,
                3.2967488245150163,
                3.190991310126408,
                3.0156948880083227,
                2.8100702497581724,
                2.60691588414585,
                2.4272238657172367,
                2.2793924372357073,
                2.1620484028556923,
                2.0686885317109778,
                1.992455822153471,
                1.9299264571105956,
                1.88331880306659,
                1.8608322546182128,
                1.8749746986242564,
                1.9389864539249482,
                2.0619767213134184,
                2.24405820980981,
                2.4732253767866577,
                2.7255218633220015,
                2.9689926284040595,
                3.1703502110726562,
                3.3020005094271125,
                3.346876723654892,
                3.299646462531401,
                3.164677133868908,
                2.952573423004234,
                2.6773052865028686,
                2.354935891103205,
                2.0035439680318086,
                1.6430958711596417,
                1.2942216439472043,
                0.9757872613865906,
                0.7020953581942584,
                0.4808821782867077,
                0.3128981106998422,
                0.19310759090505863,
                0.11290094291361338,
                0.06247333867281989,
                0.032695428599501766,
                0.016175082143348726,
                0.007561399735080262,
                0.0033390733620650387,
                0.0013925834778655212,
                0.0005484216519666817,
                0.00020391495266050086,
                7.157790740847415e-05,
                2.371732964444118e-05,
                7.4177914208038675e-06,
                2.1896347555477755e-06,
                6.099890371693502e-07,
                1.6035699339420727e-07,
                3.977658215071507e-08,
                9.308805579921231e-09,
                2.0551110442549038e-09,
                4.279508546040844e-10,
                8.404404479957365e-11,
                1.5563483129998548e-11,
                2.7172004194321928e-12,
                4.4717388883691514e-13,
                6.935751296642615e-14,
                1.0136634969409586e-14,
                1.3957178945139912e-15,
                1.8101962013048709e-16,
                2.2110549627128823e-17,
                2.542979463978236e-18,
                2.753477616072606e-19
            ],
            "actualIsThisClassMedian": 0.5887014865875244,
            "actualIsNotThisClassMedian": 0.46081095933914185
        },
        "1": {
            "actualIsThisClass": [
                2.7534784065379397e-19,
                2.5429801549453022e-18,
                2.2110555305366604e-17,
                1.810196640031038e-16,
                1.39571821325545e-15,
                1.013663714705824e-14,
                6.935752695833779e-14,
                4.471739733915192e-13,
                2.717200900042132e-12,
                1.5563485699562966e-11,
                8.404405772197367e-11,
                4.279509157316011e-10,
                2.055111316223634e-09,
                9.30880671794554e-09,
                3.977658662864581e-08,
                1.6035700996021605e-07,
                6.099890947757753e-07,
                2.1896349437859674e-06,
                7.41779199859381e-06,
                2.3717331309640587e-05,
                7.157791191214834e-05,
                0.0002039149640839884,
                0.000548421679120802,
                0.00139258353830063,
                0.0033390734878683964,
                0.007561399979692374,
                0.016175082586907346,
                0.03269542934809028,
                0.06247333984568822,
                0.11290094461391026,
                0.19310759317553183,
                0.31289811347478985,
                0.48088218136093874,
                0.7020953612317069,
                0.9757872639793345,
                1.294221645711406,
                1.6430958718300874,
                2.0035439675095437,
                2.35493588943262,
                2.677305283797889,
                2.9525734193806037,
                3.1646771294401224,
                3.299646457481391,
                3.346876718337026,
                3.3020005044033875,
                3.170350207031021,
                2.968992625965511,
                2.725521862823567,
                2.4732253781502203,
                2.244058212563805,
                2.0619767247548317,
                1.938986457343947,
                1.8749747014976126,
                1.8608322567098752,
                1.8833188044250855,
                1.929926457991874,
                1.992455822909523,
                2.068688532673654,
                2.162048404229157,
                2.2793924390047944,
                2.427223867588155,
                2.606915885550892,
                2.8100702499589505,
                3.015694886306109,
                3.1909913061342987,
                3.2967488183912645,
                3.296639520084139,
                3.1677461254291663,
                2.9085100808281106,
                2.540814383130661,
                2.105099230196513,
                1.6502357322351386,
                1.2219063061560775,
                0.8534725084907335,
                0.5618047092093581,
                0.3482687554753406,
                0.20320889156289218,
                0.11155582191789287,
                0.057600649867975036,
                0.027966866997045717,
                0.012766178223286517,
                0.005477923785303986,
                0.0022093278073711735,
                0.0008374426973816222,
                0.00029831196964835515,
                9.985806541236914e-05,
                3.1410420194364566e-05,
                9.283839812880959e-06,
                2.5782978419691036e-06,
                6.727919716905751e-07,
                1.6495422696160793e-07,
                3.7999269727503e-08,
                8.224540997892718e-09,
                1.672511722500998e-09,
                3.1955455959908287e-10,
                5.73636965271711e-11,
                9.674843356948698e-12,
                1.533078246409973e-12,
                2.2824300574714e-13,
                3.19258821566983e-14
            ],
            "actualIsNotThisClass": [
                5.803813210305598e-19,
                5.770968415986005e-18,
                5.3816069368195924e-17,
                4.70697863791041e-16,
                3.861736451640096e-15,
                2.9722197374208755e-14,
                2.1462963892216163e-13,
                1.4543429203185262e-12,
                9.248593073820649e-12,
                5.520589129993467e-11,
                3.093650701950343e-10,
                1.6278506679046589e-09,
                8.044569340425711e-09,
                3.734475339663866e-08,
                1.6288999487472185e-07,
                6.677319268695727e-07,
                2.57313483416066e-06,
                9.323724388749213e-06,
                3.17760332663734e-05,
                0.00010188543936934285,
                0.0003074299719779472,
                0.0008732139604713454,
                0.002335351281899973,
                0.005882396932160345,
                0.013958424892314164,
                0.03121069846046292,
                0.06577435570869758,
                0.13067557373242303,
                0.24480273345504316,
                0.43254102022367463,
                0.7210185231754709,
                1.1342738137975166,
                1.684721103422603,
                2.363894432674592,
                3.1359252850477697,
                3.9375459076532437,
                4.686842604878507,
                5.299661046605739,
                5.7088573816851,
                5.87954962345401,
                5.814660939734218,
                5.549152514387163,
                5.136336477941561,
                4.632757319559698,
                4.087653786727613,
                3.5395112702834868,
                3.018042765851781,
                2.547600013527261,
                2.1485369655536903,
                1.835524107025691,
                1.614332741983346,
                1.4796530320657404,
                1.4157857116129544,
                1.4003483241503278,
                1.4095952199752257,
                1.4233359028317871,
                1.427872444646987,
                1.4164550198514578,
                1.3878402780671828,
                1.3441006415231358,
                1.2886970549161874,
                1.2252325005364884,
                1.1567261684442174,
                1.0850715667976654,
                1.0105916891353846,
                0.9319588721340564,
                0.8468188490767976,
                0.7531220564586966,
                0.6506605451123082,
                0.5420410148349183,
                0.43253243059732177,
                0.3287965067233361,
                0.23707289134867102,
                0.1616076509934639,
                0.10390033983089736,
                0.06289011706769179,
                0.03579367180514232,
                0.01913777841265119,
                0.00960622484441321,
                0.004524641771149082,
                0.0019991115742653115,
                0.0008283292656893661,
                0.0003218125268594498,
                0.00011721375575555832,
                4.002089076946932e-05,
                1.2808411540972258e-05,
                3.842200366947211e-06,
                1.0802461825508392e-06,
                2.8464898501197384e-07,
                7.029592620892203e-08,
                1.6269574911858343e-08,
                3.528917913834641e-09,
                7.173339625028575e-10,
                1.3665073748807791e-10,
                2.4395538429540604e-11,
                4.081449303724412e-12,
                6.399148652614788e-13,
                9.402262929972566e-14,
                1.2946247043972807e-14,
                1.6705359717029808e-15
            ],
            "actualIsThisClassMedian": 0.5391890406608582,
            "actualIsNotThisClassMedian": 0.411298543214798
        }
    },
    "calibrationData": [
        {
            "y": 0,
            "x": 0,
            "n": 0
        },
        {
            "y": 0.3870967741935484,
            "x": 0.38320913814729257,
            "n": 62.0
        },
        {
            "y": 0.7125,
            "x": 0.4397033262997866,
            "n": 80.0
        },
        {
            "y": 0.7708333333333334,
            "x": 0.5452866194148859,
            "n": 48.0
        },
        {
            "y": 0.8823529411764706,
            "x": 0.6567451266681447,
            "n": 85.0
        },
        {
            "y": 1,
            "x": 1,
            "n": 0
        }
    ],
    "probaDistribData": {
        "bins": [
            0.0,
            0.1,
            0.2,
            0.3,
            0.4,
            0.5,
            0.6,
            0.7,
            0.8,
            0.9,
            1.0
        ],
        "probaDistribs": [
            [
                0.0,
                0.0,
                0.0,
                38.0,
                23.0,
                11.0,
                10.0,
                0.0,
                0.0,
                0.0
            ],
            [
                0.0,
                0.0,
                0.0,
                24.0,
                57.0,
                37.0,
                75.0,
                0.0,
                0.0,
                0.0
            ]
        ]
    },
    "globalMetrics": {
        "testWeight": 275,
        "targetAvg": [
            0.7018181818181818
        ],
        "targetStd": [
            0.4582937687775508
        ],
        "predictionAvg": [
            0.7745454545454545
        ],
        "predictionStd": [
            0.4178813149548921
        ]
    }
}