{
    "predictedClassCountPerCut": [
        {
            "1": 275
        },
        {
            "1": 275
        },
        {
            "1": 275
        },
        {
            "1": 275
        },
        {
            "1": 275
        },
        {
            "1": 275
        },
        {
            "1": 275
        },
        {
            "1": 275
        },
        {
            "1": 275
        },
        {
            "1": 275
        },
        {
            "1": 275
        },
        {
            "1": 275
        },
        {
            "1": 275
        },
        {
            "1": 275
        },
        {
            "1": 275
        },
        {
            "1": 269,
            "0": 6
        },
        {
            "1": 213,
            "0": 62
        },
        {
            "1": 192,
            "0": 83
        },
        {
            "0": 139,
            "1": 136
        },
        {
            "0": 142,
            "1": 133
        },
        {
            "0": 142,
            "1": 133
        },
        {
            "0": 154,
            "1": 121
        },
        {
            "0": 167,
            "1": 108
        },
        {
            "0": 178,
            "1": 97
        },
        {
            "0": 190,
            "1": 85
        },
        {
            "0": 209,
            "1": 66
        },
        {
            "0": 222,
            "1": 53
        },
        {
            "0": 222,
            "1": 53
        },
        {
            "0": 275
        },
        {
            "0": 275
        },
        {
            "0": 275
        },
        {
            "0": 275
        },
        {
            "0": 275
        },
        {
            "0": 275
        },
        {
            "0": 275
        },
        {
            "0": 275
        },
        {
            "0": 275
        },
        {
            "0": 275
        },
        {
            "0": 275
        },
        {
            "0": 275
        }
    ],
    "cuts": [
        0.0,
        0.025,
        0.05,
        0.075,
        0.1,
        0.125,
        0.15,
        0.175,
        0.2,
        0.225,
        0.25,
        0.275,
        0.3,
        0.325,
        0.35,
        0.375,
        0.4,
        0.425,
        0.45,
        0.475,
        0.5,
        0.525,
        0.55,
        0.575,
        0.6,
        0.625,
        0.65,
        0.675,
        0.7,
        0.725,
        0.75,
        0.775,
        0.8,
        0.825,
        0.85,
        0.875,
        0.9,
        0.925,
        0.95,
        0.975
    ],
    "predictedClassCount": {
        "1": 213,
        "0": 62
    },
    "probabilityDensities": {
        "0": {
            "density": [
                8.005310021685865e-16,
                7.079538058645402e-15,
                5.842712661470139e-14,
                4.499941200917465e-13,
                3.2343121337322656e-12,
                2.1694025634155724e-11,
                1.3579449902208549e-10,
                7.932482320863111e-10,
                4.324367321108036e-09,
                2.20001097836009e-08,
                1.0445254789244147e-07,
                4.628170129408332e-07,
                1.9138204580052437e-06,
                7.385874196081052e-06,
                2.6602404864372686e-05,
                8.942737052108773e-05,
                0.00028058636804492894,
                0.0008217315884886229,
                0.0022464033051650422,
                0.0057329091604775406,
                0.013659603800476157,
                0.030390473065823764,
                0.06314706055479488,
                0.12257202014121353,
                0.2223278812623397,
                0.37700893094730614,
                0.5980296978756386,
                0.8880950779558436,
                1.2360760880588493,
                1.6149058273777064,
                1.984675426060241,
                2.3011856087498095,
                2.527525304543809,
                2.644311500551594,
                2.6543783983930505,
                2.5800976596484575,
                2.454846035413817,
                2.3125034475097688,
                2.1790577226858687,
                2.0686547248013314,
                1.9840990484280305,
                1.9202440120049924,
                1.8684323260030544,
                1.8207482934954817,
                1.773530333048233,
                1.7298472596295673,
                1.7004785470266206,
                1.7027546647625458,
                1.7568407128819656,
                1.8798562488881738,
                2.0793797281051836,
                2.348770872007037,
                2.6666200530824002,
                3.0011326971901604,
                3.3178675078872457,
                3.587318331966448,
                3.7887998067643793,
                3.9093390788421445,
                3.939512764803992,
                3.8701791616031747,
                3.693312048438385,
                3.407070376738298,
                3.021985998896427,
                2.5639908576564876,
                2.0716652569343292,
                1.5883393876726453,
                1.152372777487875,
                0.7895566915794235,
                0.5101189966095281,
                0.3104521829928893,
                0.17783546806320685,
                0.09582879848230101,
                0.048555637892870686,
                0.02312587168378042,
                0.010350037127933889,
                0.004351636856554859,
                0.0017183667610437446,
                0.000637113011602228,
                0.00022173596357788318,
                7.241892121682473e-05,
                2.218895356082537e-05,
                6.376158217130519e-06,
                1.717847647115464e-06,
                4.337883629294513e-07,
                1.0263686887113351e-07,
                2.2747170763487612e-08,
                4.7208398058497245e-09,
                9.171762464731213e-10,
                1.6676587817263404e-10,
                2.8370557956870855e-11,
                4.514680884922026e-12,
                6.718681983965622e-13,
                9.348578799989326e-14,
                1.2159773779616304e-14,
                1.478239625992808e-15,
                1.6793126607693799e-16,
                1.782461519179192e-17,
                1.7674670693376915e-18,
                1.63708616145684e-19,
                1.416226154949509e-20
            ],
            "median": 0.5506973266601562
        },
        "1": {
            "density": [
                1.4162236315482787e-20,
                1.637083404712225e-19,
                1.7674642608863527e-18,
                1.7824588510315034e-17,
                1.6793102968075552e-16,
                1.4782376726592343e-15,
                1.2159758726092365e-14,
                9.348567979453888e-14,
                6.718674729031369e-13,
                4.514676347391792e-12,
                2.8370531481922538e-11,
                1.6676573405786996e-10,
                9.171755145488093e-10,
                4.7208363374338995e-09,
                2.274715542721047e-08,
                1.0263680559510992e-07,
                4.337881193272887e-07,
                1.7178467720946872e-06,
                6.376155284908593e-06,
                2.2188944395926866e-05,
                7.24188945066345e-05,
                0.00022173589102524524,
                0.0006371128280366934,
                0.0017183663287975311,
                0.00435163591033558,
                0.010350035205148466,
                0.023125868063938404,
                0.04855563159624542,
                0.0958287883993857,
                0.17783545327719733,
                0.31045216329049585,
                0.5101189730480354,
                0.7895566668392159,
                1.1523727556913987,
                1.5883393734946392,
                2.071665254172421,
                2.563990867822135,
                3.021986020553595,
                3.4070704060515338,
                3.693312080749538,
                3.870179193209276,
                3.939512793926969,
                3.909339105270873,
                3.7887998305277275,
                3.587318352050494,
                3.317867521953688,
                3.0011327025248176,
                2.6666200481433098,
                2.3487708575650696,
                2.079379707287444,
                1.879856226144391,
                1.7568406924776612,
                1.7027546495335084,
                1.7004785378455278,
                1.7298472556102742,
                1.773530332209121,
                1.8207482935279349,
                1.8684323249024335,
                1.9202440085022447,
                1.9840990422873643,
                2.0686547170426683,
                2.1790577156585917,
                2.3125034446028967,
                2.454846040205669,
                2.580097674564684,
                2.654378423344266,
                2.6443115322697177,
                2.527525337161936,
                2.3011856355765223,
                1.9846754418237196,
                1.6149058299127057,
                1.2360760787014704,
                0.888095060605712,
                0.5980296773289155,
                0.3770089113260388,
                0.22232786512142008,
                0.1225720083719589,
                0.06314705283208573,
                0.030390468463877274,
                0.013659601295270375,
                0.005732907909461953,
                0.002246402730392599,
                0.0008217313449783837,
                0.0002805862727478766,
                8.942733602433346e-05,
                2.6602393300754324e-05,
                7.3858706033929564e-06,
                1.9138194226663233e-06,
                4.6281673601863687e-07,
                1.0445247910979603e-07,
                2.2000093911068964e-08,
                4.324363916767202e-09,
                7.932475532106344e-10,
                1.357943731150163e-10,
                2.169400391067984e-11,
                3.2343086460951726e-12,
                4.4999359895915354e-13,
                5.84270541272714e-14,
                7.0795286711685944e-15,
                8.005298700973393e-16
            ],
            "median": 0.44930264353752136
        }
    }
}