{
  "state": "DONE",
  "preSearchDescription": {
    "gridLength": 1,
    "searchStrategy": "GRID",
    "importantParams": [
      {
        "name": "trees",
        "val": "300"
      },
      {
        "name": "max_depth",
        "vals": [
          "3"
        ]
      }
    ]
  },
  "postSearchDescription": {
    "importantParams": [
      {
        "name": "trees",
        "val": "3"
      },
      {
        "name": "max_depth",
        "val": "3"
      }
    ]
  },
  "resumed": false,
  "timeOrderingEnabled": false,
  "sampleWeightsEnabled": false,
  "modelId": "m1",
  "progress": {
    "top_level_todo": [],
    "stack": [],
    "top_level_done": [
      {
        "name": "Loading train set",
        "time": 175
      },
      {
        "name": "Loading test set",
        "time": 19
      },
      {
        "name": "Collecting statistics",
        "time": 77
      },
      {
        "name": "Preprocessing train set",
        "time": 196
      },
      {
        "name": "Preprocessing test set",
        "time": 76
      },
      {
        "name": "Hyperparameter searching",
        "time": 1497
      },
      {
        "name": "Fitting model",
        "time": 114
      },
      {
        "name": "Saving model",
        "time": 201
      },
      {
        "name": "Scoring model",
        "time": 335
      },
      {
        "name": "Preparing explainability",
        "time": 5097
      }
    ]
  },
  "startTime": 1761374702618,
  "endTime": 1761374710473,
  "preprocessingTime": 567,
  "trainingTime": 7288,
  "hyperparamsSearchTime": 1497,
  "pythonVersion": "3.9.21",
  "packagesVersion": {
    "pandas": "2.2.3",
    "scikit-learn": "1.5.2",
    "scipy": "1.13.1",
    "lightgbm": "4.6.0",
    "flask": "2.2.5",
    "itsdangerous": "2.2.0",
    "jinja2": "3.1.6",
    "xgboost": "1.7.6",
    "werkzeug": "3.1.3",
    "statsmodels": "0.14.5",
    "pillow": "11.3.0",
    "markupsafe": "3.0.3",
    "cloudpickle": "1.5.0"
  }
}