{
  "starred": false,
  "clusterMetas": {},
  "customMeta": {
    "kv": {}
  },
  "tags": [],
  "activeClassifierThreshold": 0.4,
  "description": "",
  "name": "XGBoost (s2)",
  "labels": [
    {
      "key": "trainDataset:dataset-name",
      "value": "risk_prepared_code"
    },
    {
      "key": "testDataset:dataset-name",
      "value": "risk_prepared_code"
    },
    {
      "key": "evaluationDataset:dataset-name",
      "value": "risk_prepared_code"
    },
    {
      "key": "model:algorithm",
      "value": "XGBOOST_CLASSIFICATION"
    },
    {
      "key": "model:name",
      "value": "XGBoost (s2)"
    },
    {
      "key": "model:date",
      "value": "2025-10-25T06:45:10.473+0000"
    },
    {
      "key": "evaluation:date",
      "value": "2025-10-25T06:45:10.473+0000"
    }
  ]
}