{
  "columns": [
    {"name":"status","type":"string"},
    {"name":"duration","type":"bigint"},
    {"name":"history","type":"string"},
    {"name":"purpose","type":"string"},
    {"name":"amount","type":"bigint"},
    {"name":"payment_intensity","type":"double"},
    {"name":"savings","type":"string"},
    {"name":"employment_duration","type":"string"},
    {"name":"installment_rate","type":"bigint"},
    {"name":"gender_bin","type":"bigint"},
    {"name":"other_debtors","type":"string"},
    {"name":"present_residence","type":"bigint"},
    {"name":"property","type":"string"},
    {"name":"age","type":"bigint"},
    {"name":"other_installment_plans","type":"string"},
    {"name":"housing","type":"string"},
    {"name":"number_credits","type":"bigint"},
    {"name":"skilled employee/official","type":"double"},
    {"name":"unskilled - resident","type":"double"},
    {"name":"management/self-employed/highly qualified employee/officer","type":"double"},
    {"name":"unemployed/unskilled - non-resident","type":"double"},
    {"name":"people_liable","type":"bigint"},
    {"name":"telephone","type":"string"},
    {"name":"foreign_worker","type":"string"},
    {"name":"credit_risk","type":"bigint"},
    {"name":"log_amount","type":"double"}
  ],
  "userModified": false
}