{
  "pages": [
    {
      "id": "jvK7QKS",
      "grid": {
        "tiles": [
          {
            "tileType": "INSIGHT",
            "box": {
              "top": 0,
              "left": 0,
              "width": 18,
              "height": 21
            },
            "clickAction": "DO_NOTHING",
            "tileParams": {
              "displayMode": "feature_importance",
              "advancedOptions": {
                "featureImportance": {
                  "importanceDisplayMode": "globalExplanations",
                  "graphType": "absoluteFeatureImportance"
                },
                "interactiveScoring": {
                  "featuresOrder": [
                    "status",
                    "payment_intensity",
                    "amount",
                    "log_amount",
                    "purpose",
                    "duration",
                    "employment_duration",
                    "savings",
                    "housing",
                    "other_installment_plans",
                    "installment_rate",
                    "present_residence",
                    "telephone",
                    "other_debtors",
                    "number_credits",
                    "skilled employee/official",
                    "unskilled - resident",
                    "management/self-employed/highly qualified employee/officer",
                    "people_liable",
                    "foreign_worker",
                    "unemployed/unskilled - non-resident"
                  ]
                }
              }
            },
            "backgroundOpacity": 1.0,
            "backgroundColor": "#ffffff",
            "autoLoad": true,
            "locked": false,
            "borderOptions": {
              "color": "#CCCCCC",
              "radius": 0,
              "size": 1
            },
            "titleOptions": {
              "showTitle": "YES",
              "fontColor": "#000000",
              "fontSize": 13
            },
            "insightId": "BZZBLsa",
            "insightType": "saved-model_report",
            "displayMode": "INSIGHT",
            "useDashboardSpacing": true,
            "tileSpacing": 8,
            "padding": 0,
            "resizeImageMode": "FIT_SIZE"
          },
          {
            "tileType": "INSIGHT",
            "box": {
              "top": 0,
              "left": 18,
              "width": 16,
              "height": 22
            },
            "clickAction": "DO_NOTHING",
            "tileParams": {
              "displayMode": "bc_confusion",
              "advancedOptions": {
                "featureImportance": {
                  "importanceDisplayMode": "globalExplanations",
                  "graphType": "absoluteFeatureImportance"
                },
                "interactiveScoring": {
                  "featuresOrder": [
                    "status",
                    "payment_intensity",
                    "amount",
                    "log_amount",
                    "purpose",
                    "duration",
                    "employment_duration",
                    "savings",
                    "housing",
                    "other_installment_plans",
                    "installment_rate",
                    "present_residence",
                    "telephone",
                    "other_debtors",
                    "number_credits",
                    "skilled employee/official",
                    "unskilled - resident",
                    "management/self-employed/highly qualified employee/officer",
                    "people_liable",
                    "foreign_worker",
                    "unemployed/unskilled - non-resident"
                  ]
                }
              }
            },
            "backgroundOpacity": 1.0,
            "backgroundColor": "#ffffff",
            "autoLoad": true,
            "locked": false,
            "borderOptions": {
              "color": "#CCCCCC",
              "radius": 0,
              "size": 1
            },
            "titleOptions": {
              "showTitle": "YES",
              "fontColor": "#000000",
              "fontSize": 13
            },
            "insightId": "cFR2E3i",
            "insightType": "saved-model_report",
            "displayMode": "INSIGHT",
            "useDashboardSpacing": true,
            "tileSpacing": 8,
            "padding": 0,
            "resizeImageMode": "FIT_SIZE"
          },
          {
            "tileType": "TEXT",
            "box": {
              "top": 21,
              "left": 0,
              "width": 16,
              "height": 5
            },
            "clickAction": "DO_NOTHING",
            "tileParams": {
              "text": "#  **Synthèse** \n\nLa variable status contribue le plus à la prédiction pour ce modèle (peut être différente selon le modèle retenu)\n\nInfluence du seuil sur la matrice de confusion : Augmenter le seuil \u003d augmente les FP (perte potentielle de clients) / baisser le seuil \u003d augmente les FN (risque de défaut) → seuil à déterminer selon la tolérance au risque.",
              "textAlign": "LEFT",
              "verticalAlign": "TOP"
            },
            "backgroundOpacity": 1.0,
            "backgroundColor": "#ffffff",
            "autoLoad": true,
            "locked": false,
            "borderOptions": {
              "color": "#CCCCCC",
              "radius": 0,
              "size": 1
            },
            "titleOptions": {
              "showTitle": "NO",
              "fontColor": "#000000",
              "fontSize": 13
            },
            "displayMode": "INSIGHT",
            "useDashboardSpacing": true,
            "tileSpacing": 8,
            "padding": 0,
            "resizeImageMode": "FIT_SIZE"
          }
        ]
      },
      "show": true,
      "showTitle": false,
      "titleAlign": "CENTER",
      "titleFontColor": "#444444",
      "titleFontSize": 28,
      "enableCrossFilters": true,
      "backgroundColor": "#FFFFFF",
      "showFilterPanel": true,
      "filtersParams": {
        "panelPosition": "TOP",
        "engineType": "LINO"
      }
    }
  ],
  "owner": "gigibot208@nrlord.com",
  "listed": false,
  "name": "Intrepret",
  "theme": {
    "id": "__dku_dss_default_theme__",
    "name": "Default",
    "colors": [
      "#1f77b4",
      "#ff7f0e",
      "#2ca02c",
      "#d62728",
      "#9467bd",
      "#8c564b",
      "#e377c2",
      "#7f7f7f",
      "#bcbd22",
      "#17becf",
      "#393b79",
      "#6b6ecf",
      "#637939",
      "#b5cf6b",
      "#8c6d31",
      "#e7ba52",
      "#843c39",
      "#d6616b",
      "#7b4173",
      "#ce6dbd"
    ],
    "themePalettes": {
      "discrete": {
        "id": "default_theme",
        "name": "Theme default",
        "category": "BUILT_IN",
        "colors": [
          "#1f77b4",
          "#A8D3F0",
          "#ff7f0e",
          "#FFC999",
          "#2ca02c",
          "#AFE9AF",
          "#d62728",
          "#EFA9A9",
          "#9467bd",
          "#CDB8E0",
          "#8c564b",
          "#DBC2BD",
          "#e377c2",
          "#EEAAD9",
          "#7f7f7f",
          "#CCCCCC",
          "#bcbd22",
          "#EFEFA9",
          "#17becf",
          "#A3EDF5",
          "#393b79",
          "#9698CE",
          "#6b6ecf",
          "#B2B4E6",
          "#637939",
          "#BBCE96",
          "#7F9A32",
          "#b5cf6b",
          "#8c6d31",
          "#DDC79D",
          "#B38519",
          "#e7ba52",
          "#843c39",
          "#D7A5A3",
          "#d6616b",
          "#EAAEB3",
          "#7b4173",
          "#D1A7CB",
          "#ce6dbd",
          "#E5B3DC"
        ],
        "sample": [
          "#1f77b4",
          "#A8D3F0",
          "#ff7f0e",
          "#FFC999",
          "#2ca02c"
        ],
        "isCustom": false,
        "createPairs": true
      },
      "continuous": [
        {
          "id": "default_theme",
          "name": "Theme default",
          "category": "BUILT_IN",
          "colors": [
            "#D3E9F8",
            "#1F77B4"
          ],
          "isCustom": false
        },
        {
          "id": "default_theme_rev",
          "name": "Theme default (rev)",
          "category": "BUILT_IN",
          "colors": [
            "#1F77B4",
            "#D3E9F8"
          ],
          "isCustom": false
        }
      ],
      "diverging": {
        "id": "default_theme",
        "name": "Theme default",
        "category": "BUILT_IN",
        "colors": [
          "#1F77B4",
          "#FFFFFF",
          "#FF7F0E"
        ],
        "isCustom": false
      }
    },
    "palettes": {
      "discrete": "default_theme",
      "continuous": "default_theme",
      "diverging": "default_theme"
    },
    "generalFormatting": {
      "fontSize": 11,
      "fontColor": "#333333",
      "hasBackground": false,
      "fontFamily": "SourceSansPro"
    },
    "pageTitleFormatting": {
      "fontSize": 28,
      "fontColor": "#444444",
      "hasBackground": false
    },
    "tileTitleFormatting": {
      "fontSize": 13,
      "fontColor": "#000000",
      "hasBackground": false
    },
    "chartTitleFormatting": {
      "fontSize": 15,
      "fontColor": "#333333",
      "hasBackground": false
    },
    "legendFormatting": {
      "fontSize": 11,
      "fontColor": "#333333",
      "hasBackground": false
    },
    "pageTitleAlignment": "CENTER",
    "backgroundColor": "#FFFFFF",
    "tileSpacing": 8,
    "tileFormatting": {
      "borderOptions": {
        "color": "#CCCCCC",
        "radius": 0,
        "size": 1
      },
      "backgroundOpacity": 1.0
    },
    "isCustomized": false,
    "isBuiltIn": true
  },
  "showGrid": false,
  "autoStackUp": true,
  "columnNumber": 36,
  "showNavigationArrows": false,
  "reloadWhenEventReceived": false,
  "tileSpacing": 8,
  "circularNavigation": false,
  "creationTag": {
    "versionNumber": 0,
    "lastModifiedBy": {
      "login": "gigibot208@nrlord.com"
    },
    "lastModifiedOn": 1761374782592
  },
  "tags": [],
  "customFields": {},
  "checklists": {
    "checklists": []
  }
}