{
  "trainedWithDSSVersion": "14.2.0",
  "backend": "PY_MEMORY",
  "isValid": true,
  "type": "BINARY_PROBABILISTIC",
  "algorithm_name": "FOREST_CLASSIFIER",
  "columns": [
    "installment_rate",
    "duration",
    "management/self-employed/highly qualified employee/officer",
    "number_credits",
    "unemployed/unskilled - non-resident",
    "log_amount",
    "skilled employee/official",
    "people_liable",
    "payment_intensity",
    "amount",
    "unskilled - resident",
    "present_residence",
    "dummy:purpose:domestic appliances",
    "dummy:purpose:car (new)",
    "dummy:purpose:radio/television",
    "dummy:purpose:car (used)",
    "dummy:purpose:others",
    "dummy:purpose:retraining",
    "dummy:purpose:education",
    "dummy:purpose:repairs",
    "dummy:purpose:furniture/equipment",
    "dummy:purpose:business",
    "dummy:purpose:N/A",
    "dummy:purpose:__Others__",
    "dummy:housing:own",
    "dummy:housing:rent",
    "dummy:housing:for free",
    "dummy:housing:N/A",
    "dummy:housing:__Others__",
    "dummy:other_debtors:none",
    "dummy:other_debtors:guarantor",
    "dummy:other_debtors:co-applicant",
    "dummy:other_debtors:N/A",
    "dummy:other_debtors:__Others__",
    "dummy:savings:... \u003c 100 DM",
    "dummy:savings:unknown/no savings account",
    "dummy:savings:100 \u003c\u003d ... \u003c 500 DM",
    "dummy:savings:500 \u003c\u003d ... \u003c 1000 DM",
    "dummy:savings:... \u003e\u003d 1000 DM",
    "dummy:savings:N/A",
    "dummy:savings:__Others__",
    "dummy:other_installment_plans:none",
    "dummy:other_installment_plans:bank",
    "dummy:other_installment_plans:stores",
    "dummy:other_installment_plans:N/A",
    "dummy:other_installment_plans:__Others__",
    "dummy:telephone:no",
    "dummy:telephone:yes",
    "dummy:telephone:N/A",
    "dummy:telephone:__Others__",
    "dummy:foreign_worker:yes",
    "dummy:foreign_worker:no",
    "dummy:foreign_worker:N/A",
    "dummy:foreign_worker:__Others__",
    "dummy:employment_duration:1 \u003c\u003d ... \u003c 4 years",
    "dummy:employment_duration:... \u003e\u003d 7 years",
    "dummy:employment_duration:4 \u003c\u003d ... \u003c 7 years",
    "dummy:employment_duration:... \u003c 1 year",
    "dummy:employment_duration:unemployed",
    "dummy:employment_duration:N/A",
    "dummy:employment_duration:__Others__",
    "dummy:status:no checking account",
    "dummy:status:0 \u003c\u003d ... \u003c 200 DM",
    "dummy:status:... \u003c 100 DM",
    "dummy:status:... \u003e\u003d 200 DM / salary for at least 1 year",
    "dummy:status:N/A",
    "dummy:status:__Others__"
  ],
  "classes": [
    "0",
    "1"
  ]
}