{
    "featuresDistribution": {
        "purpose": {
            "type": "CATEGORY",
            "nbDistinct": 10,
            "count": 725,
            "missingCount": 0.0,
            "values": {
                "scale": [
                    "domestic appliances",
                    "car (new)",
                    "radio/television",
                    "car (used)",
                    "others",
                    "retraining",
                    "education",
                    "furniture/equipment",
                    "repairs",
                    "business"
                ],
                "distribution": [
                    0.28,
                    0.2289655172413793,
                    0.18482758620689654,
                    0.1006896551724138,
                    0.09793103448275862,
                    0.04689655172413793,
                    0.019310344827586208,
                    0.015172413793103448,
                    0.015172413793103448,
                    0.011034482758620689
                ]
            }
        },
        "housing": {
            "type": "CATEGORY",
            "nbDistinct": 3,
            "count": 725,
            "missingCount": 0.0,
            "values": {
                "scale": [
                    "own",
                    "rent",
                    "for free"
                ],
                "distribution": [
                    0.7296551724137931,
                    0.1724137931034483,
                    0.09793103448275862
                ]
            }
        },
        "installment_rate": {
            "type": "NUMERIC",
            "nbDistinct": 4,
            "count": 725,
            "missingCount": 0.0,
            "histogram": {
                "scale": [
                    1.0,
                    1.0612244897959184,
                    1.1224489795918366,
                    1.183673469387755,
                    1.2448979591836735,
                    1.306122448979592,
                    1.3673469387755102,
                    1.4285714285714286,
                    1.489795918367347,
                    1.5510204081632653,
                    1.6122448979591837,
                    1.6734693877551021,
                    1.7346938775510203,
                    1.7959183673469388,
                    1.8571428571428572,
                    1.9183673469387754,
                    1.9795918367346939,
                    2.0408163265306123,
                    2.1020408163265305,
                    2.163265306122449,
                    2.2244897959183674,
                    2.2857142857142856,
                    2.3469387755102042,
                    2.4081632653061225,
                    2.4693877551020407,
                    2.5306122448979593,
                    2.5918367346938775,
                    2.6530612244897958,
                    2.7142857142857144,
                    2.7755102040816326,
                    2.836734693877551,
                    2.8979591836734695,
                    2.9591836734693877,
                    3.020408163265306,
                    3.0816326530612246,
                    3.142857142857143,
                    3.204081632653061,
                    3.2653061224489797,
                    3.326530612244898,
                    3.387755102040816,
                    3.4489795918367347,
                    3.510204081632653,
                    3.571428571428571,
                    3.63265306122449,
                    3.693877551020408,
                    3.7551020408163263,
                    3.816326530612245,
                    3.877551020408163,
                    3.9387755102040813,
                    4.0
                ],
                "distribution": [
                    0.14620689655172414,
                    0.0,
                    0.0,
                    0.0,
                    0.0,
                    0.0,
                    0.0,
                    0.0,
                    0.0,
                    0.0,
                    0.0,
                    0.0,
                    0.0,
                    0.0,
                    0.0,
                    0.0,
                    0.2193103448275862,
                    0.0,
                    0.0,
                    0.0,
                    0.0,
                    0.0,
                    0.0,
                    0.0,
                    0.0,
                    0.0,
                    0.0,
                    0.0,
                    0.0,
                    0.0,
                    0.0,
                    0.0,
                    0.16137931034482758,
                    0.0,
                    0.0,
                    0.0,
                    0.0,
                    0.0,
                    0.0,
                    0.0,
                    0.0,
                    0.0,
                    0.0,
                    0.0,
                    0.0,
                    0.0,
                    0.0,
                    0.0,
                    0.4731034482758621
                ]
            },
            "quantiles": {
                "scale": [
                    1.0,
                    1.5,
                    2.0,
                    2.5,
                    3.0,
                    3.5,
                    4.0,
                    4.0,
                    4.0,
                    4.0
                ],
                "distribution": [
                    0.0,
                    0.14620689655172414,
                    0.0,
                    0.2193103448275862,
                    0.0,
                    0.16137931034482758,
                    0.0,
                    0.0,
                    0.0,
                    0.4731034482758621
                ]
            },
            "topValues": [
                {
                    "value": 4.0,
                    "count": 343.0
                },
                {
                    "value": 2.0,
                    "count": 159.0
                },
                {
                    "value": 3.0,
                    "count": 117.0
                },
                {
                    "value": 1.0,
                    "count": 106.0
                }
            ]
        },
        "duration": {
            "type": "NUMERIC",
            "nbDistinct": 33,
            "count": 725,
            "missingCount": 0.0,
            "histogram": {
                "scale": [
                    4.0,
                    5.387755102040816,
                    6.775510204081632,
                    8.16326530612245,
                    9.551020408163264,
                    10.938775510204081,
                    12.326530612244898,
                    13.714285714285714,
                    15.10204081632653,
                    16.48979591836735,
                    17.877551020408163,
                    19.26530612244898,
                    20.653061224489797,
                    22.040816326530614,
                    23.428571428571427,
                    24.816326530612244,
                    26.20408163265306,
                    27.591836734693878,
                    28.979591836734695,
                    30.36734693877551,
                    31.755102040816325,
                    33.14285714285714,
                    34.53061224489796,
                    35.91836734693878,
                    37.30612244897959,
                    38.69387755102041,
                    40.08163265306123,
                    41.46938775510204,
                    42.857142857142854,
                    44.244897959183675,
                    45.63265306122449,
                    47.02040816326531,
                    48.40816326530612,
                    49.795918367346935,
                    51.183673469387756,
                    52.57142857142857,
                    53.95918367346939,
                    55.3469387755102,
                    56.73469387755102,
                    58.12244897959184,
                    59.51020408163265,
                    60.89795918367347,
                    62.285714285714285,
                    63.6734693877551,
                    65.06122448979592,
                    66.44897959183673,
                    67.83673469387756,
                    69.22448979591837,
                    70.61224489795919,
                    72.0
                ],
                "distribution": [
                    0.008275862068965517,
                    0.07586206896551724,
                    0.006896551724137931,
                    0.04827586206896552,
                    0.028965517241379312,
                    0.19034482758620688,
                    0.005517241379310344,
                    0.0703448275862069,
                    0.002758620689655172,
                    0.0,
                    0.10896551724137932,
                    0.006896551724137931,
                    0.03586206896551724,
                    0.0,
                    0.1793103448275862,
                    0.001379310344827586,
                    0.015172413793103448,
                    0.002758620689655172,
                    0.04551724137931035,
                    0.0,
                    0.002758620689655172,
                    0.0,
                    0.0,
                    0.07724137931034483,
                    0.0,
                    0.008275862068965517,
                    0.0,
                    0.008275862068965517,
                    0.0,
                    0.004137931034482759,
                    0.001379310344827586,
                    0.04689655172413793,
                    0.0,
                    0.0,
                    0.0,
                    0.0,
                    0.002758620689655172,
                    0.0,
                    0.0,
                    0.0,
                    0.013793103448275862,
                    0.0,
                    0.0,
                    0.0,
                    0.0,
                    0.0,
                    0.0,
                    0.0,
                    0.001379310344827586
                ]
            },
            "quantiles": {
                "scale": [
                    6.5,
                    10.5,
                    12.0,
                    13.5,
                    16.5,
                    21.0,
                    24.0,
                    27.0,
                    33.0,
                    54.0
                ],
                "distribution": [
                    0.0910344827586207,
                    0.08413793103448276,
                    0.0,
                    0.19448275862068964,
                    0.06758620689655172,
                    0.15172413793103448,
                    0.0,
                    0.1986206896551724,
                    0.04827586206896552,
                    0.16413793103448276
                ]
            },
            "topValues": [
                {
                    "value": 12.0,
                    "count": 133.0
                },
                {
                    "value": 24.0,
                    "count": 130.0
                },
                {
                    "value": 18.0,
                    "count": 79.0
                },
                {
                    "value": 36.0,
                    "count": 56.0
                },
                {
                    "value": 6.0,
                    "count": 55.0
                },
                {
                    "value": 15.0,
                    "count": 47.0
                },
                {
                    "value": 9.0,
                    "count": 35.0
                },
                {
                    "value": 48.0,
                    "count": 34.0
                },
                {
                    "value": 30.0,
                    "count": 33.0
                },
                {
                    "value": 21.0,
                    "count": 24.0
                },
                {
                    "value": 10.0,
                    "count": 21.0
                },
                {
                    "value": 27.0,
                    "count": 11.0
                },
                {
                    "value": 60.0,
                    "count": 10.0
                },
                {
                    "value": 42.0,
                    "count": 6.0
                },
                {
                    "value": 4.0,
                    "count": 5.0
                },
                {
                    "value": 20.0,
                    "count": 5.0
                },
                {
                    "value": 11.0,
                    "count": 5.0
                },
                {
                    "value": 39.0,
                    "count": 5.0
                },
                {
                    "value": 13.0,
                    "count": 4.0
                },
                {
                    "value": 14.0,
                    "count": 4.0
                },
                {
                    "value": 45.0,
                    "count": 3.0
                },
                {
                    "value": 7.0,
                    "count": 3.0
                },
                {
                    "value": 22.0,
                    "count": 2.0
                },
                {
                    "value": 8.0,
                    "count": 2.0
                },
                {
                    "value": 16.0,
                    "count": 2.0
                },
                {
                    "value": 28.0,
                    "count": 2.0
                },
                {
                    "value": 54.0,
                    "count": 2.0
                },
                {
                    "value": 33.0,
                    "count": 2.0
                },
                {
                    "value": 5.0,
                    "count": 1.0
                },
                {
                    "value": 26.0,
                    "count": 1.0
                },
                {
                    "value": 40.0,
                    "count": 1.0
                },
                {
                    "value": 47.0,
                    "count": 1.0
                },
                {
                    "value": 72.0,
                    "count": 1.0
                }
            ]
        },
        "other_debtors": {
            "type": "CATEGORY",
            "nbDistinct": 3,
            "count": 725,
            "missingCount": 0.0,
            "values": {
                "scale": [
                    "none",
                    "guarantor",
                    "co-applicant"
                ],
                "distribution": [
                    0.9186206896551724,
                    0.04551724137931035,
                    0.03586206896551724
                ]
            }
        },
        "management/self-employed/highly qualified employee/officer": {
            "type": "NUMERIC",
            "nbDistinct": 2,
            "count": 725,
            "missingCount": 612.0,
            "histogram": {
                "scale": [
                    1.0,
                    1.0,
                    1.0,
                    1.0,
                    1.0,
                    1.0,
                    1.0,
                    1.0,
                    1.0,
                    1.0,
                    1.0,
                    1.0,
                    1.0,
                    1.0,
                    1.0,
                    1.0,
                    1.0,
                    1.0,
                    1.0,
                    1.0,
                    1.0,
                    1.0,
                    1.0,
                    1.0,
                    1.0,
                    1.0,
                    1.0,
                    1.0,
                    1.0,
                    1.0,
                    1.0,
                    1.0,
                    1.0,
                    1.0,
                    1.0,
                    1.0,
                    1.0,
                    1.0,
                    1.0,
                    1.0,
                    1.0,
                    1.0,
                    1.0,
                    1.0,
                    1.0,
                    1.0,
                    1.0,
                    1.0,
                    1.0,
                    1.0
                ],
                "distribution": [
                    0.0,
                    0.0,
                    0.0,
                    0.0,
                    0.0,
                    0.0,
                    0.0,
                    0.0,
                    0.0,
                    0.0,
                    0.0,
                    0.0,
                    0.0,
                    0.0,
                    0.0,
                    0.0,
                    0.0,
                    0.0,
                    0.0,
                    0.0,
                    0.0,
                    0.0,
                    0.0,
                    0.0,
                    0.0,
                    0.0,
                    0.0,
                    0.0,
                    0.0,
                    0.0,
                    0.0,
                    0.0,
                    0.0,
                    0.0,
                    0.0,
                    0.0,
                    0.0,
                    0.0,
                    0.0,
                    0.0,
                    0.0,
                    0.0,
                    0.0,
                    0.0,
                    0.0,
                    0.0,
                    0.0,
                    0.0,
                    1.0
                ]
            },
            "quantiles": {
                "scale": [
                    1.0,
                    1.0,
                    1.0,
                    1.0,
                    1.0,
                    1.0,
                    1.0,
                    1.0,
                    1.0,
                    1.0
                ],
                "distribution": [
                    0.0,
                    0.0,
                    0.0,
                    0.0,
                    0.0,
                    0.0,
                    0.0,
                    0.0,
                    0.0,
                    1.0
                ]
            },
            "topValues": [
                {
                    "value": 1.0,
                    "count": 113.0
                }
            ]
        },
        "number_credits": {
            "type": "NUMERIC",
            "nbDistinct": 4,
            "count": 725,
            "missingCount": 0.0,
            "histogram": {
                "scale": [
                    1.0,
                    1.0612244897959184,
                    1.1224489795918366,
                    1.183673469387755,
                    1.2448979591836735,
                    1.306122448979592,
                    1.3673469387755102,
                    1.4285714285714286,
                    1.489795918367347,
                    1.5510204081632653,
                    1.6122448979591837,
                    1.6734693877551021,
                    1.7346938775510203,
                    1.7959183673469388,
                    1.8571428571428572,
                    1.9183673469387754,
                    1.9795918367346939,
                    2.0408163265306123,
                    2.1020408163265305,
                    2.163265306122449,
                    2.2244897959183674,
                    2.2857142857142856,
                    2.3469387755102042,
                    2.4081632653061225,
                    2.4693877551020407,
                    2.5306122448979593,
                    2.5918367346938775,
                    2.6530612244897958,
                    2.7142857142857144,
                    2.7755102040816326,
                    2.836734693877551,
                    2.8979591836734695,
                    2.9591836734693877,
                    3.020408163265306,
                    3.0816326530612246,
                    3.142857142857143,
                    3.204081632653061,
                    3.2653061224489797,
                    3.326530612244898,
                    3.387755102040816,
                    3.4489795918367347,
                    3.510204081632653,
                    3.571428571428571,
                    3.63265306122449,
                    3.693877551020408,
                    3.7551020408163263,
                    3.816326530612245,
                    3.877551020408163,
                    3.9387755102040813,
                    4.0
                ],
                "distribution": [
                    0.6289655172413793,
                    0.0,
                    0.0,
                    0.0,
                    0.0,
                    0.0,
                    0.0,
                    0.0,
                    0.0,
                    0.0,
                    0.0,
                    0.0,
                    0.0,
                    0.0,
                    0.0,
                    0.0,
                    0.3351724137931035,
                    0.0,
                    0.0,
                    0.0,
                    0.0,
                    0.0,
                    0.0,
                    0.0,
                    0.0,
                    0.0,
                    0.0,
                    0.0,
                    0.0,
                    0.0,
                    0.0,
                    0.0,
                    0.028965517241379312,
                    0.0,
                    0.0,
                    0.0,
                    0.0,
                    0.0,
                    0.0,
                    0.0,
                    0.0,
                    0.0,
                    0.0,
                    0.0,
                    0.0,
                    0.0,
                    0.0,
                    0.0,
                    0.006896551724137931
                ]
            },
            "quantiles": {
                "scale": [
                    1.0,
                    1.0,
                    1.0,
                    1.0,
                    1.0,
                    1.0,
                    1.5,
                    2.0,
                    2.0,
                    3.0
                ],
                "distribution": [
                    0.0,
                    0.0,
                    0.0,
                    0.0,
                    0.0,
                    0.0,
                    0.6289655172413793,
                    0.0,
                    0.0,
                    0.37103448275862067
                ]
            },
            "topValues": [
                {
                    "value": 1.0,
                    "count": 456.0
                },
                {
                    "value": 2.0,
                    "count": 243.0
                },
                {
                    "value": 3.0,
                    "count": 21.0
                },
                {
                    "value": 4.0,
                    "count": 5.0
                }
            ]
        },
        "unemployed/unskilled - non-resident": {
            "type": "NUMERIC",
            "nbDistinct": 2,
            "count": 725,
            "missingCount": 708.0,
            "histogram": {
                "scale": [
                    1.0,
                    1.0,
                    1.0,
                    1.0,
                    1.0,
                    1.0,
                    1.0,
                    1.0,
                    1.0,
                    1.0,
                    1.0,
                    1.0,
                    1.0,
                    1.0,
                    1.0,
                    1.0,
                    1.0,
                    1.0,
                    1.0,
                    1.0,
                    1.0,
                    1.0,
                    1.0,
                    1.0,
                    1.0,
                    1.0,
                    1.0,
                    1.0,
                    1.0,
                    1.0,
                    1.0,
                    1.0,
                    1.0,
                    1.0,
                    1.0,
                    1.0,
                    1.0,
                    1.0,
                    1.0,
                    1.0,
                    1.0,
                    1.0,
                    1.0,
                    1.0,
                    1.0,
                    1.0,
                    1.0,
                    1.0,
                    1.0,
                    1.0
                ],
                "distribution": [
                    0.0,
                    0.0,
                    0.0,
                    0.0,
                    0.0,
                    0.0,
                    0.0,
                    0.0,
                    0.0,
                    0.0,
                    0.0,
                    0.0,
                    0.0,
                    0.0,
                    0.0,
                    0.0,
                    0.0,
                    0.0,
                    0.0,
                    0.0,
                    0.0,
                    0.0,
                    0.0,
                    0.0,
                    0.0,
                    0.0,
                    0.0,
                    0.0,
                    0.0,
                    0.0,
                    0.0,
                    0.0,
                    0.0,
                    0.0,
                    0.0,
                    0.0,
                    0.0,
                    0.0,
                    0.0,
                    0.0,
                    0.0,
                    0.0,
                    0.0,
                    0.0,
                    0.0,
                    0.0,
                    0.0,
                    0.0,
                    1.0
                ]
            },
            "quantiles": {
                "scale": [
                    1.0,
                    1.0,
                    1.0,
                    1.0,
                    1.0,
                    1.0,
                    1.0,
                    1.0,
                    1.0,
                    1.0
                ],
                "distribution": [
                    0.0,
                    0.0,
                    0.0,
                    0.0,
                    0.0,
                    0.0,
                    0.0,
                    0.0,
                    0.0,
                    1.0
                ]
            },
            "topValues": [
                {
                    "value": 1.0,
                    "count": 17.0
                }
            ]
        },
        "log_amount": {
            "type": "NUMERIC",
            "nbDistinct": 683,
            "count": 725,
            "missingCount": 0.0,
            "histogram": {
                "scale": [
                    5.5254529391317835,
                    5.6131266284772074,
                    5.7008003178226305,
                    5.7884740071680545,
                    5.876147696513478,
                    5.9638213858589015,
                    6.051495075204325,
                    6.139168764549749,
                    6.226842453895172,
                    6.314516143240596,
                    6.402189832586019,
                    6.489863521931443,
                    6.577537211276866,
                    6.66521090062229,
                    6.752884589967713,
                    6.840558279313137,
                    6.92823196865856,
                    7.015905658003984,
                    7.103579347349407,
                    7.191253036694831,
                    7.278926726040254,
                    7.366600415385678,
                    7.454274104731101,
                    7.541947794076525,
                    7.629621483421948,
                    7.717295172767372,
                    7.804968862112796,
                    7.892642551458219,
                    7.980316240803642,
                    8.067989930149066,
                    8.15566361949449,
                    8.243337308839912,
                    8.331010998185336,
                    8.41868468753076,
                    8.506358376876184,
                    8.594032066221608,
                    8.68170575556703,
                    8.769379444912454,
                    8.857053134257878,
                    8.9447268236033,
                    9.032400512948724,
                    9.120074202294148,
                    9.207747891639572,
                    9.295421580984996,
                    9.383095270330418,
                    9.470768959675842,
                    9.558442649021266,
                    9.646116338366689,
                    9.733790027712114,
                    9.821463717057537
                ],
                "distribution": [
                    0.001379310344827586,
                    0.0,
                    0.0,
                    0.004137931034482759,
                    0.002758620689655172,
                    0.002758620689655172,
                    0.002758620689655172,
                    0.001379310344827586,
                    0.002758620689655172,
                    0.002758620689655172,
                    0.008275862068965517,
                    0.022068965517241378,
                    0.015172413793103448,
                    0.008275862068965517,
                    0.022068965517241378,
                    0.013793103448275862,
                    0.022068965517241378,
                    0.034482758620689655,
                    0.05931034482758621,
                    0.05517241379310345,
                    0.057931034482758624,
                    0.020689655172413793,
                    0.034482758620689655,
                    0.04551724137931035,
                    0.038620689655172416,
                    0.05517241379310345,
                    0.04,
                    0.041379310344827586,
                    0.034482758620689655,
                    0.030344827586206897,
                    0.04551724137931035,
                    0.034482758620689655,
                    0.02620689655172414,
                    0.023448275862068966,
                    0.020689655172413793,
                    0.012413793103448275,
                    0.023448275862068966,
                    0.022068965517241378,
                    0.02620689655172414,
                    0.020689655172413793,
                    0.012413793103448275,
                    0.011034482758620689,
                    0.009655172413793104,
                    0.006896551724137931,
                    0.008275862068965517,
                    0.002758620689655172,
                    0.008275862068965517,
                    0.004137931034482759,
                    0.001379310344827586
                ]
            },
            "quantiles": {
                "scale": [
                    6.1918405656601205,
                    7.004856828046597,
                    7.231979414212303,
                    7.436651622106918,
                    7.656367606386287,
                    7.848154867020433,
                    8.065317463112752,
                    8.322392765874437,
                    8.682306012178366,
                    9.36376036746432
                ],
                "distribution": [
                    0.0993103448275862,
                    0.09793103448275862,
                    0.10206896551724139,
                    0.1006896551724138,
                    0.0993103448275862,
                    0.1006896551724138,
                    0.1006896551724138,
                    0.0993103448275862,
                    0.1006896551724138,
                    0.0993103448275862
                ]
            },
            "topValues": [
                {
                    "value": 7.151485463904735,
                    "count": 3.0
                },
                {
                    "value": 6.553933404025811,
                    "count": 2.0
                },
                {
                    "value": 6.565264970035361,
                    "count": 2.0
                },
                {
                    "value": 6.590301048196686,
                    "count": 2.0
                },
                {
                    "value": 6.688354713946762,
                    "count": 2.0
                },
                {
                    "value": 6.838405200847344,
                    "count": 2.0
                },
                {
                    "value": 6.9874902470009905,
                    "count": 2.0
                },
                {
                    "value": 7.064759027791802,
                    "count": 2.0
                },
                {
                    "value": 7.090076835776092,
                    "count": 2.0
                },
                {
                    "value": 7.116394144093465,
                    "count": 2.0
                },
                {
                    "value": 7.1204443723924875,
                    "count": 2.0
                },
                {
                    "value": 7.123672785204607,
                    "count": 2.0
                },
                {
                    "value": 7.142827401161621,
                    "count": 2.0
                },
                {
                    "value": 7.1569563646156364,
                    "count": 2.0
                },
                {
                    "value": 7.16703787691222,
                    "count": 2.0
                },
                {
                    "value": 7.20414929203594,
                    "count": 2.0
                },
                {
                    "value": 7.226209010100671,
                    "count": 2.0
                },
                {
                    "value": 7.232010331664759,
                    "count": 2.0
                },
                {
                    "value": 7.234898420314831,
                    "count": 2.0
                },
                {
                    "value": 7.2399325913204695,
                    "count": 2.0
                },
                {
                    "value": 7.251344983372214,
                    "count": 2.0
                },
                {
                    "value": 7.2520539518528135,
                    "count": 2.0
                },
                {
                    "value": 7.261927092702751,
                    "count": 2.0
                },
                {
                    "value": 7.27931883541462,
                    "count": 2.0
                },
                {
                    "value": 7.29641326877392,
                    "count": 2.0
                },
                {
                    "value": 7.2991214627108,
                    "count": 2.0
                },
                {
                    "value": 7.315883504509785,
                    "count": 2.0
                },
                {
                    "value": 7.344072850573066,
                    "count": 2.0
                },
                {
                    "value": 7.560080465021827,
                    "count": 2.0
                },
                {
                    "value": 7.562681246721884,
                    "count": 2.0
                },
                {
                    "value": 7.620705086838262,
                    "count": 2.0
                },
                {
                    "value": 7.786136437783072,
                    "count": 2.0
                },
                {
                    "value": 7.875499292445208,
                    "count": 2.0
                },
                {
                    "value": 7.999342952713282,
                    "count": 2.0
                },
                {
                    "value": 8.012349639327795,
                    "count": 2.0
                },
                {
                    "value": 8.032035314398824,
                    "count": 2.0
                },
                {
                    "value": 8.186185994226083,
                    "count": 2.0
                },
                {
                    "value": 8.304742269640771,
                    "count": 2.0
                },
                {
                    "value": 8.360071435644025,
                    "count": 2.0
                },
                {
                    "value": 8.417814747435958,
                    "count": 2.0
                },
                {
                    "value": 8.819073983267831,
                    "count": 2.0
                },
                {
                    "value": 5.5254529391317835,
                    "count": 1.0
                },
                {
                    "value": 5.82600010738045,
                    "count": 1.0
                },
                {
                    "value": 5.8289456176102075,
                    "count": 1.0
                },
                {
                    "value": 5.840641657373398,
                    "count": 1.0
                },
                {
                    "value": 5.8944028342648505,
                    "count": 1.0
                },
                {
                    "value": 5.955837369464831,
                    "count": 1.0
                },
                {
                    "value": 5.973809611869261,
                    "count": 1.0
                },
                {
                    "value": 6.016157159698354,
                    "count": 1.0
                },
                {
                    "value": 6.073044534100405,
                    "count": 1.0
                }
            ]
        },
        "skilled employee/official": {
            "type": "NUMERIC",
            "nbDistinct": 2,
            "count": 725,
            "missingCount": 268.0,
            "histogram": {
                "scale": [
                    1.0,
                    1.0,
                    1.0,
                    1.0,
                    1.0,
                    1.0,
                    1.0,
                    1.0,
                    1.0,
                    1.0,
                    1.0,
                    1.0,
                    1.0,
                    1.0,
                    1.0,
                    1.0,
                    1.0,
                    1.0,
                    1.0,
                    1.0,
                    1.0,
                    1.0,
                    1.0,
                    1.0,
                    1.0,
                    1.0,
                    1.0,
                    1.0,
                    1.0,
                    1.0,
                    1.0,
                    1.0,
                    1.0,
                    1.0,
                    1.0,
                    1.0,
                    1.0,
                    1.0,
                    1.0,
                    1.0,
                    1.0,
                    1.0,
                    1.0,
                    1.0,
                    1.0,
                    1.0,
                    1.0,
                    1.0,
                    1.0,
                    1.0
                ],
                "distribution": [
                    0.0,
                    0.0,
                    0.0,
                    0.0,
                    0.0,
                    0.0,
                    0.0,
                    0.0,
                    0.0,
                    0.0,
                    0.0,
                    0.0,
                    0.0,
                    0.0,
                    0.0,
                    0.0,
                    0.0,
                    0.0,
                    0.0,
                    0.0,
                    0.0,
                    0.0,
                    0.0,
                    0.0,
                    0.0,
                    0.0,
                    0.0,
                    0.0,
                    0.0,
                    0.0,
                    0.0,
                    0.0,
                    0.0,
                    0.0,
                    0.0,
                    0.0,
                    0.0,
                    0.0,
                    0.0,
                    0.0,
                    0.0,
                    0.0,
                    0.0,
                    0.0,
                    0.0,
                    0.0,
                    0.0,
                    0.0,
                    1.0
                ]
            },
            "quantiles": {
                "scale": [
                    1.0,
                    1.0,
                    1.0,
                    1.0,
                    1.0,
                    1.0,
                    1.0,
                    1.0,
                    1.0,
                    1.0
                ],
                "distribution": [
                    0.0,
                    0.0,
                    0.0,
                    0.0,
                    0.0,
                    0.0,
                    0.0,
                    0.0,
                    0.0,
                    1.0
                ]
            },
            "topValues": [
                {
                    "value": 1.0,
                    "count": 457.0
                }
            ]
        },
        "savings": {
            "type": "CATEGORY",
            "nbDistinct": 5,
            "count": 725,
            "missingCount": 0.0,
            "values": {
                "scale": [
                    "... < 100 DM",
                    "unknown/no savings account",
                    "100 <= ... < 500 DM",
                    "500 <= ... < 1000 DM",
                    "... >= 1000 DM"
                ],
                "distribution": [
                    0.5779310344827586,
                    0.19310344827586207,
                    0.11724137931034483,
                    0.06206896551724138,
                    0.0496551724137931
                ]
            }
        },
        "other_installment_plans": {
            "type": "CATEGORY",
            "nbDistinct": 3,
            "count": 725,
            "missingCount": 0.0,
            "values": {
                "scale": [
                    "none",
                    "bank",
                    "stores"
                ],
                "distribution": [
                    0.8151724137931035,
                    0.1310344827586207,
                    0.05379310344827586
                ]
            }
        },
        "people_liable": {
            "type": "NUMERIC",
            "nbDistinct": 2,
            "count": 725,
            "missingCount": 0.0,
            "histogram": {
                "scale": [
                    1.0,
                    1.0204081632653061,
                    1.0408163265306123,
                    1.0612244897959184,
                    1.0816326530612246,
                    1.1020408163265305,
                    1.1224489795918366,
                    1.1428571428571428,
                    1.163265306122449,
                    1.183673469387755,
                    1.2040816326530612,
                    1.2244897959183674,
                    1.2448979591836735,
                    1.2653061224489797,
                    1.2857142857142856,
                    1.3061224489795917,
                    1.3265306122448979,
                    1.346938775510204,
                    1.3673469387755102,
                    1.3877551020408163,
                    1.4081632653061225,
                    1.4285714285714286,
                    1.4489795918367347,
                    1.4693877551020407,
                    1.489795918367347,
                    1.510204081632653,
                    1.530612244897959,
                    1.5510204081632653,
                    1.5714285714285714,
                    1.5918367346938775,
                    1.6122448979591835,
                    1.6326530612244898,
                    1.6530612244897958,
                    1.6734693877551021,
                    1.693877551020408,
                    1.7142857142857142,
                    1.7346938775510203,
                    1.7551020408163265,
                    1.7755102040816326,
                    1.7959183673469385,
                    1.816326530612245,
                    1.8367346938775508,
                    1.8571428571428572,
                    1.8775510204081631,
                    1.8979591836734693,
                    1.9183673469387754,
                    1.9387755102040816,
                    1.9591836734693877,
                    1.9795918367346939,
                    2.0
                ],
                "distribution": [
                    0.8551724137931035,
                    0.0,
                    0.0,
                    0.0,
                    0.0,
                    0.0,
                    0.0,
                    0.0,
                    0.0,
                    0.0,
                    0.0,
                    0.0,
                    0.0,
                    0.0,
                    0.0,
                    0.0,
                    0.0,
                    0.0,
                    0.0,
                    0.0,
                    0.0,
                    0.0,
                    0.0,
                    0.0,
                    0.0,
                    0.0,
                    0.0,
                    0.0,
                    0.0,
                    0.0,
                    0.0,
                    0.0,
                    0.0,
                    0.0,
                    0.0,
                    0.0,
                    0.0,
                    0.0,
                    0.0,
                    0.0,
                    0.0,
                    0.0,
                    0.0,
                    0.0,
                    0.0,
                    0.0,
                    0.0,
                    0.0,
                    0.14482758620689656
                ]
            },
            "quantiles": {
                "scale": [
                    1.0,
                    1.0,
                    1.0,
                    1.0,
                    1.0,
                    1.0,
                    1.0,
                    1.0,
                    1.5,
                    2.0
                ],
                "distribution": [
                    0.0,
                    0.0,
                    0.0,
                    0.0,
                    0.0,
                    0.0,
                    0.0,
                    0.0,
                    0.8551724137931035,
                    0.14482758620689656
                ]
            },
            "topValues": [
                {
                    "value": 1.0,
                    "count": 620.0
                },
                {
                    "value": 2.0,
                    "count": 105.0
                }
            ]
        },
        "payment_intensity": {
            "type": "NUMERIC",
            "nbDistinct": 706,
            "count": 725,
            "missingCount": 0.0,
            "histogram": {
                "scale": [
                    24.05555555555556,
                    74.2312925170068,
                    124.40702947845804,
                    174.5827664399093,
                    224.75850340136054,
                    274.93424036281175,
                    325.109977324263,
                    375.2857142857142,
                    425.4614512471655,
                    475.63718820861675,
                    525.812925170068,
                    575.9886621315192,
                    626.1643990929705,
                    676.3401360544217,
                    726.5158730158729,
                    776.6916099773242,
                    826.8673469387754,
                    877.0430839002266,
                    927.218820861678,
                    977.3945578231292,
                    1027.5702947845805,
                    1077.7460317460318,
                    1127.921768707483,
                    1178.0975056689342,
                    1228.2732426303855,
                    1278.4489795918366,
                    1328.624716553288,
                    1378.8004535147393,
                    1428.9761904761904,
                    1479.1519274376417,
                    1529.327664399093,
                    1579.503401360544,
                    1629.6791383219954,
                    1679.8548752834467,
                    1730.0306122448978,
                    1780.2063492063492,
                    1830.3820861678005,
                    1880.5578231292516,
                    1930.733560090703,
                    1980.9092970521542,
                    2031.0850340136053,
                    2081.2607709750564,
                    2131.436507936508,
                    2181.612244897959,
                    2231.78798185941,
                    2281.9637188208617,
                    2332.139455782313,
                    2382.315192743764,
                    2432.4909297052154,
                    2482.6666666666665
                ],
                "distribution": [
                    0.16413793103448276,
                    0.2924137931034483,
                    0.21517241379310345,
                    0.12413793103448276,
                    0.07586206896551724,
                    0.04551724137931035,
                    0.028965517241379312,
                    0.015172413793103448,
                    0.006896551724137931,
                    0.006896551724137931,
                    0.004137931034482759,
                    0.005517241379310344,
                    0.004137931034482759,
                    0.002758620689655172,
                    0.001379310344827586,
                    0.001379310344827586,
                    0.001379310344827586,
                    0.0,
                    0.0,
                    0.0,
                    0.0,
                    0.001379310344827586,
                    0.0,
                    0.0,
                    0.0,
                    0.0,
                    0.0,
                    0.0,
                    0.0,
                    0.0,
                    0.0,
                    0.0,
                    0.0,
                    0.0,
                    0.0,
                    0.0,
                    0.0,
                    0.0,
                    0.0,
                    0.0,
                    0.0,
                    0.0,
                    0.0,
                    0.0,
                    0.0,
                    0.0,
                    0.0,
                    0.001379310344827586,
                    0.001379310344827586
                ]
            },
            "quantiles": {
                "scale": [
                    42.94333333333334,
                    71.0575,
                    90.49613492063494,
                    108.68752380952384,
                    123.91666666666667,
                    143.118,
                    171.12633333333332,
                    207.16907801418432,
                    263.44157801418436,
                    1391.1975
                ],
                "distribution": [
                    0.0993103448275862,
                    0.1006896551724138,
                    0.0993103448275862,
                    0.0993103448275862,
                    0.1006896551724138,
                    0.1006896551724138,
                    0.1006896551724138,
                    0.0993103448275862,
                    0.1006896551724138,
                    0.0993103448275862
                ]
            },
            "topValues": [
                {
                    "value": 229.0,
                    "count": 3.0
                },
                {
                    "value": 41.66666666666666,
                    "count": 2.0
                },
                {
                    "value": 57.16666666666666,
                    "count": 2.0
                },
                {
                    "value": 57.583333333333336,
                    "count": 2.0
                },
                {
                    "value": 58.41666666666666,
                    "count": 2.0
                },
                {
                    "value": 62.833333333333336,
                    "count": 2.0
                },
                {
                    "value": 64.66666666666667,
                    "count": 2.0
                },
                {
                    "value": 72.7,
                    "count": 2.0
                },
                {
                    "value": 85.0,
                    "count": 2.0
                },
                {
                    "value": 106.16666666666669,
                    "count": 2.0
                },
                {
                    "value": 110.83333333333331,
                    "count": 2.0
                },
                {
                    "value": 112.0,
                    "count": 2.0
                },
                {
                    "value": 116.66666666666669,
                    "count": 2.0
                },
                {
                    "value": 118.66666666666669,
                    "count": 2.0
                },
                {
                    "value": 124.83333333333331,
                    "count": 2.0
                },
                {
                    "value": 131.16666666666666,
                    "count": 2.0
                },
                {
                    "value": 155.33333333333334,
                    "count": 2.0
                },
                {
                    "value": 175.4,
                    "count": 2.0
                },
                {
                    "value": 24.05555555555556,
                    "count": 1.0
                },
                {
                    "value": 26.133333333333333,
                    "count": 1.0
                },
                {
                    "value": 27.19047619047619,
                    "count": 1.0
                },
                {
                    "value": 28.25,
                    "count": 1.0
                },
                {
                    "value": 29.875,
                    "count": 1.0
                },
                {
                    "value": 32.083333333333336,
                    "count": 1.0
                },
                {
                    "value": 34.083333333333336,
                    "count": 1.0
                },
                {
                    "value": 34.94444444444444,
                    "count": 1.0
                },
                {
                    "value": 38.708333333333336,
                    "count": 1.0
                },
                {
                    "value": 39.458333333333336,
                    "count": 1.0
                },
                {
                    "value": 41.0,
                    "count": 1.0
                },
                {
                    "value": 41.625,
                    "count": 1.0
                },
                {
                    "value": 42.66666666666666,
                    "count": 1.0
                },
                {
                    "value": 43.5,
                    "count": 1.0
                },
                {
                    "value": 48.11111111111112,
                    "count": 1.0
                },
                {
                    "value": 49.11111111111112,
                    "count": 1.0
                },
                {
                    "value": 49.708333333333336,
                    "count": 1.0
                },
                {
                    "value": 49.958333333333336,
                    "count": 1.0
                },
                {
                    "value": 50.04166666666666,
                    "count": 1.0
                },
                {
                    "value": 50.29166666666666,
                    "count": 1.0
                },
                {
                    "value": 50.52777777777778,
                    "count": 1.0
                },
                {
                    "value": 50.75,
                    "count": 1.0
                },
                {
                    "value": 51.29166666666666,
                    "count": 1.0
                },
                {
                    "value": 51.91666666666666,
                    "count": 1.0
                },
                {
                    "value": 52.04166666666666,
                    "count": 1.0
                },
                {
                    "value": 52.083333333333336,
                    "count": 1.0
                },
                {
                    "value": 52.16666666666666,
                    "count": 1.0
                },
                {
                    "value": 52.41666666666666,
                    "count": 1.0
                },
                {
                    "value": 53.125,
                    "count": 1.0
                },
                {
                    "value": 53.25,
                    "count": 1.0
                },
                {
                    "value": 53.333333333333336,
                    "count": 1.0
                },
                {
                    "value": 53.41666666666666,
                    "count": 1.0
                }
            ]
        },
        "amount": {
            "type": "NUMERIC",
            "nbDistinct": 683,
            "count": 725,
            "missingCount": 0.0,
            "histogram": {
                "scale": [
                    250.0,
                    620.8979591836735,
                    991.795918367347,
                    1362.6938775510205,
                    1733.591836734694,
                    2104.4897959183672,
                    2475.387755102041,
                    2846.2857142857147,
                    3217.183673469388,
                    3588.081632653061,
                    3958.979591836735,
                    4329.877551020409,
                    4700.775510204082,
                    5071.673469387755,
                    5442.571428571429,
                    5813.469387755103,
                    6184.367346938776,
                    6555.265306122449,
                    6926.163265306122,
                    7297.061224489797,
                    7667.95918367347,
                    8038.857142857143,
                    8409.755102040817,
                    8780.65306122449,
                    9151.551020408164,
                    9522.448979591838,
                    9893.34693877551,
                    10264.244897959185,
                    10635.142857142859,
                    11006.040816326531,
                    11376.938775510205,
                    11747.836734693878,
                    12118.734693877552,
                    12489.632653061226,
                    12860.530612244898,
                    13231.428571428572,
                    13602.326530612245,
                    13973.224489795919,
                    14344.122448979593,
                    14715.020408163266,
                    15085.91836734694,
                    15456.816326530614,
                    15827.714285714286,
                    16198.61224489796,
                    16569.510204081635,
                    16940.408163265307,
                    17311.30612244898,
                    17682.204081632655,
                    18053.102040816328,
                    18424.0
                ],
                "distribution": [
                    0.022068965517241378,
                    0.08413793103448276,
                    0.13793103448275862,
                    0.11586206896551725,
                    0.0910344827586207,
                    0.08551724137931034,
                    0.06896551724137931,
                    0.04827586206896552,
                    0.044137931034482755,
                    0.041379310344827586,
                    0.03586206896551724,
                    0.023448275862068966,
                    0.013793103448275862,
                    0.01793103448275862,
                    0.008275862068965517,
                    0.015172413793103448,
                    0.016551724137931035,
                    0.013793103448275862,
                    0.015172413793103448,
                    0.015172413793103448,
                    0.012413793103448275,
                    0.009655172413793104,
                    0.005517241379310344,
                    0.005517241379310344,
                    0.005517241379310344,
                    0.004137931034482759,
                    0.004137931034482759,
                    0.004137931034482759,
                    0.004137931034482759,
                    0.002758620689655172,
                    0.001379310344827586,
                    0.002758620689655172,
                    0.004137931034482759,
                    0.002758620689655172,
                    0.001379310344827586,
                    0.0,
                    0.0,
                    0.004137931034482759,
                    0.002758620689655172,
                    0.002758620689655172,
                    0.0,
                    0.002758620689655172,
                    0.001379310344827586,
                    0.0,
                    0.0,
                    0.0,
                    0.0,
                    0.0,
                    0.001379310344827586
                ]
            },
            "quantiles": {
                "scale": [
                    600.34,
                    1112.8400000000001,
                    1386.44,
                    1709.16,
                    2122.7200000000003,
                    2571.88,
                    3204.46,
                    4152.2,
                    6044.88,
                    12899.76
                ],
                "distribution": [
                    0.0993103448275862,
                    0.09793103448275862,
                    0.10206896551724139,
                    0.1006896551724138,
                    0.0993103448275862,
                    0.1006896551724138,
                    0.1006896551724138,
                    0.0993103448275862,
                    0.1006896551724138,
                    0.0993103448275862
                ]
            },
            "topValues": [
                {
                    "value": 1275.0,
                    "count": 3.0
                },
                {
                    "value": 701.0,
                    "count": 2.0
                },
                {
                    "value": 709.0,
                    "count": 2.0
                },
                {
                    "value": 727.0,
                    "count": 2.0
                },
                {
                    "value": 802.0,
                    "count": 2.0
                },
                {
                    "value": 932.0,
                    "count": 2.0
                },
                {
                    "value": 1082.0,
                    "count": 2.0
                },
                {
                    "value": 1169.0,
                    "count": 2.0
                },
                {
                    "value": 1199.0,
                    "count": 2.0
                },
                {
                    "value": 1231.0,
                    "count": 2.0
                },
                {
                    "value": 1236.0,
                    "count": 2.0
                },
                {
                    "value": 1240.0,
                    "count": 2.0
                },
                {
                    "value": 1264.0,
                    "count": 2.0
                },
                {
                    "value": 1282.0,
                    "count": 2.0
                },
                {
                    "value": 1295.0,
                    "count": 2.0
                },
                {
                    "value": 1344.0,
                    "count": 2.0
                },
                {
                    "value": 1374.0,
                    "count": 2.0
                },
                {
                    "value": 1382.0,
                    "count": 2.0
                },
                {
                    "value": 1386.0,
                    "count": 2.0
                },
                {
                    "value": 1393.0,
                    "count": 2.0
                },
                {
                    "value": 1409.0,
                    "count": 2.0
                },
                {
                    "value": 1410.0,
                    "count": 2.0
                },
                {
                    "value": 1424.0,
                    "count": 2.0
                },
                {
                    "value": 1449.0,
                    "count": 2.0
                },
                {
                    "value": 1474.0,
                    "count": 2.0
                },
                {
                    "value": 1478.0,
                    "count": 2.0
                },
                {
                    "value": 1503.0,
                    "count": 2.0
                },
                {
                    "value": 1546.0,
                    "count": 2.0
                },
                {
                    "value": 1919.0,
                    "count": 2.0
                },
                {
                    "value": 1924.0,
                    "count": 2.0
                },
                {
                    "value": 2039.0,
                    "count": 2.0
                },
                {
                    "value": 2406.0,
                    "count": 2.0
                },
                {
                    "value": 2631.0,
                    "count": 2.0
                },
                {
                    "value": 2978.0,
                    "count": 2.0
                },
                {
                    "value": 3017.0,
                    "count": 2.0
                },
                {
                    "value": 3077.0,
                    "count": 2.0
                },
                {
                    "value": 3590.0,
                    "count": 2.0
                },
                {
                    "value": 4042.0,
                    "count": 2.0
                },
                {
                    "value": 4272.0,
                    "count": 2.0
                },
                {
                    "value": 4526.0,
                    "count": 2.0
                },
                {
                    "value": 6761.0,
                    "count": 2.0
                },
                {
                    "value": 250.0,
                    "count": 1.0
                },
                {
                    "value": 338.0,
                    "count": 1.0
                },
                {
                    "value": 339.0,
                    "count": 1.0
                },
                {
                    "value": 343.0,
                    "count": 1.0
                },
                {
                    "value": 362.0,
                    "count": 1.0
                },
                {
                    "value": 385.0,
                    "count": 1.0
                },
                {
                    "value": 392.0,
                    "count": 1.0
                },
                {
                    "value": 409.0,
                    "count": 1.0
                },
                {
                    "value": 433.0,
                    "count": 1.0
                }
            ]
        },
        "telephone": {
            "type": "CATEGORY",
            "nbDistinct": 2,
            "count": 725,
            "missingCount": 0.0,
            "values": {
                "scale": [
                    "no",
                    "yes"
                ],
                "distribution": [
                    0.5820689655172414,
                    0.41793103448275865
                ]
            }
        },
        "unskilled - resident": {
            "type": "NUMERIC",
            "nbDistinct": 2,
            "count": 725,
            "missingCount": 587.0,
            "histogram": {
                "scale": [
                    1.0,
                    1.0,
                    1.0,
                    1.0,
                    1.0,
                    1.0,
                    1.0,
                    1.0,
                    1.0,
                    1.0,
                    1.0,
                    1.0,
                    1.0,
                    1.0,
                    1.0,
                    1.0,
                    1.0,
                    1.0,
                    1.0,
                    1.0,
                    1.0,
                    1.0,
                    1.0,
                    1.0,
                    1.0,
                    1.0,
                    1.0,
                    1.0,
                    1.0,
                    1.0,
                    1.0,
                    1.0,
                    1.0,
                    1.0,
                    1.0,
                    1.0,
                    1.0,
                    1.0,
                    1.0,
                    1.0,
                    1.0,
                    1.0,
                    1.0,
                    1.0,
                    1.0,
                    1.0,
                    1.0,
                    1.0,
                    1.0,
                    1.0
                ],
                "distribution": [
                    0.0,
                    0.0,
                    0.0,
                    0.0,
                    0.0,
                    0.0,
                    0.0,
                    0.0,
                    0.0,
                    0.0,
                    0.0,
                    0.0,
                    0.0,
                    0.0,
                    0.0,
                    0.0,
                    0.0,
                    0.0,
                    0.0,
                    0.0,
                    0.0,
                    0.0,
                    0.0,
                    0.0,
                    0.0,
                    0.0,
                    0.0,
                    0.0,
                    0.0,
                    0.0,
                    0.0,
                    0.0,
                    0.0,
                    0.0,
                    0.0,
                    0.0,
                    0.0,
                    0.0,
                    0.0,
                    0.0,
                    0.0,
                    0.0,
                    0.0,
                    0.0,
                    0.0,
                    0.0,
                    0.0,
                    0.0,
                    1.0
                ]
            },
            "quantiles": {
                "scale": [
                    1.0,
                    1.0,
                    1.0,
                    1.0,
                    1.0,
                    1.0,
                    1.0,
                    1.0,
                    1.0,
                    1.0
                ],
                "distribution": [
                    0.0,
                    0.0,
                    0.0,
                    0.0,
                    0.0,
                    0.0,
                    0.0,
                    0.0,
                    0.0,
                    1.0
                ]
            },
            "topValues": [
                {
                    "value": 1.0,
                    "count": 138.0
                }
            ]
        },
        "foreign_worker": {
            "type": "CATEGORY",
            "nbDistinct": 2,
            "count": 725,
            "missingCount": 0.0,
            "values": {
                "scale": [
                    "yes",
                    "no"
                ],
                "distribution": [
                    0.9724137931034482,
                    0.027586206896551724
                ]
            }
        },
        "present_residence": {
            "type": "NUMERIC",
            "nbDistinct": 4,
            "count": 725,
            "missingCount": 0.0,
            "histogram": {
                "scale": [
                    1.0,
                    1.0612244897959184,
                    1.1224489795918366,
                    1.183673469387755,
                    1.2448979591836735,
                    1.306122448979592,
                    1.3673469387755102,
                    1.4285714285714286,
                    1.489795918367347,
                    1.5510204081632653,
                    1.6122448979591837,
                    1.6734693877551021,
                    1.7346938775510203,
                    1.7959183673469388,
                    1.8571428571428572,
                    1.9183673469387754,
                    1.9795918367346939,
                    2.0408163265306123,
                    2.1020408163265305,
                    2.163265306122449,
                    2.2244897959183674,
                    2.2857142857142856,
                    2.3469387755102042,
                    2.4081632653061225,
                    2.4693877551020407,
                    2.5306122448979593,
                    2.5918367346938775,
                    2.6530612244897958,
                    2.7142857142857144,
                    2.7755102040816326,
                    2.836734693877551,
                    2.8979591836734695,
                    2.9591836734693877,
                    3.020408163265306,
                    3.0816326530612246,
                    3.142857142857143,
                    3.204081632653061,
                    3.2653061224489797,
                    3.326530612244898,
                    3.387755102040816,
                    3.4489795918367347,
                    3.510204081632653,
                    3.571428571428571,
                    3.63265306122449,
                    3.693877551020408,
                    3.7551020408163263,
                    3.816326530612245,
                    3.877551020408163,
                    3.9387755102040813,
                    4.0
                ],
                "distribution": [
                    0.13517241379310344,
                    0.0,
                    0.0,
                    0.0,
                    0.0,
                    0.0,
                    0.0,
                    0.0,
                    0.0,
                    0.0,
                    0.0,
                    0.0,
                    0.0,
                    0.0,
                    0.0,
                    0.0,
                    0.31310344827586206,
                    0.0,
                    0.0,
                    0.0,
                    0.0,
                    0.0,
                    0.0,
                    0.0,
                    0.0,
                    0.0,
                    0.0,
                    0.0,
                    0.0,
                    0.0,
                    0.0,
                    0.0,
                    0.15172413793103448,
                    0.0,
                    0.0,
                    0.0,
                    0.0,
                    0.0,
                    0.0,
                    0.0,
                    0.0,
                    0.0,
                    0.0,
                    0.0,
                    0.0,
                    0.0,
                    0.0,
                    0.0,
                    0.4
                ]
            },
            "quantiles": {
                "scale": [
                    1.0,
                    1.5,
                    2.0,
                    2.0,
                    2.5,
                    3.2600000000000193,
                    3.7600000000000193,
                    4.0,
                    4.0,
                    4.0
                ],
                "distribution": [
                    0.0,
                    0.13517241379310344,
                    0.0,
                    0.0,
                    0.31310344827586206,
                    0.15172413793103448,
                    0.0,
                    0.0,
                    0.0,
                    0.4
                ]
            },
            "topValues": [
                {
                    "value": 4.0,
                    "count": 290.0
                },
                {
                    "value": 2.0,
                    "count": 227.0
                },
                {
                    "value": 3.0,
                    "count": 110.0
                },
                {
                    "value": 1.0,
                    "count": 98.0
                }
            ]
        },
        "employment_duration": {
            "type": "CATEGORY",
            "nbDistinct": 5,
            "count": 725,
            "missingCount": 0.0,
            "values": {
                "scale": [
                    "1 <= ... < 4 years",
                    "... >= 7 years",
                    "4 <= ... < 7 years",
                    "... < 1 year",
                    "unemployed"
                ],
                "distribution": [
                    0.35310344827586204,
                    0.24275862068965517,
                    0.17379310344827587,
                    0.16689655172413792,
                    0.06344827586206897
                ]
            }
        },
        "status": {
            "type": "CATEGORY",
            "nbDistinct": 4,
            "count": 725,
            "missingCount": 0.0,
            "values": {
                "scale": [
                    "no checking account",
                    "0 <= ... < 200 DM",
                    "... < 100 DM",
                    "... >= 200 DM / salary for at least 1 year"
                ],
                "distribution": [
                    0.4013793103448276,
                    0.2731034482758621,
                    0.2579310344827586,
                    0.06758620689655172
                ]
            }
        }
    }
}