{
    "perClassFacts": {
        "unique": {
            "status": {
                "impact": 0.6092022425110343,
                "rank": 1,
                "feature": "status",
                "positiveCategoricalValue": "no checking account",
                "negativeCategoricalValue": "... < 100 DM",
                "infoGain": 0.5374650309623681,
                "type": "CATEGORICAL"
            },
            "purpose": {
                "impact": 0.16992136266902502,
                "rank": 2,
                "feature": "purpose",
                "positiveCategoricalValue": "domestic appliances",
                "negativeCategoricalValue": "car (new)",
                "infoGain": 0.5334831520943274,
                "type": "CATEGORICAL"
            },
            "duration": {
                "impact": 0.15077203316852675,
                "rank": 3,
                "feature": "duration",
                "correlation": -0.8220594234293653,
                "type": "NUMERICAL"
            }
        }
    }
}