{
    "startedAt": 1761374679581,
    "gridSize": 2,
    "nThreads": 4,
    "nSplits": 5,
    "metric": "RECALL",
    "timeout": null,
    "gridPoints": [
        {
            "finishedAt": 1761374682391,
            "score": 0.7612308289652495,
            "testScoreGibMean": 0.7612308289652495,
            "testScoreMean": 0.7612308289652495,
            "testScoreStd": 0.031008277290282018,
            "trainScoreMean": 0.8791887125220459,
            "trainScoreStd": 0.013607170251145748,
            "time": 6763,
            "fitTimeMean": 1081.8,
            "fitTimeStd": 63.98562338525741,
            "scoreTimeMean": 270.8,
            "scoreTimeStd": 37.150504707204185,
            "parameters": {
                "max_depth": 6,
                "max_features": "sqrt",
                "min_samples_leaf": 1,
                "n_estimators": 100,
                "min_samples_split": 3
            }
        },
        {
            "finishedAt": 1761374683234,
            "score": 0.9131236653077073,
            "testScoreGibMean": 0.9131236653077073,
            "testScoreMean": 0.9131236653077073,
            "testScoreStd": 0.02707206334057729,
            "trainScoreMean": 0.9975320805205862,
            "trainScoreStd": 0.002208463539793019,
            "time": 6095,
            "fitTimeMean": 989.6,
            "fitTimeStd": 275.759750507575,
            "scoreTimeMean": 229.4,
            "scoreTimeStd": 83.92758783618173,
            "parameters": {
                "max_depth": 15,
                "max_features": "sqrt",
                "min_samples_leaf": 1,
                "n_estimators": 100,
                "min_samples_split": 3
            }
        }
    ]
}