[
    {
        "test_score_gib": 0.7745098039215687,
        "train_score": 0.8691358024691358,
        "test_score": 0.7745098039215687,
        "num_samples": 145,
        "fit_time": 1058,
        "score_time": 307,
        "time": 1365,
        "parameters": {
            "max_depth": 6,
            "max_features": "sqrt",
            "min_samples_leaf": 1,
            "n_estimators": 100,
            "min_samples_split": 3
        },
        "done_at": 1761374680978,
        "split_id": 0
    },
    {
        "test_score_gib": 0.803921568627451,
        "train_score": 0.8839506172839506,
        "test_score": 0.803921568627451,
        "num_samples": 145,
        "fit_time": 1019,
        "score_time": 225,
        "time": 1244,
        "parameters": {
            "max_depth": 6,
            "max_features": "sqrt",
            "min_samples_leaf": 1,
            "n_estimators": 100,
            "min_samples_split": 3
        },
        "done_at": 1761374680861,
        "split_id": 1
    },
    {
        "test_score_gib": 0.7425742574257426,
        "train_score": 0.8990147783251231,
        "test_score": 0.7425742574257426,
        "num_samples": 145,
        "fit_time": 1056,
        "score_time": 228,
        "time": 1284,
        "parameters": {
            "max_depth": 6,
            "max_features": "sqrt",
            "min_samples_leaf": 1,
            "n_estimators": 100,
            "min_samples_split": 3
        },
        "done_at": 1761374680912,
        "split_id": 2
    },
    {
        "test_score_gib": 0.7722772277227723,
        "train_score": 0.8596059113300493,
        "test_score": 0.7722772277227723,
        "num_samples": 145,
        "fit_time": 1071,
        "score_time": 285,
        "time": 1356,
        "parameters": {
            "max_depth": 6,
            "max_features": "sqrt",
            "min_samples_leaf": 1,
            "n_estimators": 100,
            "min_samples_split": 3
        },
        "done_at": 1761374680979,
        "split_id": 3
    },
    {
        "test_score_gib": 0.7128712871287128,
        "train_score": 0.8842364532019704,
        "test_score": 0.7128712871287128,
        "num_samples": 145,
        "fit_time": 1205,
        "score_time": 309,
        "time": 1514,
        "parameters": {
            "max_depth": 6,
            "max_features": "sqrt",
            "min_samples_leaf": 1,
            "n_estimators": 100,
            "min_samples_split": 3
        },
        "done_at": 1761374682391,
        "split_id": 4
    },
    {
        "test_score_gib": 0.9411764705882353,
        "train_score": 0.9950617283950617,
        "test_score": 0.9411764705882353,
        "num_samples": 145,
        "fit_time": 1222,
        "score_time": 279,
        "time": 1501,
        "parameters": {
            "max_depth": 15,
            "max_features": "sqrt",
            "min_samples_leaf": 1,
            "n_estimators": 100,
            "min_samples_split": 3
        },
        "done_at": 1761374682426,
        "split_id": 0
    },
    {
        "test_score_gib": 0.9313725490196079,
        "train_score": 0.9950617283950617,
        "test_score": 0.9313725490196079,
        "num_samples": 145,
        "fit_time": 1185,
        "score_time": 247,
        "time": 1432,
        "parameters": {
            "max_depth": 15,
            "max_features": "sqrt",
            "min_samples_leaf": 1,
            "n_estimators": 100,
            "min_samples_split": 3
        },
        "done_at": 1761374682432,
        "split_id": 1
    },
    {
        "test_score_gib": 0.8910891089108911,
        "train_score": 1.0,
        "test_score": 0.8910891089108911,
        "num_samples": 145,
        "fit_time": 1236,
        "score_time": 343,
        "time": 1579,
        "parameters": {
            "max_depth": 15,
            "max_features": "sqrt",
            "min_samples_leaf": 1,
            "n_estimators": 100,
            "min_samples_split": 3
        },
        "done_at": 1761374682576,
        "split_id": 2
    },
    {
        "test_score_gib": 0.9306930693069307,
        "train_score": 1.0,
        "test_score": 0.9306930693069307,
        "num_samples": 145,
        "fit_time": 648,
        "score_time": 179,
        "time": 827,
        "parameters": {
            "max_depth": 15,
            "max_features": "sqrt",
            "min_samples_leaf": 1,
            "n_estimators": 100,
            "min_samples_split": 3
        },
        "done_at": 1761374683221,
        "split_id": 3
    },
    {
        "test_score_gib": 0.8712871287128713,
        "train_score": 0.9975369458128078,
        "test_score": 0.8712871287128713,
        "num_samples": 145,
        "fit_time": 657,
        "score_time": 99,
        "time": 756,
        "parameters": {
            "max_depth": 15,
            "max_features": "sqrt",
            "min_samples_leaf": 1,
            "n_estimators": 100,
            "min_samples_split": 3
        },
        "done_at": 1761374683234,
        "split_id": 4
    }
]