{
    "modelInputNRows": 725,
    "modelInputNCols": 67,
    "modelInputIsSparse": true,
    "modelInputMemory": 185604,
    "usedGridSearch": true,
    "gridSize": 2,
    "gridBestScore": 0.9131236653077073,
    "gridCells": [
        {
            "params": {
                "max_depth": 6,
                "max_features": "sqrt",
                "min_samples_leaf": 1,
                "n_estimators": 100,
                "min_samples_split": 3
            },
            "score": 0.7612308289652495,
            "scoreStd": 0.031008277290282018,
            "fitTime": 1.0817999999999999,
            "fitTimeStd": 0.06398562338525741,
            "scoreTime": 0.2708,
            "scoreTimeStd": 0.037150504707204185
        },
        {
            "params": {
                "max_depth": 15,
                "max_features": "sqrt",
                "min_samples_leaf": 1,
                "n_estimators": 100,
                "min_samples_split": 3
            },
            "score": 0.9131236653077073,
            "scoreStd": 0.02707206334057729,
            "fitTime": 0.9896,
            "fitTimeStd": 0.275759750507575,
            "scoreTime": 0.2294,
            "scoreTimeStd": 0.08392758783618173
        }
    ],
    "rawImportance": {
        "variables": [
            "installment_rate",
            "duration",
            "management/self-employed/highly qualified employee/officer",
            "number_credits",
            "unemployed/unskilled - non-resident",
            "log_amount",
            "skilled employee/official",
            "people_liable",
            "payment_intensity",
            "amount",
            "unskilled - resident",
            "present_residence",
            "dummy:purpose:domestic appliances",
            "dummy:purpose:car (new)",
            "dummy:purpose:radio/television",
            "dummy:purpose:car (used)",
            "dummy:purpose:others",
            "dummy:purpose:retraining",
            "dummy:purpose:education",
            "dummy:purpose:repairs",
            "dummy:purpose:furniture/equipment",
            "dummy:purpose:business",
            "dummy:housing:own",
            "dummy:housing:rent",
            "dummy:housing:for free",
            "dummy:other_debtors:none",
            "dummy:other_debtors:guarantor",
            "dummy:other_debtors:co-applicant",
            "dummy:savings:... < 100 DM",
            "dummy:savings:unknown/no savings account",
            "dummy:savings:100 <= ... < 500 DM",
            "dummy:savings:500 <= ... < 1000 DM",
            "dummy:savings:... >= 1000 DM",
            "dummy:other_installment_plans:none",
            "dummy:other_installment_plans:bank",
            "dummy:other_installment_plans:stores",
            "dummy:telephone:no",
            "dummy:telephone:yes",
            "dummy:foreign_worker:yes",
            "dummy:foreign_worker:no",
            "dummy:employment_duration:1 <= ... < 4 years",
            "dummy:employment_duration:... >= 7 years",
            "dummy:employment_duration:4 <= ... < 7 years",
            "dummy:employment_duration:... < 1 year",
            "dummy:employment_duration:unemployed",
            "dummy:status:no checking account",
            "dummy:status:0 <= ... < 200 DM",
            "dummy:status:... < 100 DM",
            "dummy:status:... >= 200 DM / salary for at least 1 year"
        ],
        "importances": [
            0.0340885859945719,
            0.07343204855052883,
            0.010907070810122798,
            0.017444621057738804,
            0.002569450496339802,
            0.09371131565913927,
            0.012236001970766398,
            0.010094113966127756,
            0.09848172435358361,
            0.09485386782280048,
            0.011139273733917064,
            0.033952755535140565,
            0.013931537897639481,
            0.01934367579277862,
            0.013187937983372292,
            0.010618385811014548,
            0.010441440247229405,
            0.00717677710723966,
            0.006540608743228901,
            0.0021538916831330512,
            0.0020694907309284304,
            0.0010776711704054876,
            0.020389823471236232,
            0.012525773093001989,
            0.008036125381064461,
            0.009092708916361686,
            0.007142153204725934,
            0.005330338755488277,
            0.015580520465132433,
            0.017991623777034376,
            0.00948609798062695,
            0.007454770529056078,
            0.009769554467752689,
            0.015402820761177249,
            0.012205457745703526,
            0.008362118748205525,
            0.014689301273830712,
            0.014217996798219156,
            0.003292397420568194,
            0.0026189608233938844,
            0.014498699876946297,
            0.016533421041197073,
            0.015705497957001612,
            0.014322970973203761,
            0.010614847760305772,
            0.07985595624617853,
            0.026927295719940278,
            0.04164314932091406,
            0.006857370373986062
        ]
    },
    "probaAware": true
}