{
    "metrics": {},
    "processed_feature_names": [
        "installment_rate",
        "duration",
        "management/self-employed/highly qualified employee/officer",
        "number_credits",
        "unemployed/unskilled - non-resident",
        "log_amount",
        "skilled employee/official",
        "people_liable",
        "payment_intensity",
        "amount",
        "unskilled - resident",
        "present_residence",
        "dummy:purpose:domestic appliances",
        "dummy:purpose:car (new)",
        "dummy:purpose:radio/television",
        "dummy:purpose:car (used)",
        "dummy:purpose:others",
        "dummy:purpose:retraining",
        "dummy:purpose:education",
        "dummy:purpose:repairs",
        "dummy:purpose:furniture/equipment",
        "dummy:purpose:business",
        "dummy:purpose:N/A",
        "dummy:purpose:__Others__",
        "dummy:housing:own",
        "dummy:housing:rent",
        "dummy:housing:for free",
        "dummy:housing:N/A",
        "dummy:housing:__Others__",
        "dummy:other_debtors:none",
        "dummy:other_debtors:guarantor",
        "dummy:other_debtors:co-applicant",
        "dummy:other_debtors:N/A",
        "dummy:other_debtors:__Others__",
        "dummy:savings:... < 100 DM",
        "dummy:savings:unknown/no savings account",
        "dummy:savings:100 <= ... < 500 DM",
        "dummy:savings:500 <= ... < 1000 DM",
        "dummy:savings:... >= 1000 DM",
        "dummy:savings:N/A",
        "dummy:savings:__Others__",
        "dummy:other_installment_plans:none",
        "dummy:other_installment_plans:bank",
        "dummy:other_installment_plans:stores",
        "dummy:other_installment_plans:N/A",
        "dummy:other_installment_plans:__Others__",
        "dummy:telephone:no",
        "dummy:telephone:yes",
        "dummy:telephone:N/A",
        "dummy:telephone:__Others__",
        "dummy:foreign_worker:yes",
        "dummy:foreign_worker:no",
        "dummy:foreign_worker:N/A",
        "dummy:foreign_worker:__Others__",
        "dummy:employment_duration:1 <= ... < 4 years",
        "dummy:employment_duration:... >= 7 years",
        "dummy:employment_duration:4 <= ... < 7 years",
        "dummy:employment_duration:... < 1 year",
        "dummy:employment_duration:unemployed",
        "dummy:employment_duration:N/A",
        "dummy:employment_duration:__Others__",
        "dummy:status:no checking account",
        "dummy:status:0 <= ... < 200 DM",
        "dummy:status:... < 100 DM",
        "dummy:status:... >= 200 DM / salary for at least 1 year",
        "dummy:status:N/A",
        "dummy:status:__Others__"
    ],
    "optimalThreshold": 0.375,
    "usedThreshold": 0.375,
    "perCutData": {
        "cut": [
            0.0,
            0.025,
            0.05,
            0.075,
            0.1,
            0.125,
            0.15,
            0.175,
            0.2,
            0.225,
            0.25,
            0.275,
            0.3,
            0.325,
            0.35,
            0.375,
            0.4,
            0.425,
            0.45,
            0.475,
            0.5,
            0.525,
            0.55,
            0.575,
            0.6,
            0.625,
            0.65,
            0.675,
            0.7,
            0.725,
            0.75,
            0.775,
            0.8,
            0.825,
            0.85,
            0.875,
            0.9,
            0.925,
            0.95,
            0.975
        ],
        "tp": [
            193,
            193,
            193,
            193,
            193,
            193,
            193,
            193,
            193,
            192,
            192,
            192,
            191,
            189,
            188,
            185,
            182,
            175,
            174,
            171,
            168,
            160,
            155,
            150,
            146,
            140,
            128,
            117,
            105,
            99,
            92,
            87,
            82,
            68,
            57,
            44,
            32,
            17,
            8,
            2
        ],
        "tn": [
            0,
            0,
            0,
            0,
            0,
            0,
            0,
            0,
            0,
            0,
            1,
            4,
            6,
            14,
            19,
            24,
            28,
            31,
            33,
            36,
            44,
            46,
            50,
            52,
            54,
            59,
            63,
            64,
            66,
            70,
            70,
            72,
            75,
            75,
            78,
            79,
            80,
            82,
            82,
            82
        ],
        "fp": [
            82,
            82,
            82,
            82,
            82,
            82,
            82,
            82,
            82,
            82,
            81,
            78,
            76,
            68,
            63,
            58,
            54,
            51,
            49,
            46,
            38,
            36,
            32,
            30,
            28,
            23,
            19,
            18,
            16,
            12,
            12,
            10,
            7,
            7,
            4,
            3,
            2,
            0,
            0,
            0
        ],
        "fn": [
            0,
            0,
            0,
            0,
            0,
            0,
            0,
            0,
            0,
            1,
            1,
            1,
            2,
            4,
            5,
            8,
            11,
            18,
            19,
            22,
            25,
            33,
            38,
            43,
            47,
            53,
            65,
            76,
            88,
            94,
            101,
            106,
            111,
            125,
            136,
            149,
            161,
            176,
            185,
            191
        ],
        "precision": [
            0.7018181818181818,
            0.7018181818181818,
            0.7018181818181818,
            0.7018181818181818,
            0.7018181818181818,
            0.7018181818181818,
            0.7018181818181818,
            0.7018181818181818,
            0.7018181818181818,
            0.7007299270072993,
            0.7032967032967034,
            0.7111111111111111,
            0.7153558052434457,
            0.7354085603112841,
            0.749003984063745,
            0.7613168724279835,
            0.7711864406779662,
            0.7743362831858407,
            0.7802690582959642,
            0.7880184331797235,
            0.8155339805825242,
            0.8163265306122449,
            0.8288770053475936,
            0.8333333333333334,
            0.8390804597701149,
            0.8588957055214724,
            0.8707482993197279,
            0.8666666666666667,
            0.8677685950413223,
            0.8918918918918919,
            0.8846153846153846,
            0.8969072164948454,
            0.9213483146067416,
            0.9066666666666666,
            0.9344262295081968,
            0.9361702127659575,
            0.9411764705882353,
            1.0,
            1.0,
            1.0
        ],
        "recall": [
            1.0,
            1.0,
            1.0,
            1.0,
            1.0,
            1.0,
            1.0,
            1.0,
            1.0,
            0.9948186528497409,
            0.9948186528497409,
            0.9948186528497409,
            0.9896373056994818,
            0.9792746113989638,
            0.9740932642487047,
            0.9585492227979274,
            0.9430051813471503,
            0.9067357512953368,
            0.9015544041450777,
            0.8860103626943006,
            0.8704663212435233,
            0.8290155440414507,
            0.8031088082901554,
            0.7772020725388601,
            0.7564766839378239,
            0.7253886010362695,
            0.6632124352331606,
            0.6062176165803109,
            0.5440414507772021,
            0.5129533678756477,
            0.47668393782383417,
            0.45077720207253885,
            0.42487046632124353,
            0.35233160621761656,
            0.29533678756476683,
            0.22797927461139897,
            0.16580310880829016,
            0.08808290155440414,
            0.04145077720207254,
            0.010362694300518135
        ],
        "accuracy": [
            0.7018181818181818,
            0.7018181818181818,
            0.7018181818181818,
            0.7018181818181818,
            0.7018181818181818,
            0.7018181818181818,
            0.7018181818181818,
            0.7018181818181818,
            0.7018181818181818,
            0.6981818181818182,
            0.7018181818181818,
            0.7127272727272728,
            0.7163636363636363,
            0.7381818181818182,
            0.7527272727272727,
            0.76,
            0.7636363636363637,
            0.7490909090909091,
            0.7527272727272727,
            0.7527272727272727,
            0.7709090909090909,
            0.7490909090909091,
            0.7454545454545455,
            0.7345454545454545,
            0.7272727272727273,
            0.7236363636363636,
            0.6945454545454546,
            0.6581818181818182,
            0.6218181818181818,
            0.6145454545454545,
            0.5890909090909091,
            0.5781818181818181,
            0.5709090909090909,
            0.52,
            0.4909090909090909,
            0.44727272727272727,
            0.4072727272727273,
            0.36,
            0.32727272727272727,
            0.3054545454545455
        ],
        "f1": [
            0.8247863247863249,
            0.8247863247863249,
            0.8247863247863249,
            0.8247863247863249,
            0.8247863247863249,
            0.8247863247863249,
            0.8247863247863249,
            0.8247863247863249,
            0.8247863247863249,
            0.8222698072805139,
            0.8240343347639484,
            0.8293736501079912,
            0.8304347826086955,
            0.8400000000000002,
            0.8468468468468467,
            0.8486238532110092,
            0.8484848484848486,
            0.8353221957040574,
            0.8365384615384616,
            0.8341463414634146,
            0.8421052631578947,
            0.8226221079691518,
            0.8157894736842105,
            0.8042895442359249,
            0.7956403269754768,
            0.7865168539325843,
            0.7529411764705882,
            0.7134146341463415,
            0.6687898089171974,
            0.6513157894736843,
            0.6195286195286196,
            0.6,
            0.5815602836879432,
            0.5074626865671641,
            0.44881889763779526,
            0.3666666666666667,
            0.2819383259911895,
            0.16190476190476188,
            0.07960199004975126,
            0.020512820512820513
        ],
        "mcc": [
            0.0,
            0.0,
            0.0,
            0.0,
            0.0,
            0.0,
            0.0,
            0.0,
            0.0,
            -0.039377939761477534,
            0.03776079044062439,
            0.14927828115125094,
            0.17096223215436027,
            0.2774548492856156,
            0.33357208250091225,
            0.3584121049863368,
            0.3730195595670844,
            0.34044716166921374,
            0.35513679652577235,
            0.364478164670234,
            0.42951366375952577,
            0.3942745596574564,
            0.40488474136948094,
            0.39572852168443734,
            0.39383313485835153,
            0.4142341979311344,
            0.39573811412340554,
            0.3538628242370095,
            0.321556857706184,
            0.34182886292308723,
            0.31162713961709826,
            0.3148153058186896,
            0.33195543563896523,
            0.27421771211479795,
            0.27147502399298296,
            0.23259337483411316,
            0.19652894449997613,
            0.16731808271706006,
            0.11282819345398425,
            0.055790717407769364
        ],
        "hammingLoss": [
            0.2981818181818182,
            0.2981818181818182,
            0.2981818181818182,
            0.2981818181818182,
            0.2981818181818182,
            0.2981818181818182,
            0.2981818181818182,
            0.2981818181818182,
            0.2981818181818182,
            0.30181818181818176,
            0.2981818181818182,
            0.28727272727272724,
            0.2836363636363637,
            0.26181818181818184,
            0.2472727272727273,
            0.24,
            0.23636363636363633,
            0.25090909090909086,
            0.2472727272727273,
            0.2472727272727273,
            0.22909090909090912,
            0.25090909090909086,
            0.2545454545454545,
            0.2654545454545455,
            0.2727272727272727,
            0.27636363636363637,
            0.3054545454545454,
            0.3418181818181818,
            0.3781818181818182,
            0.3854545454545455,
            0.4109090909090909,
            0.42181818181818187,
            0.4290909090909091,
            0.48,
            0.509090909090909,
            0.5527272727272727,
            0.5927272727272728,
            0.64,
            0.6727272727272727,
            0.6945454545454546
        ],
        "assertionsMetrics": [],
        "overridesMetrics": []
    },
    "tiMetrics": {
        "auc": 0.7805509920384178,
        "logLoss": 0.5082501257265324,
        "lift": 1.2694300518134716,
        "averagePrecision": 0.8852781942337784,
        "calibrationLoss": 0.0648982088102133
    },
    "probaPercentiles": [
        0.26323463178606443,
        0.2884612323313582,
        0.30221784961959924,
        0.3072825437601702,
        0.3126054347899514,
        0.317277987129017,
        0.33604651388103496,
        0.34084278356533115,
        0.35668935163573856,
        0.3638570296859492,
        0.3711436242772384,
        0.3836223176404503,
        0.39218394776776483,
        0.398302538832536,
        0.41510012839485366,
        0.4204347100175783,
        0.42241333722054486,
        0.4278433376414537,
        0.45141532855847605,
        0.45629698859878287,
        0.47552766776010075,
        0.48004219362497474,
        0.4815468638472318,
        0.49084086814697714,
        0.5007275658857707,
        0.5069012490356425,
        0.5112335248024698,
        0.5192288152896503,
        0.5254910879821216,
        0.5376470900517881,
        0.5392484635895128,
        0.5518552648007569,
        0.5641782342584236,
        0.570535446203839,
        0.5792568859098062,
        0.5961846604571556,
        0.6023848128780027,
        0.6037110532983891,
        0.6097078836320027,
        0.6195839663840742,
        0.6272073230025778,
        0.6337980232245995,
        0.6379426799356541,
        0.63968670974294,
        0.6429986885184088,
        0.6448367813457971,
        0.6537235011745707,
        0.6615962546253242,
        0.6648983593290745,
        0.6727303118952059,
        0.677405938090068,
        0.682492853045985,
        0.6836042167407336,
        0.6845848201116439,
        0.6908293936398554,
        0.7000702536199189,
        0.7024459513974672,
        0.7076431899564027,
        0.7169794077597363,
        0.730663780896745,
        0.737548333230701,
        0.7478641152783531,
        0.7546626738750793,
        0.7641997296723945,
        0.7803840560061527,
        0.7888104667157758,
        0.7959771964154502,
        0.8009158750727978,
        0.8089050537199678,
        0.8137835283570335,
        0.8194620332714005,
        0.8228740324627191,
        0.8266678527913282,
        0.8334314238084733,
        0.8403034432830093,
        0.842057298316494,
        0.8438068024940512,
        0.8492485478727217,
        0.8577534726338876,
        0.8642477507807063,
        0.8691105244939563,
        0.8714630798636687,
        0.8745220913426615,
        0.8817497518870915,
        0.8838047327123839,
        0.8890997600401458,
        0.895305454897378,
        0.9004230512436123,
        0.9042755266438723,
        0.9091025020647413,
        0.9113431823125061,
        0.9140488203019895,
        0.9162624486671678,
        0.9247666006051108,
        0.9336237160410776,
        0.9405193073143774,
        0.9476589448908664,
        0.957843391696151,
        0.9629816427882446
    ],
    "rocVizData": [
        [
            {
                "x": 0.0,
                "y": 0.0,
                "p": 1.9817140895062315
            },
            {
                "x": 0.0,
                "y": 0.09844559585492228,
                "p": 0.9206373349910411
            },
            {
                "x": 0.024390243902439025,
                "y": 0.21243523316062177,
                "p": 0.8830366929291125
            },
            {
                "x": 0.036585365853658534,
                "y": 0.2849740932642487,
                "p": 0.8612590145467013
            },
            {
                "x": 0.06097560975609756,
                "y": 0.32124352331606215,
                "p": 0.8417245615611485
            },
            {
                "x": 0.08536585365853659,
                "y": 0.42487046632124353,
                "p": 0.8001837335527421
            },
            {
                "x": 0.12195121951219512,
                "y": 0.46632124352331605,
                "p": 0.763660409530073
            },
            {
                "x": 0.14634146341463414,
                "y": 0.5181347150259067,
                "p": 0.7200836546401264
            },
            {
                "x": 0.18292682926829268,
                "y": 0.533678756476684,
                "p": 0.7046957108301865
            },
            {
                "x": 0.2073170731707317,
                "y": 0.5595854922279793,
                "p": 0.6905695234468265
            },
            {
                "x": 0.21951219512195122,
                "y": 0.6062176165803109,
                "p": 0.6783600559729357
            },
            {
                "x": 0.23170731707317074,
                "y": 0.689119170984456,
                "p": 0.6425900448993762
            },
            {
                "x": 0.2682926829268293,
                "y": 0.7098445595854922,
                "p": 0.6347827062379892
            },
            {
                "x": 0.3170731707317073,
                "y": 0.7305699481865285,
                "p": 0.6123286761838742
            },
            {
                "x": 0.34146341463414637,
                "y": 0.7564766839378239,
                "p": 0.6022659777432647
            },
            {
                "x": 0.36585365853658536,
                "y": 0.7979274611398963,
                "p": 0.5641892870109811
            },
            {
                "x": 0.4268292682926829,
                "y": 0.8031088082901554,
                "p": 0.5392706910133079
            },
            {
                "x": 0.45121951219512196,
                "y": 0.8341968911917098,
                "p": 0.519714644333415
            },
            {
                "x": 0.47560975609756095,
                "y": 0.8704663212435233,
                "p": 0.4993211850498395
            },
            {
                "x": 0.5609756097560976,
                "y": 0.8860103626943006,
                "p": 0.47930230028457543
            },
            {
                "x": 0.6219512195121951,
                "y": 0.9015544041450777,
                "p": 0.4286521357499723
            },
            {
                "x": 0.6463414634146342,
                "y": 0.927461139896373,
                "p": 0.41748787237471746
            },
            {
                "x": 0.6951219512195121,
                "y": 0.9430051813471503,
                "p": 0.3947726357401138
            },
            {
                "x": 0.7317073170731707,
                "y": 0.9585492227979274,
                "p": 0.370777044812919
            },
            {
                "x": 0.7682926829268293,
                "y": 0.9740932642487047,
                "p": 0.35336449013729493
            },
            {
                "x": 0.9146341463414634,
                "y": 0.9792746113989638,
                "p": 0.30730106029036747
            },
            {
                "x": 1.0,
                "y": 0.9948186528497409,
                "p": 0.23000171033424638
            },
            {
                "x": 1.0,
                "y": 1.0,
                "p": 0.2145014930078478
            }
        ]
    ],
    "liftVizData": {
        "bins": [
            {
                "bin_pos_prop": 0.9285714286,
                "bin_lift": 1.3230940044,
                "cum_lift": 0.1347150259,
                "cum_size": 0.1018181818,
                "bin_min": 0.9091025021,
                "bin_max": 0.9817140895,
                "percentile_idx": 0
            },
            {
                "bin_pos_prop": 0.962962963,
                "bin_lift": 1.3720974861,
                "cum_lift": 0.2694300518,
                "cum_size": 0.2,
                "bin_min": 0.8642477508,
                "bin_max": 0.9091025021,
                "percentile_idx": 1
            },
            {
                "bin_pos_prop": 0.8571428571,
                "bin_lift": 1.2213175426,
                "cum_lift": 0.3937823834,
                "cum_size": 0.3018181818,
                "bin_min": 0.8137835284,
                "bin_max": 0.8642477508,
                "percentile_idx": 2
            },
            {
                "bin_pos_prop": 0.8148148148,
                "bin_lift": 1.1610055652,
                "cum_lift": 0.5077720207,
                "cum_size": 0.4,
                "bin_min": 0.7306637809,
                "bin_max": 0.8137835284,
                "percentile_idx": 3
            },
            {
                "bin_pos_prop": 0.7777777778,
                "bin_lift": 1.1082325849,
                "cum_lift": 0.6165803109,
                "cum_size": 0.4981818182,
                "bin_min": 0.6727303119,
                "bin_max": 0.7306637809,
                "percentile_idx": 4
            },
            {
                "bin_pos_prop": 0.7857142857,
                "bin_lift": 1.1195410807,
                "cum_lift": 0.7305699482,
                "cum_size": 0.6,
                "bin_min": 0.6195839664,
                "bin_max": 0.6727303119,
                "percentile_idx": 5
            },
            {
                "bin_pos_prop": 0.5925925926,
                "bin_lift": 0.8443676837,
                "cum_lift": 0.8134715026,
                "cum_size": 0.6981818182,
                "bin_min": 0.5376470901,
                "bin_max": 0.6195839664,
                "percentile_idx": 6
            },
            {
                "bin_pos_prop": 0.5714285714,
                "bin_lift": 0.814211695,
                "cum_lift": 0.896373057,
                "cum_size": 0.8,
                "bin_min": 0.4562969886,
                "bin_max": 0.5376470901,
                "percentile_idx": 7
            },
            {
                "bin_pos_prop": 0.4814814815,
                "bin_lift": 0.686048743,
                "cum_lift": 0.9637305699,
                "cum_size": 0.8981818182,
                "bin_min": 0.3638570297,
                "bin_max": 0.4562969886,
                "percentile_idx": 8
            },
            {
                "bin_pos_prop": 0.25,
                "bin_lift": 0.3562176166,
                "cum_lift": 1.0,
                "cum_size": 1.0,
                "bin_min": 0.214501493,
                "bin_max": 0.3638570297,
                "percentile_idx": 9
            }
        ],
        "wizard": {
            "positives": 193,
            "total": 275
        }
    },
    "prVizData": [
        {
            "bins": [
                {
                    "x": 1.0,
                    "y": 0.7018181818181818,
                    "p": 0.2145014930078478
                },
                {
                    "x": 0.9792746113989638,
                    "y": 0.7269230769230769,
                    "p": 0.3144505539487581
                },
                {
                    "x": 0.9585492227979274,
                    "y": 0.7551020408163265,
                    "p": 0.370777044812919
                },
                {
                    "x": 0.927461139896373,
                    "y": 0.771551724137931,
                    "p": 0.41748787237471746
                },
                {
                    "x": 0.8963730569948186,
                    "y": 0.7863636363636364,
                    "p": 0.4564871125828827
                },
                {
                    "x": 0.8756476683937824,
                    "y": 0.8125,
                    "p": 0.4915366033907528
                },
                {
                    "x": 0.8341968911917098,
                    "y": 0.8131313131313131,
                    "p": 0.519714644333415
                },
                {
                    "x": 0.8031088082901554,
                    "y": 0.8288770053475936,
                    "p": 0.5551567901374244
                },
                {
                    "x": 0.7668393782383419,
                    "y": 0.8361581920903954,
                    "p": 0.5923706696896888
                },
                {
                    "x": 0.7305699481865285,
                    "y": 0.844311377245509,
                    "p": 0.6123286761838742
                },
                {
                    "x": 0.6994818652849741,
                    "y": 0.8598726114649682,
                    "p": 0.6386211681688122
                },
                {
                    "x": 0.6632124352331606,
                    "y": 0.8707482993197279,
                    "p": 0.6503931978210205
                },
                {
                    "x": 0.616580310880829,
                    "y": 0.8686131386861314,
                    "p": 0.6735544359369297
                },
                {
                    "x": 0.5699481865284974,
                    "y": 0.8661417322834646,
                    "p": 0.6845849359305918
                },
                {
                    "x": 0.533678756476684,
                    "y": 0.8728813559322034,
                    "p": 0.7046957108301865
                },
                {
                    "x": 0.5025906735751295,
                    "y": 0.8899082568807339,
                    "p": 0.7354195793195845
                },
                {
                    "x": 0.46632124352331605,
                    "y": 0.9,
                    "p": 0.763660409530073
                },
                {
                    "x": 0.43005181347150256,
                    "y": 0.9120879120879121,
                    "p": 0.7980444717400045
                },
                {
                    "x": 0.38860103626943004,
                    "y": 0.9146341463414634,
                    "p": 0.816568795446407
                },
                {
                    "x": 0.34196891191709844,
                    "y": 0.9166666666666666,
                    "p": 0.8347180371953461
                },
                {
                    "x": 0.3160621761658031,
                    "y": 0.9384615384615385,
                    "p": 0.8435788879555662
                },
                {
                    "x": 0.27979274611398963,
                    "y": 0.9473684210526315,
                    "p": 0.8626282990151963
                },
                {
                    "x": 0.22797927461139897,
                    "y": 0.9361702127659575,
                    "p": 0.8758022692757015
                },
                {
                    "x": 0.19689119170984457,
                    "y": 0.95,
                    "p": 0.88907988402919
                },
                {
                    "x": 0.14507772020725387,
                    "y": 0.9333333333333333,
                    "p": 0.9066511280944894
                },
                {
                    "x": 0.09844559585492228,
                    "y": 0.9047619047619048,
                    "p": 0.9162583010351588
                },
                {
                    "x": 0.09844559585492228,
                    "y": 1.0,
                    "p": 0.9206373349910411
                },
                {
                    "x": 0.046632124352331605,
                    "y": 1.0,
                    "p": 0.9478104048218933
                },
                {
                    "x": 0.0051813471502590676,
                    "y": 1.0,
                    "p": 0.9817140895062315
                }
            ],
            "positiveRate": 0.7018181818181818
        }
    ],
    "densityData": {
        "0": {
            "actualIsThisClass": [
                0.1323111654884018,
                0.1582490231960111,
                0.1870651037826868,
                0.21862172578755595,
                0.25269170434550176,
                0.28896229569975607,
                0.32704455557858236,
                0.3664879246292049,
                0.40679948164776375,
                0.44746695797651537,
                0.4879843013448993,
                0.5278783274989532,
                0.5667348148619207,
                0.6042222948469548,
                0.6401117856401487,
                0.6742908302929166,
                0.7067704493266134,
                0.7376840142338985,
                0.7672775864132668,
                0.7958919202675595,
                0.8239370503055762,
                0.8518611006218672,
                0.8801155891337166,
                0.9091199656447314,
                0.9392283516797544,
                0.9707013947083869,
                1.0036857957343326,
                1.0382034385110788,
                1.074151195219275,
                1.1113114882860498,
                1.1493726495638592,
                1.1879571420844812,
                1.2266548993872337,
                1.2650584848443647,
                1.302796550436399,
                1.339562224956617,
                1.3751335935677043,
                1.4093843092391047,
                1.442283520763763,
                1.4738855861471505,
                1.5043113034204976,
                1.5337234554942736,
                1.5623001621131407,
                1.5902097289513777,
                1.6175903164579726,
                1.6445368413640131,
                1.6710961882282092,
                1.6972702477946247,
                1.7230247709814774,
                1.7483008052787086,
                1.773024804605232,
                1.7971135353957646,
                1.8204706876644308,
                1.8429735563947376,
                1.8644500786745744,
                1.8846485945070353,
                1.9032045969633185,
                1.9196101143050033,
                1.933191955170389,
                1.9431046951215138,
                1.9483429791829672,
                1.9477755991221044,
                1.9402011442941498,
                1.9244221793476892,
                1.899332266396383,
                1.8640080970692563,
                1.8177978278573015,
                1.7603965968907687,
                1.691901173067674,
                1.6128376322962563,
                1.5241586237748288,
                1.427209842570585,
                1.3236683816623587,
                1.215458327610107,
                1.1046509825241149,
                0.9933582365108894,
                0.8836277988537979,
                0.777348268940047,
                0.6761705456861369,
                0.5814500724780444,
                0.4942121686638804,
                0.4151404823357206,
                0.34458664917630416,
                0.28259773198331095,
                0.228957042016401,
                0.1832335262597367,
                0.14483499673522185,
                0.11306098230370093,
                0.08715177456903729,
                0.06633118432820885,
                0.04984149996937582,
                0.03697004309472412,
                0.027067477541392923,
                0.0195586050755698,
                0.013946762112534481,
                0.00981312784056829,
                0.006812292402578438,
                0.0046653508474317614,
                0.0031516237786427693,
                0.002099896164118523
            ],
            "actualIsNotThisClass": [
                0.7463205491051706,
                0.8837804931094744,
                1.030001909192451,
                1.1819128751022603,
                1.3358883208060832,
                1.4879217295450526,
                1.6338360254683926,
                1.7695175215209293,
                1.8911545812223693,
                1.9954625281834188,
                2.0798781733873297,
                2.1427106632144963,
                2.1832395151307153,
                2.2017549885320764,
                2.199539744187813,
                2.1787937490258824,
                2.1425065848091425,
                2.09428301597446,
                2.038129324639697,
                1.978209962526602,
                1.9185867085165207,
                1.8629556034156893,
                1.8143999174204597,
                1.7751794562906758,
                1.7465767064064888,
                1.7288179014186538,
                1.7210817179848963,
                1.7216002005971272,
                1.7278465118011936,
                1.7367935513755772,
                1.745218023231181,
                1.750017778596894,
                1.7485075266510355,
                1.7386599783124144,
                1.719266110401556,
                1.689998653957427,
                1.651375610946232,
                1.6046336709321758,
                1.5515328398287944,
                1.4941216765520993,
                1.4344960822549389,
                1.37458316334471,
                1.3159756590588438,
                1.2598328878898435,
                1.2068527781438456,
                1.157308240997008,
                1.1111318115195146,
                1.068026643350677,
                1.027580460007863,
                0.9893619725453119,
                0.9529857486258269,
                0.9181400455228618,
                0.8845808069356118,
                0.8521020228028386,
                0.8204965797475268,
                0.7895219819560272,
                0.7588821863939798,
                0.728231339724143,
                0.6971989609248347,
                0.665430663350794,
                0.6326350730274846,
                0.5986267587965686,
                0.563356608873364,
                0.5269244369140001,
                0.48957262507266597,
                0.45166326022296066,
                0.4136437217395398,
                0.3760067017630134,
                0.3392502926127283,
                0.30384249355546106,
                0.27019283125654714,
                0.23863225100249957,
                0.20940131879356663,
                0.18264614145280958,
                0.15842113979055128,
                0.13669769194989517,
                0.11737752131150551,
                0.10030946051166764,
                0.08530792687105758,
                0.07217122542483448,
                0.06069779745416138,
                0.050698840722522766,
                0.04200632800314097,
                0.03447622840892057,
                0.027987515833439506,
                0.02243815289457571,
                0.0177395434982373,
                0.013810915898660176,
                0.010574783115197904,
                0.007954143942232057,
                0.005871572908623148,
                0.00424992061187968,
                0.0030140804289562817,
                0.002093192590313724,
                0.001422724266453975,
                0.0009460289476407332,
                0.000615187526847602,
                0.000391114994541327,
                0.00024304815859862856,
                0.0001476001987429285
            ],
            "actualIsThisClassMedian": 0.5147803872752871,
            "actualIsNotThisClassMedian": 0.2645804206804156
        },
        "1": {
            "actualIsThisClass": [
                0.00014760019874292772,
                0.00024304815859862856,
                0.00039111499454132735,
                0.0006151875268475997,
                0.0009460289476407332,
                0.0014227242664539776,
                0.0020931925903137274,
                0.0030140804289562817,
                0.004249920611879675,
                0.005871572908623159,
                0.0079541439422321,
                0.010574783115197923,
                0.013810915898660212,
                0.01773954349823733,
                0.02243815289457576,
                0.027987515833439506,
                0.03447622840892058,
                0.042006328003141066,
                0.05069884072252279,
                0.06069779745416152,
                0.0721712254248345,
                0.08530792687105765,
                0.1003094605116676,
                0.11737752131150557,
                0.13669769194989523,
                0.1584211397905517,
                0.18264614145280958,
                0.20940131879356663,
                0.2386322510025001,
                0.27019283125654714,
                0.3038424935554608,
                0.33925029261272927,
                0.3760067017630134,
                0.4136437217395405,
                0.4516632602229627,
                0.48957262507266636,
                0.5269244369140006,
                0.563356608873363,
                0.5986267587965697,
                0.6326350730274829,
                0.6654306633507953,
                0.6971989609248359,
                0.7282313397241423,
                0.7588821863939811,
                0.7895219819560257,
                0.8204965797475282,
                0.8521020228028379,
                0.8845808069356134,
                0.9181400455228625,
                0.9529857486258234,
                0.9893619725453101,
                1.0275804600078677,
                1.0680266433506733,
                1.1111318115195166,
                1.157308240997006,
                1.2068527781438456,
                1.259832887889848,
                1.3159756590588452,
                1.374583163344709,
                1.43449608225494,
                1.4941216765520993,
                1.551532839828797,
                1.604633670932173,
                1.6513756109462365,
                1.6899986539574225,
                1.7192661104015605,
                1.7386599783124268,
                1.7485075266510355,
                1.7500177785968924,
                1.7452180232311794,
                1.7367935513755743,
                1.727846511801195,
                1.7216002005971225,
                1.721081717984901,
                1.7288179014186553,
                1.7465767064064857,
                1.7751794562906726,
                1.8143999174204517,
                1.8629556034156893,
                1.9185867085165276,
                1.9782099625265988,
                2.0381293246397005,
                2.094283015974464,
                2.1425065848091425,
                2.1787937490258686,
                2.199539744187801,
                2.2017549885320844,
                2.1832395151307153,
                2.1427106632145096,
                2.079878173387317,
                1.9954625281834224,
                1.8911545812223676,
                1.7695175215209247,
                1.6338360254683897,
                1.4879217295450553,
                1.3358883208060843,
                1.1819128751022583,
                1.0300019091924522,
                0.8837804931094712,
                0.7463205491051687
            ],
            "actualIsNotThisClass": [
                0.002099896164118521,
                0.0031516237786427693,
                0.004665350847431769,
                0.006812292402578433,
                0.009813127840568307,
                0.013946762112534507,
                0.019558605075569818,
                0.027067477541392996,
                0.0369700430947242,
                0.04984149996937591,
                0.06633118432820903,
                0.08715177456903737,
                0.11306098230370133,
                0.1448349967352219,
                0.18323352625973705,
                0.2289570420164009,
                0.28259773198331106,
                0.3445866491763051,
                0.4151404823357206,
                0.4942121686638815,
                0.5814500724780449,
                0.6761705456861357,
                0.7773482689400456,
                0.8836277988537995,
                0.9933582365108912,
                1.1046509825241178,
                1.2154583276101103,
                1.3236683816623576,
                1.4272098425705877,
                1.5241586237748261,
                1.612837632296255,
                1.6919011730676725,
                1.7603965968907702,
                1.8177978278573015,
                1.8640080970692563,
                1.899332266396383,
                1.924422179347691,
                1.9402011442941482,
                1.947775599122101,
                1.9483429791829636,
                1.9431046951215087,
                1.933191955170389,
                1.9196101143050033,
                1.9032045969633218,
                1.884648594507037,
                1.8644500786745744,
                1.8429735563947345,
                1.8204706876644292,
                1.797113535395768,
                1.7730248046052273,
                1.7483008052787086,
                1.7230247709814774,
                1.6972702477946278,
                1.671096188228206,
                1.6445368413640087,
                1.617590316457974,
                1.5902097289513764,
                1.5623001621131407,
                1.5337234554942722,
                1.5043113034205002,
                1.4738855861471505,
                1.4422835207637617,
                1.409384309239106,
                1.3751335935677067,
                1.3395622249566184,
                1.3027965504364014,
                1.2650584848443636,
                1.226654899387236,
                1.1879571420844834,
                1.1493726495638572,
                1.1113114882860526,
                1.0741511952192722,
                1.038203438511077,
                1.0036857957343317,
                0.9707013947083895,
                0.9392283516797527,
                0.9091199656447297,
                0.8801155891337181,
                0.8518611006218657,
                0.8239370503055777,
                0.7958919202675581,
                0.7672775864132683,
                0.7376840142338973,
                0.7067704493266147,
                0.6742908302929166,
                0.6401117856401473,
                0.6042222948469548,
                0.5667348148619207,
                0.527878327498952,
                0.48798430134489906,
                0.44746695797651553,
                0.40679948164776414,
                0.3664879246292049,
                0.32704455557858236,
                0.2889622956997558,
                0.25269170434550164,
                0.21862172578755595,
                0.18706510378268662,
                0.1582490231960111,
                0.13231116548840186
            ],
            "actualIsThisClassMedian": 0.7354195793195845,
            "actualIsNotThisClassMedian": 0.4852196127247129
        }
    },
    "calibrationData": [
        {
            "y": 0,
            "x": 0,
            "n": 0
        },
        {
            "y": 0.25,
            "x": 0.2638578079755247,
            "n": 8.0
        },
        {
            "y": 0.2903225806451613,
            "x": 0.34727584129944195,
            "n": 31.0
        },
        {
            "y": 0.4666666666666667,
            "x": 0.4523183943349062,
            "n": 30.0
        },
        {
            "y": 0.6875,
            "x": 0.5445919469043646,
            "n": 32.0
        },
        {
            "y": 0.7735849056603774,
            "x": 0.6509914020316677,
            "n": 53.0
        },
        {
            "y": 0.71875,
            "x": 0.7466047914978209,
            "n": 32.0
        },
        {
            "y": 0.9090909090909091,
            "x": 0.8505456777730178,
            "n": 55.0
        },
        {
            "y": 0.9411764705882353,
            "x": 0.9306384921478612,
            "n": 34.0
        },
        {
            "y": 1,
            "x": 1,
            "n": 0
        }
    ],
    "probaDistribData": {
        "bins": [
            0.0,
            0.1,
            0.2,
            0.3,
            0.4,
            0.5,
            0.6,
            0.7,
            0.8,
            0.9,
            1.0
        ],
        "probaDistribs": [
            [
                0.0,
                0.0,
                6.0,
                22.0,
                16.0,
                10.0,
                12.0,
                9.0,
                5.0,
                2.0
            ],
            [
                0.0,
                0.0,
                2.0,
                9.0,
                14.0,
                22.0,
                41.0,
                23.0,
                50.0,
                32.0
            ]
        ]
    },
    "globalMetrics": {
        "testWeight": 275,
        "targetAvg": [
            0.7018181818181818
        ],
        "targetStd": [
            0.4582937687775508
        ],
        "predictionAvg": [
            0.8836363636363637
        ],
        "predictionStd": [
            0.3206604754188888
        ]
    }
}