{
    "predictedClassCountPerCut": [
        {
            "1": 275
        },
        {
            "1": 275
        },
        {
            "1": 275
        },
        {
            "1": 275
        },
        {
            "1": 275
        },
        {
            "1": 275
        },
        {
            "1": 275
        },
        {
            "1": 275
        },
        {
            "1": 275
        },
        {
            "1": 274,
            "0": 1
        },
        {
            "1": 273,
            "0": 2
        },
        {
            "1": 270,
            "0": 5
        },
        {
            "1": 267,
            "0": 8
        },
        {
            "1": 257,
            "0": 18
        },
        {
            "1": 251,
            "0": 24
        },
        {
            "1": 243,
            "0": 32
        },
        {
            "1": 236,
            "0": 39
        },
        {
            "1": 226,
            "0": 49
        },
        {
            "1": 223,
            "0": 52
        },
        {
            "1": 217,
            "0": 58
        },
        {
            "1": 206,
            "0": 69
        },
        {
            "1": 196,
            "0": 79
        },
        {
            "1": 187,
            "0": 88
        },
        {
            "1": 180,
            "0": 95
        },
        {
            "1": 174,
            "0": 101
        },
        {
            "1": 163,
            "0": 112
        },
        {
            "1": 147,
            "0": 128
        },
        {
            "0": 140,
            "1": 135
        },
        {
            "0": 154,
            "1": 121
        },
        {
            "0": 164,
            "1": 111
        },
        {
            "0": 171,
            "1": 104
        },
        {
            "0": 178,
            "1": 97
        },
        {
            "0": 186,
            "1": 89
        },
        {
            "0": 200,
            "1": 75
        },
        {
            "0": 214,
            "1": 61
        },
        {
            "0": 228,
            "1": 47
        },
        {
            "0": 241,
            "1": 34
        },
        {
            "0": 258,
            "1": 17
        },
        {
            "0": 267,
            "1": 8
        },
        {
            "0": 273,
            "1": 2
        }
    ],
    "cuts": [
        0.0,
        0.025,
        0.05,
        0.075,
        0.1,
        0.125,
        0.15,
        0.175,
        0.2,
        0.225,
        0.25,
        0.275,
        0.3,
        0.325,
        0.35,
        0.375,
        0.4,
        0.425,
        0.45,
        0.475,
        0.5,
        0.525,
        0.55,
        0.575,
        0.6,
        0.625,
        0.65,
        0.675,
        0.7,
        0.725,
        0.75,
        0.775,
        0.8,
        0.825,
        0.85,
        0.875,
        0.9,
        0.925,
        0.95,
        0.975
    ],
    "predictedClassCount": {
        "1": 243,
        "0": 32
    },
    "probabilityDensities": {
        "0": {
            "density": [
                0.5722518717343977,
                0.6727869648546169,
                0.7796021263969629,
                0.8906907088317394,
                1.0036879228717261,
                1.115974983923987,
                1.2248079069388986,
                1.3274619337473916,
                1.4213811204101177,
                1.5043222635039657,
                1.5744830442083237,
                1.630605797674492,
                1.6720503542029626,
                1.698831615572665,
                1.7116196611405992,
                1.71170208955711,
                1.7009100044711076,
                1.6815106716278756,
                1.6560715765402336,
                1.6273025117573032,
                1.5978844030147281,
                1.5702956494437617,
                1.5466484442856836,
                1.5285484027641305,
                1.5169904118669495,
                1.5123016323731355,
                1.5141389719818708,
                1.5215433571129464,
                1.5330472987412083,
                1.5468263287317716,
                1.5608797208544432,
                1.5732222886576674,
                1.5820675551351966,
                1.5859834989269521,
                1.584005330355744,
                1.5756949302986674,
                1.5611430133649662,
                1.5409169000007923,
                1.5159630970776847,
                1.4874788662737166,
                1.4567699642697687,
                1.4251124015982493,
                1.3936343456581293,
                1.363230480935694,
                1.3345158293205992,
                1.3078200392006811,
                1.2832173878055817,
                1.2605830770824165,
                1.2396635189874903,
                1.220147570872997,
                1.2017270878115127,
                1.1841383259973888,
                1.1671799870811035,
                1.150708212499067,
                1.1346128120606584,
                1.1187818115038928,
                1.1030626865610835,
                1.087228399215854,
                1.0709548339914154,
                1.0538139017150947,
                1.0352839442485657,
                1.0147765817882006,
                0.9916770994738691,
                0.9653940156036124,
                0.9354126219823667,
                0.9013469788436675,
                0.862985012740725,
                0.8203219620153446,
                0.773578423730839,
                0.723200657682737,
                0.6698425307243216,
                0.614330394019692,
                0.5576140529357093,
                0.5007085433597481,
                0.44463241187375785,
                0.3903484335809841,
                0.3387121454854718,
                0.2904323296422043,
                0.24604588050771756,
                0.2059076389266966,
                0.17019407658932642,
                0.13891841159974247,
                0.1119539636243649,
                0.0890623334574062,
                0.06992323401332991,
                0.054163362417949834,
                0.04138242208237829,
                0.031175134517694134,
                0.02314872070122461,
                0.01693582788100934,
                0.01220321941724613,
                0.008656750827663937,
                0.006043255885965143,
                0.004149994351382816,
                0.0028022932456122857,
                0.0018599638096551004,
                0.0012130068786377506,
                0.0007770370751907934,
                0.0004887663758211694,
                0.00030179587607008664
            ],
            "median": 0.3272696881047941
        },
        "1": {
            "density": [
                0.00030179587607008664,
                0.0004887663758211716,
                0.0007770370751907976,
                0.0012130068786377506,
                0.0018599638096551054,
                0.002802293245612301,
                0.004149994351382827,
                0.006043255885965165,
                0.008656750827663953,
                0.01220321941724614,
                0.016935827881009415,
                0.023148720701224663,
                0.031175134517694204,
                0.04138242208237829,
                0.05416336241794998,
                0.06992323401332994,
                0.08906233345740636,
                0.1119539636243654,
                0.1389184115997427,
                0.1701940765893266,
                0.2059076389266968,
                0.246045880507718,
                0.2904323296422043,
                0.3387121454854712,
                0.3903484335809844,
                0.4446324118737587,
                0.5007085433597486,
                0.5576140529357063,
                0.6143303940196937,
                0.6698425307243204,
                0.7232006576827358,
                0.7735784237308383,
                0.8203219620153446,
                0.8629850127407258,
                0.9013469788436691,
                0.9354126219823701,
                0.9653940156036191,
                0.9916770994738638,
                1.0147765817881989,
                1.0352839442485675,
                1.0538139017150985,
                1.0709548339914183,
                1.087228399215853,
                1.1030626865610835,
                1.1187818115038897,
                1.1346128120606604,
                1.1507082124990702,
                1.1671799870811057,
                1.1841383259973857,
                1.2017270878115147,
                1.2201475708729905,
                1.239663518987487,
                1.2605830770824098,
                1.2832173878055793,
                1.3078200392006833,
                1.3345158293206063,
                1.3632304809356977,
                1.3936343456581244,
                1.4251124015982557,
                1.4567699642697622,
                1.4874788662737206,
                1.515963097077678,
                1.5409169000007759,
                1.5611430133649717,
                1.5756949302986687,
                1.584005330355758,
                1.5859834989269548,
                1.5820675551351937,
                1.573222288657673,
                1.560879720854435,
                1.5468263287317716,
                1.5330472987412165,
                1.521543357112949,
                1.5141389719818668,
                1.5123016323731355,
                1.5169904118669577,
                1.5285484027641263,
                1.5466484442856823,
                1.5702956494437714,
                1.5978844030147252,
                1.627302511757296,
                1.6560715765402396,
                1.6815106716278727,
                1.7009100044711063,
                1.7117020895571053,
                1.711619661140593,
                1.698831615572671,
                1.6720503542029552,
                1.6306057976744937,
                1.5744830442083169,
                1.5043222635039617,
                1.421381120410119,
                1.3274619337473939,
                1.2248079069388997,
                1.115974983923981,
                1.0036879228717244,
                0.8906907088317418,
                0.7796021263969622,
                0.6727869648546174,
                0.5722518717343956
            ],
            "median": 0.6727303118952059
        }
    }
}