{
  "starred": false,
  "clusterMetas": {},
  "customMeta": {
    "kv": {}
  },
  "tags": [],
  "activeClassifierThreshold": 0.375,
  "description": "",
  "name": "Random forest (s2) - v1",
  "labels": [
    {
      "key": "trainDataset:dataset-name",
      "value": "risk_prepared_code"
    },
    {
      "key": "testDataset:dataset-name",
      "value": "risk_prepared_code"
    },
    {
      "key": "evaluationDataset:dataset-name",
      "value": "risk_prepared_code"
    },
    {
      "key": "model:algorithm",
      "value": "RANDOM_FOREST_CLASSIFICATION"
    },
    {
      "key": "model:date",
      "value": "2025-10-25T06:44:55.485+0000"
    },
    {
      "key": "evaluation:date",
      "value": "2025-10-25T06:44:55.485+0000"
    },
    {
      "key": "model:name",
      "value": "Random forest (s2) - v1"
    }
  ]
}