{
    "featuresDistribution": {
        "gender_bin": {
            "type": "NUMERIC",
            "nbDistinct": 2,
            "count": 808,
            "missingCount": 0.0,
            "histogram": {
                "scale": [
                    0.0,
                    0.02040816326530612,
                    0.04081632653061224,
                    0.061224489795918366,
                    0.08163265306122448,
                    0.1020408163265306,
                    0.12244897959183673,
                    0.14285714285714285,
                    0.16326530612244897,
                    0.18367346938775508,
                    0.2040816326530612,
                    0.22448979591836732,
                    0.24489795918367346,
                    0.26530612244897955,
                    0.2857142857142857,
                    0.3061224489795918,
                    0.32653061224489793,
                    0.3469387755102041,
                    0.36734693877551017,
                    0.3877551020408163,
                    0.4081632653061224,
                    0.42857142857142855,
                    0.44897959183673464,
                    0.4693877551020408,
                    0.4897959183673469,
                    0.5102040816326531,
                    0.5306122448979591,
                    0.5510204081632653,
                    0.5714285714285714,
                    0.5918367346938775,
                    0.6122448979591836,
                    0.6326530612244897,
                    0.6530612244897959,
                    0.673469387755102,
                    0.6938775510204082,
                    0.7142857142857142,
                    0.7346938775510203,
                    0.7551020408163265,
                    0.7755102040816326,
                    0.7959183673469387,
                    0.8163265306122448,
                    0.836734693877551,
                    0.8571428571428571,
                    0.8775510204081632,
                    0.8979591836734693,
                    0.9183673469387754,
                    0.9387755102040816,
                    0.9591836734693877,
                    0.9795918367346939,
                    1.0
                ],
                "distribution": [
                    0.6868811881188119,
                    0.0,
                    0.0,
                    0.0,
                    0.0,
                    0.0,
                    0.0,
                    0.0,
                    0.0,
                    0.0,
                    0.0,
                    0.0,
                    0.0,
                    0.0,
                    0.0,
                    0.0,
                    0.0,
                    0.0,
                    0.0,
                    0.0,
                    0.0,
                    0.0,
                    0.0,
                    0.0,
                    0.0,
                    0.0,
                    0.0,
                    0.0,
                    0.0,
                    0.0,
                    0.0,
                    0.0,
                    0.0,
                    0.0,
                    0.0,
                    0.0,
                    0.0,
                    0.0,
                    0.0,
                    0.0,
                    0.0,
                    0.0,
                    0.0,
                    0.0,
                    0.0,
                    0.0,
                    0.0,
                    0.0,
                    0.3131188118811881
                ]
            },
            "quantiles": {
                "scale": [
                    0.0,
                    0.0,
                    0.0,
                    0.0,
                    0.0,
                    0.0,
                    0.5,
                    1.0,
                    1.0,
                    1.0
                ],
                "distribution": [
                    0.0,
                    0.0,
                    0.0,
                    0.0,
                    0.0,
                    0.0,
                    0.6868811881188119,
                    0.0,
                    0.0,
                    0.3131188118811881
                ]
            },
            "topValues": [
                {
                    "value": 0.0,
                    "count": 555.0
                },
                {
                    "value": 1.0,
                    "count": 253.0
                }
            ]
        },
        "purpose": {
            "type": "CATEGORY",
            "nbDistinct": 10,
            "count": 808,
            "missingCount": 0.0,
            "values": {
                "scale": [
                    "domestic appliances",
                    "car (new)",
                    "radio/television",
                    "car (used)",
                    "others",
                    "retraining",
                    "education",
                    "repairs",
                    "furniture/equipment",
                    "business"
                ],
                "distribution": [
                    0.2784653465346535,
                    0.22277227722772278,
                    0.1806930693069307,
                    0.1051980198019802,
                    0.10148514851485149,
                    0.04950495049504951,
                    0.023514851485148515,
                    0.01485148514851485,
                    0.013613861386138614,
                    0.009900990099009901
                ]
            }
        },
        "housing": {
            "type": "CATEGORY",
            "nbDistinct": 3,
            "count": 808,
            "missingCount": 0.0,
            "values": {
                "scale": [
                    "own",
                    "rent",
                    "for free"
                ],
                "distribution": [
                    0.7277227722772277,
                    0.1707920792079208,
                    0.10148514851485149
                ]
            }
        },
        "installment_rate": {
            "type": "NUMERIC",
            "nbDistinct": 4,
            "count": 808,
            "missingCount": 0.0,
            "histogram": {
                "scale": [
                    1.0,
                    1.0612244897959184,
                    1.1224489795918366,
                    1.183673469387755,
                    1.2448979591836735,
                    1.306122448979592,
                    1.3673469387755102,
                    1.4285714285714286,
                    1.489795918367347,
                    1.5510204081632653,
                    1.6122448979591837,
                    1.6734693877551021,
                    1.7346938775510203,
                    1.7959183673469388,
                    1.8571428571428572,
                    1.9183673469387754,
                    1.9795918367346939,
                    2.0408163265306123,
                    2.1020408163265305,
                    2.163265306122449,
                    2.2244897959183674,
                    2.2857142857142856,
                    2.3469387755102042,
                    2.4081632653061225,
                    2.4693877551020407,
                    2.5306122448979593,
                    2.5918367346938775,
                    2.6530612244897958,
                    2.7142857142857144,
                    2.7755102040816326,
                    2.836734693877551,
                    2.8979591836734695,
                    2.9591836734693877,
                    3.020408163265306,
                    3.0816326530612246,
                    3.142857142857143,
                    3.204081632653061,
                    3.2653061224489797,
                    3.326530612244898,
                    3.387755102040816,
                    3.4489795918367347,
                    3.510204081632653,
                    3.571428571428571,
                    3.63265306122449,
                    3.693877551020408,
                    3.7551020408163263,
                    3.816326530612245,
                    3.877551020408163,
                    3.9387755102040813,
                    4.0
                ],
                "distribution": [
                    0.1373762376237624,
                    0.0,
                    0.0,
                    0.0,
                    0.0,
                    0.0,
                    0.0,
                    0.0,
                    0.0,
                    0.0,
                    0.0,
                    0.0,
                    0.0,
                    0.0,
                    0.0,
                    0.0,
                    0.22524752475247525,
                    0.0,
                    0.0,
                    0.0,
                    0.0,
                    0.0,
                    0.0,
                    0.0,
                    0.0,
                    0.0,
                    0.0,
                    0.0,
                    0.0,
                    0.0,
                    0.0,
                    0.0,
                    0.15965346534653466,
                    0.0,
                    0.0,
                    0.0,
                    0.0,
                    0.0,
                    0.0,
                    0.0,
                    0.0,
                    0.0,
                    0.0,
                    0.0,
                    0.0,
                    0.0,
                    0.0,
                    0.0,
                    0.4777227722772277
                ]
            },
            "quantiles": {
                "scale": [
                    1.0,
                    1.5,
                    2.0,
                    2.5,
                    3.0,
                    3.5,
                    4.0,
                    4.0,
                    4.0,
                    4.0
                ],
                "distribution": [
                    0.0,
                    0.1373762376237624,
                    0.0,
                    0.22524752475247525,
                    0.0,
                    0.15965346534653466,
                    0.0,
                    0.0,
                    0.0,
                    0.4777227722772277
                ]
            },
            "topValues": [
                {
                    "value": 4.0,
                    "count": 386.0
                },
                {
                    "value": 2.0,
                    "count": 182.0
                },
                {
                    "value": 3.0,
                    "count": 129.0
                },
                {
                    "value": 1.0,
                    "count": 111.0
                }
            ]
        },
        "duration": {
            "type": "NUMERIC",
            "nbDistinct": 33,
            "count": 808,
            "missingCount": 0.0,
            "histogram": {
                "scale": [
                    4.0,
                    5.387755102040816,
                    6.775510204081632,
                    8.16326530612245,
                    9.551020408163264,
                    10.938775510204081,
                    12.326530612244898,
                    13.714285714285714,
                    15.10204081632653,
                    16.48979591836735,
                    17.877551020408163,
                    19.26530612244898,
                    20.653061224489797,
                    22.040816326530614,
                    23.428571428571427,
                    24.816326530612244,
                    26.20408163265306,
                    27.591836734693878,
                    28.979591836734695,
                    30.36734693877551,
                    31.755102040816325,
                    33.14285714285714,
                    34.53061224489796,
                    35.91836734693878,
                    37.30612244897959,
                    38.69387755102041,
                    40.08163265306123,
                    41.46938775510204,
                    42.857142857142854,
                    44.244897959183675,
                    45.63265306122449,
                    47.02040816326531,
                    48.40816326530612,
                    49.795918367346935,
                    51.183673469387756,
                    52.57142857142857,
                    53.95918367346939,
                    55.3469387755102,
                    56.73469387755102,
                    58.12244897959184,
                    59.51020408163265,
                    60.89795918367347,
                    62.285714285714285,
                    63.6734693877551,
                    65.06122448979592,
                    66.44897959183673,
                    67.83673469387756,
                    69.22448979591837,
                    70.61224489795919,
                    72.0
                ],
                "distribution": [
                    0.007425742574257425,
                    0.07425742574257425,
                    0.007425742574257425,
                    0.04826732673267327,
                    0.0297029702970297,
                    0.1905940594059406,
                    0.0049504950495049506,
                    0.06683168316831684,
                    0.0024752475247524753,
                    0.0,
                    0.1150990099009901,
                    0.007425742574257425,
                    0.034653465346534656,
                    0.0,
                    0.1782178217821782,
                    0.0012376237623762376,
                    0.01485148514851485,
                    0.0024752475247524753,
                    0.04455445544554455,
                    0.0,
                    0.0024752475247524753,
                    0.0,
                    0.0,
                    0.08044554455445545,
                    0.0,
                    0.007425742574257425,
                    0.0,
                    0.007425742574257425,
                    0.0,
                    0.0037128712871287127,
                    0.0012376237623762376,
                    0.04950495049504951,
                    0.0,
                    0.0,
                    0.0,
                    0.0,
                    0.0024752475247524753,
                    0.0,
                    0.0,
                    0.0,
                    0.013613861386138614,
                    0.0,
                    0.0,
                    0.0,
                    0.0,
                    0.0,
                    0.0,
                    0.0,
                    0.0012376237623762376
                ]
            },
            "quantiles": {
                "scale": [
                    6.5,
                    10.5,
                    12.0,
                    13.5,
                    16.5,
                    21.0,
                    24.0,
                    27.0,
                    33.0,
                    54.0
                ],
                "distribution": [
                    0.0891089108910891,
                    0.08787128712871287,
                    0.0,
                    0.1905940594059406,
                    0.06435643564356436,
                    0.15717821782178218,
                    0.0,
                    0.1967821782178218,
                    0.04702970297029703,
                    0.1670792079207921
                ]
            },
            "topValues": [
                {
                    "value": 12.0,
                    "count": 146.0
                },
                {
                    "value": 24.0,
                    "count": 144.0
                },
                {
                    "value": 18.0,
                    "count": 93.0
                },
                {
                    "value": 36.0,
                    "count": 65.0
                },
                {
                    "value": 6.0,
                    "count": 60.0
                },
                {
                    "value": 15.0,
                    "count": 50.0
                },
                {
                    "value": 48.0,
                    "count": 40.0
                },
                {
                    "value": 9.0,
                    "count": 39.0
                },
                {
                    "value": 30.0,
                    "count": 36.0
                },
                {
                    "value": 21.0,
                    "count": 26.0
                },
                {
                    "value": 10.0,
                    "count": 24.0
                },
                {
                    "value": 27.0,
                    "count": 12.0
                },
                {
                    "value": 60.0,
                    "count": 11.0
                },
                {
                    "value": 11.0,
                    "count": 8.0
                },
                {
                    "value": 20.0,
                    "count": 6.0
                },
                {
                    "value": 42.0,
                    "count": 6.0
                },
                {
                    "value": 4.0,
                    "count": 5.0
                },
                {
                    "value": 39.0,
                    "count": 5.0
                },
                {
                    "value": 13.0,
                    "count": 4.0
                },
                {
                    "value": 14.0,
                    "count": 4.0
                },
                {
                    "value": 45.0,
                    "count": 3.0
                },
                {
                    "value": 7.0,
                    "count": 3.0
                },
                {
                    "value": 8.0,
                    "count": 3.0
                },
                {
                    "value": 16.0,
                    "count": 2.0
                },
                {
                    "value": 22.0,
                    "count": 2.0
                },
                {
                    "value": 28.0,
                    "count": 2.0
                },
                {
                    "value": 54.0,
                    "count": 2.0
                },
                {
                    "value": 33.0,
                    "count": 2.0
                },
                {
                    "value": 5.0,
                    "count": 1.0
                },
                {
                    "value": 26.0,
                    "count": 1.0
                },
                {
                    "value": 40.0,
                    "count": 1.0
                },
                {
                    "value": 47.0,
                    "count": 1.0
                },
                {
                    "value": 72.0,
                    "count": 1.0
                }
            ]
        },
        "other_debtors": {
            "type": "CATEGORY",
            "nbDistinct": 3,
            "count": 808,
            "missingCount": 0.0,
            "values": {
                "scale": [
                    "none",
                    "guarantor",
                    "co-applicant"
                ],
                "distribution": [
                    0.9146039603960396,
                    0.04455445544554455,
                    0.04084158415841584
                ]
            }
        },
        "management/self-employed/highly qualified employee/officer": {
            "type": "NUMERIC",
            "nbDistinct": 2,
            "count": 808,
            "missingCount": 681.0,
            "histogram": {
                "scale": [
                    1.0,
                    1.0,
                    1.0,
                    1.0,
                    1.0,
                    1.0,
                    1.0,
                    1.0,
                    1.0,
                    1.0,
                    1.0,
                    1.0,
                    1.0,
                    1.0,
                    1.0,
                    1.0,
                    1.0,
                    1.0,
                    1.0,
                    1.0,
                    1.0,
                    1.0,
                    1.0,
                    1.0,
                    1.0,
                    1.0,
                    1.0,
                    1.0,
                    1.0,
                    1.0,
                    1.0,
                    1.0,
                    1.0,
                    1.0,
                    1.0,
                    1.0,
                    1.0,
                    1.0,
                    1.0,
                    1.0,
                    1.0,
                    1.0,
                    1.0,
                    1.0,
                    1.0,
                    1.0,
                    1.0,
                    1.0,
                    1.0,
                    1.0
                ],
                "distribution": [
                    0.0,
                    0.0,
                    0.0,
                    0.0,
                    0.0,
                    0.0,
                    0.0,
                    0.0,
                    0.0,
                    0.0,
                    0.0,
                    0.0,
                    0.0,
                    0.0,
                    0.0,
                    0.0,
                    0.0,
                    0.0,
                    0.0,
                    0.0,
                    0.0,
                    0.0,
                    0.0,
                    0.0,
                    0.0,
                    0.0,
                    0.0,
                    0.0,
                    0.0,
                    0.0,
                    0.0,
                    0.0,
                    0.0,
                    0.0,
                    0.0,
                    0.0,
                    0.0,
                    0.0,
                    0.0,
                    0.0,
                    0.0,
                    0.0,
                    0.0,
                    0.0,
                    0.0,
                    0.0,
                    0.0,
                    0.0,
                    1.0
                ]
            },
            "quantiles": {
                "scale": [
                    1.0,
                    1.0,
                    1.0,
                    1.0,
                    1.0,
                    1.0,
                    1.0,
                    1.0,
                    1.0,
                    1.0
                ],
                "distribution": [
                    0.0,
                    0.0,
                    0.0,
                    0.0,
                    0.0,
                    0.0,
                    0.0,
                    0.0,
                    0.0,
                    1.0
                ]
            },
            "topValues": [
                {
                    "value": 1.0,
                    "count": 127.0
                }
            ]
        },
        "number_credits": {
            "type": "NUMERIC",
            "nbDistinct": 4,
            "count": 808,
            "missingCount": 0.0,
            "histogram": {
                "scale": [
                    1.0,
                    1.0612244897959184,
                    1.1224489795918366,
                    1.183673469387755,
                    1.2448979591836735,
                    1.306122448979592,
                    1.3673469387755102,
                    1.4285714285714286,
                    1.489795918367347,
                    1.5510204081632653,
                    1.6122448979591837,
                    1.6734693877551021,
                    1.7346938775510203,
                    1.7959183673469388,
                    1.8571428571428572,
                    1.9183673469387754,
                    1.9795918367346939,
                    2.0408163265306123,
                    2.1020408163265305,
                    2.163265306122449,
                    2.2244897959183674,
                    2.2857142857142856,
                    2.3469387755102042,
                    2.4081632653061225,
                    2.4693877551020407,
                    2.5306122448979593,
                    2.5918367346938775,
                    2.6530612244897958,
                    2.7142857142857144,
                    2.7755102040816326,
                    2.836734693877551,
                    2.8979591836734695,
                    2.9591836734693877,
                    3.020408163265306,
                    3.0816326530612246,
                    3.142857142857143,
                    3.204081632653061,
                    3.2653061224489797,
                    3.326530612244898,
                    3.387755102040816,
                    3.4489795918367347,
                    3.510204081632653,
                    3.571428571428571,
                    3.63265306122449,
                    3.693877551020408,
                    3.7551020408163263,
                    3.816326530612245,
                    3.877551020408163,
                    3.9387755102040813,
                    4.0
                ],
                "distribution": [
                    0.6287128712871287,
                    0.0,
                    0.0,
                    0.0,
                    0.0,
                    0.0,
                    0.0,
                    0.0,
                    0.0,
                    0.0,
                    0.0,
                    0.0,
                    0.0,
                    0.0,
                    0.0,
                    0.0,
                    0.33663366336633666,
                    0.0,
                    0.0,
                    0.0,
                    0.0,
                    0.0,
                    0.0,
                    0.0,
                    0.0,
                    0.0,
                    0.0,
                    0.0,
                    0.0,
                    0.0,
                    0.0,
                    0.0,
                    0.028465346534653466,
                    0.0,
                    0.0,
                    0.0,
                    0.0,
                    0.0,
                    0.0,
                    0.0,
                    0.0,
                    0.0,
                    0.0,
                    0.0,
                    0.0,
                    0.0,
                    0.0,
                    0.0,
                    0.006188118811881188
                ]
            },
            "quantiles": {
                "scale": [
                    1.0,
                    1.0,
                    1.0,
                    1.0,
                    1.0,
                    1.0,
                    1.5,
                    2.0,
                    2.0,
                    3.0
                ],
                "distribution": [
                    0.0,
                    0.0,
                    0.0,
                    0.0,
                    0.0,
                    0.0,
                    0.6287128712871287,
                    0.0,
                    0.0,
                    0.3712871287128713
                ]
            },
            "topValues": [
                {
                    "value": 1.0,
                    "count": 508.0
                },
                {
                    "value": 2.0,
                    "count": 272.0
                },
                {
                    "value": 3.0,
                    "count": 23.0
                },
                {
                    "value": 4.0,
                    "count": 5.0
                }
            ]
        },
        "unemployed/unskilled - non-resident": {
            "type": "NUMERIC",
            "nbDistinct": 2,
            "count": 808,
            "missingCount": 790.0,
            "histogram": {
                "scale": [
                    1.0,
                    1.0,
                    1.0,
                    1.0,
                    1.0,
                    1.0,
                    1.0,
                    1.0,
                    1.0,
                    1.0,
                    1.0,
                    1.0,
                    1.0,
                    1.0,
                    1.0,
                    1.0,
                    1.0,
                    1.0,
                    1.0,
                    1.0,
                    1.0,
                    1.0,
                    1.0,
                    1.0,
                    1.0,
                    1.0,
                    1.0,
                    1.0,
                    1.0,
                    1.0,
                    1.0,
                    1.0,
                    1.0,
                    1.0,
                    1.0,
                    1.0,
                    1.0,
                    1.0,
                    1.0,
                    1.0,
                    1.0,
                    1.0,
                    1.0,
                    1.0,
                    1.0,
                    1.0,
                    1.0,
                    1.0,
                    1.0,
                    1.0
                ],
                "distribution": [
                    0.0,
                    0.0,
                    0.0,
                    0.0,
                    0.0,
                    0.0,
                    0.0,
                    0.0,
                    0.0,
                    0.0,
                    0.0,
                    0.0,
                    0.0,
                    0.0,
                    0.0,
                    0.0,
                    0.0,
                    0.0,
                    0.0,
                    0.0,
                    0.0,
                    0.0,
                    0.0,
                    0.0,
                    0.0,
                    0.0,
                    0.0,
                    0.0,
                    0.0,
                    0.0,
                    0.0,
                    0.0,
                    0.0,
                    0.0,
                    0.0,
                    0.0,
                    0.0,
                    0.0,
                    0.0,
                    0.0,
                    0.0,
                    0.0,
                    0.0,
                    0.0,
                    0.0,
                    0.0,
                    0.0,
                    0.0,
                    1.0
                ]
            },
            "quantiles": {
                "scale": [
                    1.0,
                    1.0,
                    1.0,
                    1.0,
                    1.0,
                    1.0,
                    1.0,
                    1.0,
                    1.0,
                    1.0
                ],
                "distribution": [
                    0.0,
                    0.0,
                    0.0,
                    0.0,
                    0.0,
                    0.0,
                    0.0,
                    0.0,
                    0.0,
                    1.0
                ]
            },
            "topValues": [
                {
                    "value": 1.0,
                    "count": 18.0
                }
            ]
        },
        "log_amount": {
            "type": "NUMERIC",
            "nbDistinct": 752,
            "count": 808,
            "missingCount": 0.0,
            "histogram": {
                "scale": [
                    5.5254529391317835,
                    5.6131266284772074,
                    5.7008003178226305,
                    5.7884740071680545,
                    5.876147696513478,
                    5.9638213858589015,
                    6.051495075204325,
                    6.139168764549749,
                    6.226842453895172,
                    6.314516143240596,
                    6.402189832586019,
                    6.489863521931443,
                    6.577537211276866,
                    6.66521090062229,
                    6.752884589967713,
                    6.840558279313137,
                    6.92823196865856,
                    7.015905658003984,
                    7.103579347349407,
                    7.191253036694831,
                    7.278926726040254,
                    7.366600415385678,
                    7.454274104731101,
                    7.541947794076525,
                    7.629621483421948,
                    7.717295172767372,
                    7.804968862112796,
                    7.892642551458219,
                    7.980316240803642,
                    8.067989930149066,
                    8.15566361949449,
                    8.243337308839912,
                    8.331010998185336,
                    8.41868468753076,
                    8.506358376876184,
                    8.594032066221608,
                    8.68170575556703,
                    8.769379444912454,
                    8.857053134257878,
                    8.9447268236033,
                    9.032400512948724,
                    9.120074202294148,
                    9.207747891639572,
                    9.295421580984996,
                    9.383095270330418,
                    9.470768959675842,
                    9.558442649021266,
                    9.646116338366689,
                    9.733790027712114,
                    9.821463717057537
                ],
                "distribution": [
                    0.0012376237623762376,
                    0.0,
                    0.0,
                    0.0037128712871287127,
                    0.0024752475247524753,
                    0.0024752475247524753,
                    0.0037128712871287127,
                    0.0012376237623762376,
                    0.0024752475247524753,
                    0.0037128712871287127,
                    0.009900990099009901,
                    0.022277227722772276,
                    0.01608910891089109,
                    0.009900990099009901,
                    0.02103960396039604,
                    0.012376237623762377,
                    0.023514851485148515,
                    0.03217821782178218,
                    0.06311881188118812,
                    0.053217821782178217,
                    0.055693069306930694,
                    0.018564356435643563,
                    0.03341584158415842,
                    0.04579207920792079,
                    0.038366336633663366,
                    0.053217821782178217,
                    0.04084158415841584,
                    0.03712871287128713,
                    0.039603960396039604,
                    0.03217821782178218,
                    0.04207920792079208,
                    0.03341584158415842,
                    0.02599009900990099,
                    0.023514851485148515,
                    0.019801980198019802,
                    0.01608910891089109,
                    0.024752475247524754,
                    0.023514851485148515,
                    0.02599009900990099,
                    0.02103960396039604,
                    0.011138613861386138,
                    0.012376237623762377,
                    0.009900990099009901,
                    0.007425742574257425,
                    0.008663366336633664,
                    0.0024752475247524753,
                    0.007425742574257425,
                    0.0037128712871287127,
                    0.0012376237623762376
                ]
            },
            "quantiles": {
                "scale": [
                    6.182751284175401,
                    6.991548882045089,
                    7.225707288270044,
                    7.435523844195407,
                    7.6583665287853995,
                    7.855171887969444,
                    8.072012501360431,
                    8.333233946143785,
                    8.693296471664889,
                    9.364660902865316
                ],
                "distribution": [
                    0.10024752475247525,
                    0.10024752475247525,
                    0.09900990099009901,
                    0.09900990099009901,
                    0.10148514851485149,
                    0.10024752475247525,
                    0.10024752475247525,
                    0.09900990099009901,
                    0.10024752475247525,
                    0.10024752475247525
                ]
            },
            "topValues": [
                {
                    "value": 7.151485463904735,
                    "count": 3.0
                },
                {
                    "value": 7.2399325913204695,
                    "count": 3.0
                },
                {
                    "value": 6.073044534100405,
                    "count": 2.0
                },
                {
                    "value": 6.553933404025811,
                    "count": 2.0
                },
                {
                    "value": 6.565264970035361,
                    "count": 2.0
                },
                {
                    "value": 6.576469569048224,
                    "count": 2.0
                },
                {
                    "value": 6.590301048196686,
                    "count": 2.0
                },
                {
                    "value": 6.688354713946762,
                    "count": 2.0
                },
                {
                    "value": 6.838405200847344,
                    "count": 2.0
                },
                {
                    "value": 6.9874902470009905,
                    "count": 2.0
                },
                {
                    "value": 7.064759027791802,
                    "count": 2.0
                },
                {
                    "value": 7.090076835776092,
                    "count": 2.0
                },
                {
                    "value": 7.116394144093465,
                    "count": 2.0
                },
                {
                    "value": 7.1204443723924875,
                    "count": 2.0
                },
                {
                    "value": 7.123672785204607,
                    "count": 2.0
                },
                {
                    "value": 7.138073034044347,
                    "count": 2.0
                },
                {
                    "value": 7.141245122350491,
                    "count": 2.0
                },
                {
                    "value": 7.142827401161621,
                    "count": 2.0
                },
                {
                    "value": 7.1569563646156364,
                    "count": 2.0
                },
                {
                    "value": 7.160845906664299,
                    "count": 2.0
                },
                {
                    "value": 7.16703787691222,
                    "count": 2.0
                },
                {
                    "value": 7.20414929203594,
                    "count": 2.0
                },
                {
                    "value": 7.21890970761906,
                    "count": 2.0
                },
                {
                    "value": 7.226209010100671,
                    "count": 2.0
                },
                {
                    "value": 7.232010331664759,
                    "count": 2.0
                },
                {
                    "value": 7.234898420314831,
                    "count": 2.0
                },
                {
                    "value": 7.251344983372214,
                    "count": 2.0
                },
                {
                    "value": 7.2520539518528135,
                    "count": 2.0
                },
                {
                    "value": 7.261927092702751,
                    "count": 2.0
                },
                {
                    "value": 7.27931883541462,
                    "count": 2.0
                },
                {
                    "value": 7.29641326877392,
                    "count": 2.0
                },
                {
                    "value": 7.2991214627108,
                    "count": 2.0
                },
                {
                    "value": 7.315883504509785,
                    "count": 2.0
                },
                {
                    "value": 7.335633981927201,
                    "count": 2.0
                },
                {
                    "value": 7.344072850573066,
                    "count": 2.0
                },
                {
                    "value": 7.463936604468925,
                    "count": 2.0
                },
                {
                    "value": 7.560080465021827,
                    "count": 2.0
                },
                {
                    "value": 7.562681246721884,
                    "count": 2.0
                },
                {
                    "value": 7.568379267836522,
                    "count": 2.0
                },
                {
                    "value": 7.57095858316901,
                    "count": 2.0
                },
                {
                    "value": 7.615298339825815,
                    "count": 2.0
                },
                {
                    "value": 7.620705086838262,
                    "count": 2.0
                },
                {
                    "value": 7.755338812846501,
                    "count": 2.0
                },
                {
                    "value": 7.786136437783072,
                    "count": 2.0
                },
                {
                    "value": 7.875499292445208,
                    "count": 2.0
                },
                {
                    "value": 7.999342952713282,
                    "count": 2.0
                },
                {
                    "value": 8.012349639327795,
                    "count": 2.0
                },
                {
                    "value": 8.032035314398824,
                    "count": 2.0
                },
                {
                    "value": 8.116715624819111,
                    "count": 2.0
                },
                {
                    "value": 8.186185994226083,
                    "count": 2.0
                }
            ]
        },
        "skilled employee/official": {
            "type": "NUMERIC",
            "nbDistinct": 2,
            "count": 808,
            "missingCount": 302.0,
            "histogram": {
                "scale": [
                    1.0,
                    1.0,
                    1.0,
                    1.0,
                    1.0,
                    1.0,
                    1.0,
                    1.0,
                    1.0,
                    1.0,
                    1.0,
                    1.0,
                    1.0,
                    1.0,
                    1.0,
                    1.0,
                    1.0,
                    1.0,
                    1.0,
                    1.0,
                    1.0,
                    1.0,
                    1.0,
                    1.0,
                    1.0,
                    1.0,
                    1.0,
                    1.0,
                    1.0,
                    1.0,
                    1.0,
                    1.0,
                    1.0,
                    1.0,
                    1.0,
                    1.0,
                    1.0,
                    1.0,
                    1.0,
                    1.0,
                    1.0,
                    1.0,
                    1.0,
                    1.0,
                    1.0,
                    1.0,
                    1.0,
                    1.0,
                    1.0,
                    1.0
                ],
                "distribution": [
                    0.0,
                    0.0,
                    0.0,
                    0.0,
                    0.0,
                    0.0,
                    0.0,
                    0.0,
                    0.0,
                    0.0,
                    0.0,
                    0.0,
                    0.0,
                    0.0,
                    0.0,
                    0.0,
                    0.0,
                    0.0,
                    0.0,
                    0.0,
                    0.0,
                    0.0,
                    0.0,
                    0.0,
                    0.0,
                    0.0,
                    0.0,
                    0.0,
                    0.0,
                    0.0,
                    0.0,
                    0.0,
                    0.0,
                    0.0,
                    0.0,
                    0.0,
                    0.0,
                    0.0,
                    0.0,
                    0.0,
                    0.0,
                    0.0,
                    0.0,
                    0.0,
                    0.0,
                    0.0,
                    0.0,
                    0.0,
                    1.0
                ]
            },
            "quantiles": {
                "scale": [
                    1.0,
                    1.0,
                    1.0,
                    1.0,
                    1.0,
                    1.0,
                    1.0,
                    1.0,
                    1.0,
                    1.0
                ],
                "distribution": [
                    0.0,
                    0.0,
                    0.0,
                    0.0,
                    0.0,
                    0.0,
                    0.0,
                    0.0,
                    0.0,
                    1.0
                ]
            },
            "topValues": [
                {
                    "value": 1.0,
                    "count": 506.0
                }
            ]
        },
        "savings": {
            "type": "CATEGORY",
            "nbDistinct": 5,
            "count": 808,
            "missingCount": 0.0,
            "values": {
                "scale": [
                    "... < 100 DM",
                    "unknown/no savings account",
                    "100 <= ... < 500 DM",
                    "500 <= ... < 1000 DM",
                    "... >= 1000 DM"
                ],
                "distribution": [
                    0.5829207920792079,
                    0.18935643564356436,
                    0.11262376237623763,
                    0.06311881188118812,
                    0.05198019801980198
                ]
            }
        },
        "other_installment_plans": {
            "type": "CATEGORY",
            "nbDistinct": 3,
            "count": 808,
            "missingCount": 0.0,
            "values": {
                "scale": [
                    "none",
                    "bank",
                    "stores"
                ],
                "distribution": [
                    0.8131188118811881,
                    0.1349009900990099,
                    0.05198019801980198
                ]
            }
        },
        "people_liable": {
            "type": "NUMERIC",
            "nbDistinct": 2,
            "count": 808,
            "missingCount": 0.0,
            "histogram": {
                "scale": [
                    1.0,
                    1.0204081632653061,
                    1.0408163265306123,
                    1.0612244897959184,
                    1.0816326530612246,
                    1.1020408163265305,
                    1.1224489795918366,
                    1.1428571428571428,
                    1.163265306122449,
                    1.183673469387755,
                    1.2040816326530612,
                    1.2244897959183674,
                    1.2448979591836735,
                    1.2653061224489797,
                    1.2857142857142856,
                    1.3061224489795917,
                    1.3265306122448979,
                    1.346938775510204,
                    1.3673469387755102,
                    1.3877551020408163,
                    1.4081632653061225,
                    1.4285714285714286,
                    1.4489795918367347,
                    1.4693877551020407,
                    1.489795918367347,
                    1.510204081632653,
                    1.530612244897959,
                    1.5510204081632653,
                    1.5714285714285714,
                    1.5918367346938775,
                    1.6122448979591835,
                    1.6326530612244898,
                    1.6530612244897958,
                    1.6734693877551021,
                    1.693877551020408,
                    1.7142857142857142,
                    1.7346938775510203,
                    1.7551020408163265,
                    1.7755102040816326,
                    1.7959183673469385,
                    1.816326530612245,
                    1.8367346938775508,
                    1.8571428571428572,
                    1.8775510204081631,
                    1.8979591836734693,
                    1.9183673469387754,
                    1.9387755102040816,
                    1.9591836734693877,
                    1.9795918367346939,
                    2.0
                ],
                "distribution": [
                    0.8539603960396039,
                    0.0,
                    0.0,
                    0.0,
                    0.0,
                    0.0,
                    0.0,
                    0.0,
                    0.0,
                    0.0,
                    0.0,
                    0.0,
                    0.0,
                    0.0,
                    0.0,
                    0.0,
                    0.0,
                    0.0,
                    0.0,
                    0.0,
                    0.0,
                    0.0,
                    0.0,
                    0.0,
                    0.0,
                    0.0,
                    0.0,
                    0.0,
                    0.0,
                    0.0,
                    0.0,
                    0.0,
                    0.0,
                    0.0,
                    0.0,
                    0.0,
                    0.0,
                    0.0,
                    0.0,
                    0.0,
                    0.0,
                    0.0,
                    0.0,
                    0.0,
                    0.0,
                    0.0,
                    0.0,
                    0.0,
                    0.14603960396039603
                ]
            },
            "quantiles": {
                "scale": [
                    1.0,
                    1.0,
                    1.0,
                    1.0,
                    1.0,
                    1.0,
                    1.0,
                    1.0,
                    1.5,
                    2.0
                ],
                "distribution": [
                    0.0,
                    0.0,
                    0.0,
                    0.0,
                    0.0,
                    0.0,
                    0.0,
                    0.0,
                    0.8539603960396039,
                    0.14603960396039603
                ]
            },
            "topValues": [
                {
                    "value": 1.0,
                    "count": 690.0
                },
                {
                    "value": 2.0,
                    "count": 118.0
                }
            ]
        },
        "payment_intensity": {
            "type": "NUMERIC",
            "nbDistinct": 787,
            "count": 808,
            "missingCount": 0.0,
            "histogram": {
                "scale": [
                    24.05555555555556,
                    74.2312925170068,
                    124.40702947845804,
                    174.5827664399093,
                    224.75850340136054,
                    274.93424036281175,
                    325.109977324263,
                    375.2857142857142,
                    425.4614512471655,
                    475.63718820861675,
                    525.812925170068,
                    575.9886621315192,
                    626.1643990929705,
                    676.3401360544217,
                    726.5158730158729,
                    776.6916099773242,
                    826.8673469387754,
                    877.0430839002266,
                    927.218820861678,
                    977.3945578231292,
                    1027.5702947845805,
                    1077.7460317460318,
                    1127.921768707483,
                    1178.0975056689342,
                    1228.2732426303855,
                    1278.4489795918366,
                    1328.624716553288,
                    1378.8004535147393,
                    1428.9761904761904,
                    1479.1519274376417,
                    1529.327664399093,
                    1579.503401360544,
                    1629.6791383219954,
                    1679.8548752834467,
                    1730.0306122448978,
                    1780.2063492063492,
                    1830.3820861678005,
                    1880.5578231292516,
                    1930.733560090703,
                    1980.9092970521542,
                    2031.0850340136053,
                    2081.2607709750564,
                    2131.436507936508,
                    2181.612244897959,
                    2231.78798185941,
                    2281.9637188208617,
                    2332.139455782313,
                    2382.315192743764,
                    2432.4909297052154,
                    2482.6666666666665
                ],
                "distribution": [
                    0.1646039603960396,
                    0.2933168316831683,
                    0.2141089108910891,
                    0.12004950495049505,
                    0.08168316831683169,
                    0.04826732673267327,
                    0.0297029702970297,
                    0.013613861386138614,
                    0.006188118811881188,
                    0.006188118811881188,
                    0.0037128712871287127,
                    0.0049504950495049506,
                    0.0037128712871287127,
                    0.0024752475247524753,
                    0.0012376237623762376,
                    0.0012376237623762376,
                    0.0012376237623762376,
                    0.0,
                    0.0,
                    0.0,
                    0.0,
                    0.0012376237623762376,
                    0.0,
                    0.0,
                    0.0,
                    0.0,
                    0.0,
                    0.0,
                    0.0,
                    0.0,
                    0.0,
                    0.0,
                    0.0,
                    0.0,
                    0.0,
                    0.0,
                    0.0,
                    0.0,
                    0.0,
                    0.0,
                    0.0,
                    0.0,
                    0.0,
                    0.0,
                    0.0,
                    0.0,
                    0.0,
                    0.0012376237623762376,
                    0.0012376237623762376
                ]
            },
            "quantiles": {
                "scale": [
                    43.44444444444444,
                    71.73,
                    90.55222222222224,
                    108.18722222222225,
                    123.465,
                    143.038,
                    171.31883333333332,
                    208.0845833333333,
                    262.63013888888895,
                    1389.676388888889
                ],
                "distribution": [
                    0.09900990099009901,
                    0.10148514851485149,
                    0.09900990099009901,
                    0.10024752475247525,
                    0.10024752475247525,
                    0.10024752475247525,
                    0.10024752475247525,
                    0.09900990099009901,
                    0.10024752475247525,
                    0.10024752475247525
                ]
            },
            "topValues": [
                {
                    "value": 229.0,
                    "count": 3.0
                },
                {
                    "value": 41.66666666666666,
                    "count": 2.0
                },
                {
                    "value": 53.25,
                    "count": 2.0
                },
                {
                    "value": 57.16666666666666,
                    "count": 2.0
                },
                {
                    "value": 57.583333333333336,
                    "count": 2.0
                },
                {
                    "value": 58.41666666666666,
                    "count": 2.0
                },
                {
                    "value": 62.833333333333336,
                    "count": 2.0
                },
                {
                    "value": 64.66666666666667,
                    "count": 2.0
                },
                {
                    "value": 72.7,
                    "count": 2.0
                },
                {
                    "value": 85.0,
                    "count": 2.0
                },
                {
                    "value": 106.16666666666669,
                    "count": 2.0
                },
                {
                    "value": 110.83333333333331,
                    "count": 2.0
                },
                {
                    "value": 112.0,
                    "count": 2.0
                },
                {
                    "value": 116.66666666666669,
                    "count": 2.0
                },
                {
                    "value": 118.66666666666669,
                    "count": 2.0
                },
                {
                    "value": 124.83333333333331,
                    "count": 2.0
                },
                {
                    "value": 131.16666666666666,
                    "count": 2.0
                },
                {
                    "value": 155.33333333333334,
                    "count": 2.0
                },
                {
                    "value": 175.4,
                    "count": 2.0
                },
                {
                    "value": 355.0,
                    "count": 2.0
                },
                {
                    "value": 24.05555555555556,
                    "count": 1.0
                },
                {
                    "value": 26.133333333333333,
                    "count": 1.0
                },
                {
                    "value": 27.19047619047619,
                    "count": 1.0
                },
                {
                    "value": 28.25,
                    "count": 1.0
                },
                {
                    "value": 29.875,
                    "count": 1.0
                },
                {
                    "value": 32.083333333333336,
                    "count": 1.0
                },
                {
                    "value": 34.083333333333336,
                    "count": 1.0
                },
                {
                    "value": 34.94444444444444,
                    "count": 1.0
                },
                {
                    "value": 38.708333333333336,
                    "count": 1.0
                },
                {
                    "value": 39.458333333333336,
                    "count": 1.0
                },
                {
                    "value": 41.0,
                    "count": 1.0
                },
                {
                    "value": 41.625,
                    "count": 1.0
                },
                {
                    "value": 42.66666666666666,
                    "count": 1.0
                },
                {
                    "value": 43.5,
                    "count": 1.0
                },
                {
                    "value": 48.11111111111112,
                    "count": 1.0
                },
                {
                    "value": 49.11111111111112,
                    "count": 1.0
                },
                {
                    "value": 49.708333333333336,
                    "count": 1.0
                },
                {
                    "value": 49.958333333333336,
                    "count": 1.0
                },
                {
                    "value": 50.04166666666666,
                    "count": 1.0
                },
                {
                    "value": 50.29166666666666,
                    "count": 1.0
                },
                {
                    "value": 50.52777777777778,
                    "count": 1.0
                },
                {
                    "value": 50.75,
                    "count": 1.0
                },
                {
                    "value": 51.29166666666666,
                    "count": 1.0
                },
                {
                    "value": 51.5,
                    "count": 1.0
                },
                {
                    "value": 51.91666666666666,
                    "count": 1.0
                },
                {
                    "value": 52.04166666666666,
                    "count": 1.0
                },
                {
                    "value": 52.083333333333336,
                    "count": 1.0
                },
                {
                    "value": 52.16666666666666,
                    "count": 1.0
                },
                {
                    "value": 52.41666666666666,
                    "count": 1.0
                },
                {
                    "value": 53.125,
                    "count": 1.0
                }
            ]
        },
        "amount": {
            "type": "NUMERIC",
            "nbDistinct": 752,
            "count": 808,
            "missingCount": 0.0,
            "histogram": {
                "scale": [
                    250.0,
                    620.8979591836735,
                    991.795918367347,
                    1362.6938775510205,
                    1733.591836734694,
                    2104.4897959183672,
                    2475.387755102041,
                    2846.2857142857147,
                    3217.183673469388,
                    3588.081632653061,
                    3958.979591836735,
                    4329.877551020409,
                    4700.775510204082,
                    5071.673469387755,
                    5442.571428571429,
                    5813.469387755103,
                    6184.367346938776,
                    6555.265306122449,
                    6926.163265306122,
                    7297.061224489797,
                    7667.95918367347,
                    8038.857142857143,
                    8409.755102040817,
                    8780.65306122449,
                    9151.551020408164,
                    9522.448979591838,
                    9893.34693877551,
                    10264.244897959185,
                    10635.142857142859,
                    11006.040816326531,
                    11376.938775510205,
                    11747.836734693878,
                    12118.734693877552,
                    12489.632653061226,
                    12860.530612244898,
                    13231.428571428572,
                    13602.326530612245,
                    13973.224489795919,
                    14344.122448979593,
                    14715.020408163266,
                    15085.91836734694,
                    15456.816326530614,
                    15827.714285714286,
                    16198.61224489796,
                    16569.510204081635,
                    16940.408163265307,
                    17311.30612244898,
                    17682.204081632655,
                    18053.102040816328,
                    18424.0
                ],
                "distribution": [
                    0.023514851485148515,
                    0.0853960396039604,
                    0.13985148514851486,
                    0.11014851485148515,
                    0.0891089108910891,
                    0.08415841584158416,
                    0.06683168316831684,
                    0.05198019801980198,
                    0.04455445544554455,
                    0.04084158415841584,
                    0.03341584158415842,
                    0.023514851485148515,
                    0.013613861386138614,
                    0.018564356435643563,
                    0.011138613861386138,
                    0.01608910891089109,
                    0.01608910891089109,
                    0.01608910891089109,
                    0.013613861386138614,
                    0.01608910891089109,
                    0.011138613861386138,
                    0.011138613861386138,
                    0.0049504950495049506,
                    0.0049504950495049506,
                    0.006188118811881188,
                    0.0049504950495049506,
                    0.0049504950495049506,
                    0.0037128712871287127,
                    0.0037128712871287127,
                    0.0024752475247524753,
                    0.0024752475247524753,
                    0.0024752475247524753,
                    0.0037128712871287127,
                    0.0037128712871287127,
                    0.0012376237623762376,
                    0.0,
                    0.0,
                    0.0037128712871287127,
                    0.0024752475247524753,
                    0.0024752475247524753,
                    0.0,
                    0.0024752475247524753,
                    0.0012376237623762376,
                    0.0,
                    0.0,
                    0.0,
                    0.0,
                    0.0,
                    0.0012376237623762376
                ]
            },
            "quantiles": {
                "scale": [
                    591.77,
                    1098.91,
                    1378.0100000000002,
                    1707.8700000000001,
                    2127.0,
                    2591.2400000000002,
                    3224.0200000000004,
                    4202.96,
                    6099.590000000001,
                    12906.41
                ],
                "distribution": [
                    0.10024752475247525,
                    0.10024752475247525,
                    0.09900990099009901,
                    0.09900990099009901,
                    0.10148514851485149,
                    0.10024752475247525,
                    0.10024752475247525,
                    0.09900990099009901,
                    0.10024752475247525,
                    0.10024752475247525
                ]
            },
            "topValues": [
                {
                    "value": 1275.0,
                    "count": 3.0
                },
                {
                    "value": 1393.0,
                    "count": 3.0
                },
                {
                    "value": 433.0,
                    "count": 2.0
                },
                {
                    "value": 701.0,
                    "count": 2.0
                },
                {
                    "value": 709.0,
                    "count": 2.0
                },
                {
                    "value": 717.0,
                    "count": 2.0
                },
                {
                    "value": 727.0,
                    "count": 2.0
                },
                {
                    "value": 802.0,
                    "count": 2.0
                },
                {
                    "value": 932.0,
                    "count": 2.0
                },
                {
                    "value": 1082.0,
                    "count": 2.0
                },
                {
                    "value": 1169.0,
                    "count": 2.0
                },
                {
                    "value": 1199.0,
                    "count": 2.0
                },
                {
                    "value": 1231.0,
                    "count": 2.0
                },
                {
                    "value": 1236.0,
                    "count": 2.0
                },
                {
                    "value": 1240.0,
                    "count": 2.0
                },
                {
                    "value": 1258.0,
                    "count": 2.0
                },
                {
                    "value": 1262.0,
                    "count": 2.0
                },
                {
                    "value": 1264.0,
                    "count": 2.0
                },
                {
                    "value": 1282.0,
                    "count": 2.0
                },
                {
                    "value": 1287.0,
                    "count": 2.0
                },
                {
                    "value": 1295.0,
                    "count": 2.0
                },
                {
                    "value": 1344.0,
                    "count": 2.0
                },
                {
                    "value": 1364.0,
                    "count": 2.0
                },
                {
                    "value": 1374.0,
                    "count": 2.0
                },
                {
                    "value": 1382.0,
                    "count": 2.0
                },
                {
                    "value": 1386.0,
                    "count": 2.0
                },
                {
                    "value": 1409.0,
                    "count": 2.0
                },
                {
                    "value": 1410.0,
                    "count": 2.0
                },
                {
                    "value": 1424.0,
                    "count": 2.0
                },
                {
                    "value": 1449.0,
                    "count": 2.0
                },
                {
                    "value": 1474.0,
                    "count": 2.0
                },
                {
                    "value": 1478.0,
                    "count": 2.0
                },
                {
                    "value": 1503.0,
                    "count": 2.0
                },
                {
                    "value": 1533.0,
                    "count": 2.0
                },
                {
                    "value": 1546.0,
                    "count": 2.0
                },
                {
                    "value": 1743.0,
                    "count": 2.0
                },
                {
                    "value": 1919.0,
                    "count": 2.0
                },
                {
                    "value": 1924.0,
                    "count": 2.0
                },
                {
                    "value": 1935.0,
                    "count": 2.0
                },
                {
                    "value": 1940.0,
                    "count": 2.0
                },
                {
                    "value": 2028.0,
                    "count": 2.0
                },
                {
                    "value": 2039.0,
                    "count": 2.0
                },
                {
                    "value": 2333.0,
                    "count": 2.0
                },
                {
                    "value": 2406.0,
                    "count": 2.0
                },
                {
                    "value": 2631.0,
                    "count": 2.0
                },
                {
                    "value": 2978.0,
                    "count": 2.0
                },
                {
                    "value": 3017.0,
                    "count": 2.0
                },
                {
                    "value": 3077.0,
                    "count": 2.0
                },
                {
                    "value": 3349.0,
                    "count": 2.0
                },
                {
                    "value": 3590.0,
                    "count": 2.0
                }
            ]
        },
        "telephone": {
            "type": "CATEGORY",
            "nbDistinct": 2,
            "count": 808,
            "missingCount": 0.0,
            "values": {
                "scale": [
                    "no",
                    "yes"
                ],
                "distribution": [
                    0.5891089108910891,
                    0.41089108910891087
                ]
            }
        },
        "unskilled - resident": {
            "type": "NUMERIC",
            "nbDistinct": 2,
            "count": 808,
            "missingCount": 651.0,
            "histogram": {
                "scale": [
                    1.0,
                    1.0,
                    1.0,
                    1.0,
                    1.0,
                    1.0,
                    1.0,
                    1.0,
                    1.0,
                    1.0,
                    1.0,
                    1.0,
                    1.0,
                    1.0,
                    1.0,
                    1.0,
                    1.0,
                    1.0,
                    1.0,
                    1.0,
                    1.0,
                    1.0,
                    1.0,
                    1.0,
                    1.0,
                    1.0,
                    1.0,
                    1.0,
                    1.0,
                    1.0,
                    1.0,
                    1.0,
                    1.0,
                    1.0,
                    1.0,
                    1.0,
                    1.0,
                    1.0,
                    1.0,
                    1.0,
                    1.0,
                    1.0,
                    1.0,
                    1.0,
                    1.0,
                    1.0,
                    1.0,
                    1.0,
                    1.0,
                    1.0
                ],
                "distribution": [
                    0.0,
                    0.0,
                    0.0,
                    0.0,
                    0.0,
                    0.0,
                    0.0,
                    0.0,
                    0.0,
                    0.0,
                    0.0,
                    0.0,
                    0.0,
                    0.0,
                    0.0,
                    0.0,
                    0.0,
                    0.0,
                    0.0,
                    0.0,
                    0.0,
                    0.0,
                    0.0,
                    0.0,
                    0.0,
                    0.0,
                    0.0,
                    0.0,
                    0.0,
                    0.0,
                    0.0,
                    0.0,
                    0.0,
                    0.0,
                    0.0,
                    0.0,
                    0.0,
                    0.0,
                    0.0,
                    0.0,
                    0.0,
                    0.0,
                    0.0,
                    0.0,
                    0.0,
                    0.0,
                    0.0,
                    0.0,
                    1.0
                ]
            },
            "quantiles": {
                "scale": [
                    1.0,
                    1.0,
                    1.0,
                    1.0,
                    1.0,
                    1.0,
                    1.0,
                    1.0,
                    1.0,
                    1.0
                ],
                "distribution": [
                    0.0,
                    0.0,
                    0.0,
                    0.0,
                    0.0,
                    0.0,
                    0.0,
                    0.0,
                    0.0,
                    1.0
                ]
            },
            "topValues": [
                {
                    "value": 1.0,
                    "count": 157.0
                }
            ]
        },
        "foreign_worker": {
            "type": "CATEGORY",
            "nbDistinct": 2,
            "count": 808,
            "missingCount": 0.0,
            "values": {
                "scale": [
                    "yes",
                    "no"
                ],
                "distribution": [
                    0.9715346534653465,
                    0.028465346534653466
                ]
            }
        },
        "present_residence": {
            "type": "NUMERIC",
            "nbDistinct": 4,
            "count": 808,
            "missingCount": 0.0,
            "histogram": {
                "scale": [
                    1.0,
                    1.0612244897959184,
                    1.1224489795918366,
                    1.183673469387755,
                    1.2448979591836735,
                    1.306122448979592,
                    1.3673469387755102,
                    1.4285714285714286,
                    1.489795918367347,
                    1.5510204081632653,
                    1.6122448979591837,
                    1.6734693877551021,
                    1.7346938775510203,
                    1.7959183673469388,
                    1.8571428571428572,
                    1.9183673469387754,
                    1.9795918367346939,
                    2.0408163265306123,
                    2.1020408163265305,
                    2.163265306122449,
                    2.2244897959183674,
                    2.2857142857142856,
                    2.3469387755102042,
                    2.4081632653061225,
                    2.4693877551020407,
                    2.5306122448979593,
                    2.5918367346938775,
                    2.6530612244897958,
                    2.7142857142857144,
                    2.7755102040816326,
                    2.836734693877551,
                    2.8979591836734695,
                    2.9591836734693877,
                    3.020408163265306,
                    3.0816326530612246,
                    3.142857142857143,
                    3.204081632653061,
                    3.2653061224489797,
                    3.326530612244898,
                    3.387755102040816,
                    3.4489795918367347,
                    3.510204081632653,
                    3.571428571428571,
                    3.63265306122449,
                    3.693877551020408,
                    3.7551020408163263,
                    3.816326530612245,
                    3.877551020408163,
                    3.9387755102040813,
                    4.0
                ],
                "distribution": [
                    0.13366336633663367,
                    0.0,
                    0.0,
                    0.0,
                    0.0,
                    0.0,
                    0.0,
                    0.0,
                    0.0,
                    0.0,
                    0.0,
                    0.0,
                    0.0,
                    0.0,
                    0.0,
                    0.0,
                    0.31064356435643564,
                    0.0,
                    0.0,
                    0.0,
                    0.0,
                    0.0,
                    0.0,
                    0.0,
                    0.0,
                    0.0,
                    0.0,
                    0.0,
                    0.0,
                    0.0,
                    0.0,
                    0.0,
                    0.15099009900990099,
                    0.0,
                    0.0,
                    0.0,
                    0.0,
                    0.0,
                    0.0,
                    0.0,
                    0.0,
                    0.0,
                    0.0,
                    0.0,
                    0.0,
                    0.0,
                    0.0,
                    0.0,
                    0.40470297029702973
                ]
            },
            "quantiles": {
                "scale": [
                    1.0,
                    1.5,
                    2.0,
                    2.0,
                    2.5,
                    3.5,
                    4.0,
                    4.0,
                    4.0,
                    4.0
                ],
                "distribution": [
                    0.0,
                    0.13366336633663367,
                    0.0,
                    0.0,
                    0.31064356435643564,
                    0.15099009900990099,
                    0.0,
                    0.0,
                    0.0,
                    0.40470297029702973
                ]
            },
            "topValues": [
                {
                    "value": 4.0,
                    "count": 327.0
                },
                {
                    "value": 2.0,
                    "count": 251.0
                },
                {
                    "value": 3.0,
                    "count": 122.0
                },
                {
                    "value": 1.0,
                    "count": 108.0
                }
            ]
        },
        "employment_duration": {
            "type": "CATEGORY",
            "nbDistinct": 5,
            "count": 808,
            "missingCount": 0.0,
            "values": {
                "scale": [
                    "1 <= ... < 4 years",
                    "... >= 7 years",
                    "4 <= ... < 7 years",
                    "... < 1 year",
                    "unemployed"
                ],
                "distribution": [
                    0.34405940594059403,
                    0.24876237623762376,
                    0.17698019801980197,
                    0.16831683168316833,
                    0.06188118811881188
                ]
            }
        },
        "age": {
            "type": "NUMERIC",
            "nbDistinct": 52,
            "count": 808,
            "missingCount": 0.0,
            "histogram": {
                "scale": [
                    19.0,
                    20.142857142857142,
                    21.285714285714285,
                    22.428571428571427,
                    23.57142857142857,
                    24.714285714285715,
                    25.857142857142858,
                    27.0,
                    28.142857142857142,
                    29.285714285714285,
                    30.428571428571427,
                    31.57142857142857,
                    32.714285714285715,
                    33.857142857142854,
                    35.0,
                    36.14285714285714,
                    37.285714285714285,
                    38.42857142857143,
                    39.57142857142857,
                    40.71428571428571,
                    41.857142857142854,
                    43.0,
                    44.14285714285714,
                    45.285714285714285,
                    46.42857142857143,
                    47.57142857142857,
                    48.71428571428571,
                    49.857142857142854,
                    51.0,
                    52.14285714285714,
                    53.285714285714285,
                    54.42857142857142,
                    55.57142857142857,
                    56.714285714285715,
                    57.857142857142854,
                    59.0,
                    60.14285714285714,
                    61.285714285714285,
                    62.42857142857142,
                    63.57142857142857,
                    64.71428571428571,
                    65.85714285714286,
                    67.0,
                    68.14285714285714,
                    69.28571428571428,
                    70.42857142857142,
                    71.57142857142857,
                    72.71428571428571,
                    73.85714285714286,
                    75.0
                ],
                "distribution": [
                    0.01485148514851485,
                    0.012376237623762377,
                    0.027227722772277228,
                    0.04950495049504951,
                    0.04455445544554455,
                    0.04207920792079208,
                    0.04826732673267327,
                    0.09158415841584158,
                    0.03094059405940594,
                    0.04579207920792079,
                    0.04084158415841584,
                    0.03341584158415842,
                    0.03094059405940594,
                    0.028465346534653466,
                    0.0853960396039604,
                    0.03094059405940594,
                    0.023514851485148515,
                    0.02103960396039604,
                    0.02599009900990099,
                    0.01608910891089109,
                    0.024752475247524754,
                    0.03341584158415842,
                    0.01485148514851485,
                    0.017326732673267328,
                    0.017326732673267328,
                    0.009900990099009901,
                    0.009900990099009901,
                    0.013613861386138614,
                    0.01608910891089109,
                    0.008663366336633664,
                    0.011138613861386138,
                    0.009900990099009901,
                    0.0024752475247524753,
                    0.008663366336633664,
                    0.006188118811881188,
                    0.009900990099009901,
                    0.007425742574257425,
                    0.0012376237623762376,
                    0.008663366336633664,
                    0.0037128712871287127,
                    0.006188118811881188,
                    0.0012376237623762376,
                    0.007425742574257425,
                    0.0,
                    0.0,
                    0.0,
                    0.0,
                    0.0,
                    0.006188118811881188
                ]
            },
            "quantiles": {
                "scale": [
                    21.0,
                    24.5,
                    27.0,
                    29.0,
                    31.5,
                    34.5,
                    37.5,
                    41.5,
                    48.0,
                    63.5
                ],
                "distribution": [
                    0.054455445544554455,
                    0.13613861386138615,
                    0.09900990099009901,
                    0.07178217821782178,
                    0.12004950495049505,
                    0.10396039603960396,
                    0.0952970297029703,
                    0.10643564356435643,
                    0.10396039603960396,
                    0.10891089108910891
                ]
            },
            "topValues": [
                {
                    "value": 27.0,
                    "count": 41.0
                },
                {
                    "value": 23.0,
                    "count": 40.0
                },
                {
                    "value": 26.0,
                    "count": 39.0
                },
                {
                    "value": 30.0,
                    "count": 37.0
                },
                {
                    "value": 24.0,
                    "count": 36.0
                },
                {
                    "value": 35.0,
                    "count": 36.0
                },
                {
                    "value": 25.0,
                    "count": 34.0
                },
                {
                    "value": 28.0,
                    "count": 33.0
                },
                {
                    "value": 31.0,
                    "count": 33.0
                },
                {
                    "value": 36.0,
                    "count": 33.0
                },
                {
                    "value": 32.0,
                    "count": 27.0
                },
                {
                    "value": 29.0,
                    "count": 25.0
                },
                {
                    "value": 33.0,
                    "count": 25.0
                },
                {
                    "value": 37.0,
                    "count": 25.0
                },
                {
                    "value": 34.0,
                    "count": 23.0
                },
                {
                    "value": 22.0,
                    "count": 22.0
                },
                {
                    "value": 40.0,
                    "count": 21.0
                },
                {
                    "value": 42.0,
                    "count": 20.0
                },
                {
                    "value": 38.0,
                    "count": 19.0
                },
                {
                    "value": 39.0,
                    "count": 17.0
                },
                {
                    "value": 43.0,
                    "count": 15.0
                },
                {
                    "value": 46.0,
                    "count": 14.0
                },
                {
                    "value": 47.0,
                    "count": 14.0
                },
                {
                    "value": 41.0,
                    "count": 13.0
                },
                {
                    "value": 44.0,
                    "count": 12.0
                },
                {
                    "value": 45.0,
                    "count": 12.0
                },
                {
                    "value": 20.0,
                    "count": 11.0
                },
                {
                    "value": 50.0,
                    "count": 11.0
                },
                {
                    "value": 21.0,
                    "count": 10.0
                },
                {
                    "value": 54.0,
                    "count": 9.0
                },
                {
                    "value": 48.0,
                    "count": 8.0
                },
                {
                    "value": 49.0,
                    "count": 8.0
                },
                {
                    "value": 52.0,
                    "count": 8.0
                },
                {
                    "value": 55.0,
                    "count": 8.0
                },
                {
                    "value": 53.0,
                    "count": 7.0
                },
                {
                    "value": 57.0,
                    "count": 7.0
                },
                {
                    "value": 63.0,
                    "count": 7.0
                },
                {
                    "value": 61.0,
                    "count": 6.0
                },
                {
                    "value": 51.0,
                    "count": 5.0
                },
                {
                    "value": 58.0,
                    "count": 5.0
                },
                {
                    "value": 60.0,
                    "count": 5.0
                },
                {
                    "value": 65.0,
                    "count": 5.0
                },
                {
                    "value": 59.0,
                    "count": 3.0
                },
                {
                    "value": 64.0,
                    "count": 3.0
                },
                {
                    "value": 67.0,
                    "count": 3.0
                },
                {
                    "value": 68.0,
                    "count": 3.0
                },
                {
                    "value": 74.0,
                    "count": 3.0
                },
                {
                    "value": 56.0,
                    "count": 2.0
                },
                {
                    "value": 75.0,
                    "count": 2.0
                },
                {
                    "value": 19.0,
                    "count": 1.0
                }
            ]
        },
        "status": {
            "type": "CATEGORY",
            "nbDistinct": 4,
            "count": 808,
            "missingCount": 0.0,
            "values": {
                "scale": [
                    "no checking account",
                    "0 <= ... < 200 DM",
                    "... < 100 DM",
                    "... >= 200 DM / salary for at least 1 year"
                ],
                "distribution": [
                    0.4034653465346535,
                    0.2784653465346535,
                    0.2561881188118812,
                    0.06188118811881188
                ]
            }
        }
    }
}