{
    "perClassFacts": {
        "unique": {
            "status": {
                "impact": 0.3977536971029258,
                "rank": 1,
                "feature": "status",
                "positiveCategoricalValue": "no checking account",
                "negativeCategoricalValue": "... < 100 DM",
                "infoGain": 0.5673949719879134,
                "type": "CATEGORICAL"
            },
            "duration": {
                "impact": 0.10172789244559735,
                "rank": 3,
                "feature": "duration",
                "correlation": -0.843310811394335,
                "type": "NUMERICAL"
            },
            "payment_intensity": {
                "impact": 0.1006406162988548,
                "rank": 4,
                "feature": "payment_intensity",
                "correlation": 0.7023713646532437,
                "type": "NUMERICAL"
            },
            "housing": {
                "impact": 0.08068056835792208,
                "rank": 5,
                "feature": "housing",
                "positiveCategoricalValue": "own",
                "negativeCategoricalValue": "rent",
                "infoGain": 0.6571577614973405,
                "type": "CATEGORICAL"
            },
            "purpose": {
                "impact": 0.07738921884676138,
                "rank": 6,
                "feature": "purpose",
                "positiveCategoricalValue": "domestic appliances",
                "negativeCategoricalValue": "car (new)",
                "infoGain": 0.542431917432809,
                "type": "CATEGORICAL"
            },
            "installment_rate": {
                "impact": 0.04703007930237163,
                "rank": 10,
                "feature": "installment_rate",
                "correlation": -0.7502824194903687,
                "type": "NUMERICAL"
            }
        }
    }
}