{
    "startedAt": 1761374537463,
    "gridSize": 2,
    "nThreads": 4,
    "nSplits": 5,
    "metric": "ROC_AUC",
    "timeout": null,
    "gridPoints": [
        {
            "finishedAt": 1761374542665,
            "score": 0.7883938154798412,
            "testScoreGibMean": 0.7883938154798412,
            "testScoreMean": 0.7883938154798412,
            "testScoreStd": 0.03165335084278608,
            "trainScoreMean": 0.9506339311755965,
            "trainScoreStd": 0.003930697169564818,
            "time": 12704,
            "fitTimeMean": 2000.4,
            "fitTimeStd": 74.69297155690086,
            "scoreTimeMean": 540.4,
            "scoreTimeStd": 63.7764846945957,
            "parameters": {
                "max_depth": 6,
                "max_features": "sqrt",
                "min_samples_leaf": 1,
                "n_estimators": 100,
                "min_samples_split": 3
            }
        },
        {
            "finishedAt": 1761374544193,
            "score": 0.7787518697350139,
            "testScoreGibMean": 0.7787518697350139,
            "testScoreMean": 0.7787518697350139,
            "testScoreStd": 0.045571807896670015,
            "trainScoreMean": 1.0,
            "trainScoreStd": 0.0,
            "time": 11168,
            "fitTimeMean": 1787.2,
            "fitTimeStd": 482.0918584668279,
            "scoreTimeMean": 446.4,
            "scoreTimeStd": 186.62968681321843,
            "parameters": {
                "max_depth": 15,
                "max_features": "sqrt",
                "min_samples_leaf": 1,
                "n_estimators": 100,
                "min_samples_split": 3
            }
        }
    ]
}