[
    {
        "test_score_gib": 0.8260791042080549,
        "train_score": 0.945827664399093,
        "test_score": 0.8260791042080549,
        "num_samples": 162,
        "fit_time": 1974,
        "score_time": 596,
        "time": 2570,
        "parameters": {
            "max_depth": 6,
            "max_features": "sqrt",
            "min_samples_leaf": 1,
            "n_estimators": 100,
            "min_samples_split": 3
        },
        "done_at": 1761374540070,
        "split_id": 0
    },
    {
        "test_score_gib": 0.7735235687195232,
        "train_score": 0.9556235827664399,
        "test_score": 0.7735235687195232,
        "num_samples": 162,
        "fit_time": 1969,
        "score_time": 570,
        "time": 2539,
        "parameters": {
            "max_depth": 6,
            "max_features": "sqrt",
            "min_samples_leaf": 1,
            "n_estimators": 100,
            "min_samples_split": 3
        },
        "done_at": 1761374540042,
        "split_id": 1
    },
    {
        "test_score_gib": 0.7374029257720788,
        "train_score": 0.9547619047619047,
        "test_score": 0.7374029257720788,
        "num_samples": 162,
        "fit_time": 1957,
        "score_time": 497,
        "time": 2454,
        "parameters": {
            "max_depth": 6,
            "max_features": "sqrt",
            "min_samples_leaf": 1,
            "n_estimators": 100,
            "min_samples_split": 3
        },
        "done_at": 1761374539961,
        "split_id": 2
    },
    {
        "test_score_gib": 0.78917638483965,
        "train_score": 0.9496244173944522,
        "test_score": 0.78917638483965,
        "num_samples": 161,
        "fit_time": 1953,
        "score_time": 437,
        "time": 2390,
        "parameters": {
            "max_depth": 6,
            "max_features": "sqrt",
            "min_samples_leaf": 1,
            "n_estimators": 100,
            "min_samples_split": 3
        },
        "done_at": 1761374539903,
        "split_id": 3
    },
    {
        "test_score_gib": 0.8159620991253644,
        "train_score": 0.9473053079324857,
        "test_score": 0.8159620991253644,
        "num_samples": 161,
        "fit_time": 2149,
        "score_time": 602,
        "time": 2751,
        "parameters": {
            "max_depth": 6,
            "max_features": "sqrt",
            "min_samples_leaf": 1,
            "n_estimators": 100,
            "min_samples_split": 3
        },
        "done_at": 1761374542665,
        "split_id": 4
    },
    {
        "test_score_gib": 0.836012281018602,
        "train_score": 1.0,
        "test_score": 0.836012281018602,
        "num_samples": 162,
        "fit_time": 2240,
        "score_time": 688,
        "time": 2928,
        "parameters": {
            "max_depth": 15,
            "max_features": "sqrt",
            "min_samples_leaf": 1,
            "n_estimators": 100,
            "min_samples_split": 3
        },
        "done_at": 1761374542966,
        "split_id": 0
    },
    {
        "test_score_gib": 0.765215820841611,
        "train_score": 1.0,
        "test_score": 0.765215820841611,
        "num_samples": 162,
        "fit_time": 2067,
        "score_time": 563,
        "time": 2630,
        "parameters": {
            "max_depth": 15,
            "max_features": "sqrt",
            "min_samples_leaf": 1,
            "n_estimators": 100,
            "min_samples_split": 3
        },
        "done_at": 1761374542679,
        "split_id": 1
    },
    {
        "test_score_gib": 0.7063391728372764,
        "train_score": 1.0,
        "test_score": 0.7063391728372764,
        "num_samples": 162,
        "fit_time": 2226,
        "score_time": 522,
        "time": 2748,
        "parameters": {
            "max_depth": 15,
            "max_features": "sqrt",
            "min_samples_leaf": 1,
            "n_estimators": 100,
            "min_samples_split": 3
        },
        "done_at": 1761374542824,
        "split_id": 2
    },
    {
        "test_score_gib": 0.7682215743440234,
        "train_score": 1.0,
        "test_score": 0.7682215743440234,
        "num_samples": 161,
        "fit_time": 1209,
        "score_time": 264,
        "time": 1473,
        "parameters": {
            "max_depth": 15,
            "max_features": "sqrt",
            "min_samples_leaf": 1,
            "n_estimators": 100,
            "min_samples_split": 3
        },
        "done_at": 1761374544157,
        "split_id": 3
    },
    {
        "test_score_gib": 0.8181486880466472,
        "train_score": 1.0,
        "test_score": 0.8181486880466472,
        "num_samples": 161,
        "fit_time": 1194,
        "score_time": 195,
        "time": 1389,
        "parameters": {
            "max_depth": 15,
            "max_features": "sqrt",
            "min_samples_leaf": 1,
            "n_estimators": 100,
            "min_samples_split": 3
        },
        "done_at": 1761374544193,
        "split_id": 4
    }
]