{
    "modelInputNRows": 808,
    "modelInputNCols": 69,
    "modelInputIsSparse": true,
    "modelInputMemory": 226244,
    "usedGridSearch": true,
    "gridSize": 2,
    "gridBestScore": 0.7883938154798412,
    "gridCells": [
        {
            "params": {
                "max_depth": 6,
                "max_features": "sqrt",
                "min_samples_leaf": 1,
                "n_estimators": 100,
                "min_samples_split": 3
            },
            "score": 0.7883938154798412,
            "scoreStd": 0.03165335084278608,
            "fitTime": 2.0004,
            "fitTimeStd": 0.07469297155690086,
            "scoreTime": 0.5404,
            "scoreTimeStd": 0.06377648469459571
        },
        {
            "params": {
                "max_depth": 15,
                "max_features": "sqrt",
                "min_samples_leaf": 1,
                "n_estimators": 100,
                "min_samples_split": 3
            },
            "score": 0.7787518697350139,
            "scoreStd": 0.045571807896670015,
            "fitTime": 1.7872000000000001,
            "fitTimeStd": 0.4820918584668279,
            "scoreTime": 0.44639999999999996,
            "scoreTimeStd": 0.18662968681321843
        }
    ],
    "rawImportance": {
        "variables": [
            "gender_bin",
            "installment_rate",
            "duration",
            "management/self-employed/highly qualified employee/officer",
            "number_credits",
            "unemployed/unskilled - non-resident",
            "log_amount",
            "skilled employee/official",
            "people_liable",
            "payment_intensity",
            "amount",
            "unskilled - resident",
            "present_residence",
            "age",
            "dummy:purpose:domestic appliances",
            "dummy:purpose:car (new)",
            "dummy:purpose:radio/television",
            "dummy:purpose:car (used)",
            "dummy:purpose:others",
            "dummy:purpose:retraining",
            "dummy:purpose:education",
            "dummy:purpose:repairs",
            "dummy:purpose:furniture/equipment",
            "dummy:purpose:business",
            "dummy:housing:own",
            "dummy:housing:rent",
            "dummy:housing:for free",
            "dummy:other_debtors:none",
            "dummy:other_debtors:guarantor",
            "dummy:other_debtors:co-applicant",
            "dummy:savings:... < 100 DM",
            "dummy:savings:unknown/no savings account",
            "dummy:savings:100 <= ... < 500 DM",
            "dummy:savings:500 <= ... < 1000 DM",
            "dummy:savings:... >= 1000 DM",
            "dummy:other_installment_plans:none",
            "dummy:other_installment_plans:bank",
            "dummy:other_installment_plans:stores",
            "dummy:telephone:no",
            "dummy:telephone:yes",
            "dummy:foreign_worker:yes",
            "dummy:foreign_worker:no",
            "dummy:employment_duration:1 <= ... < 4 years",
            "dummy:employment_duration:... >= 7 years",
            "dummy:employment_duration:4 <= ... < 7 years",
            "dummy:employment_duration:... < 1 year",
            "dummy:employment_duration:unemployed",
            "dummy:status:no checking account",
            "dummy:status:0 <= ... < 200 DM",
            "dummy:status:... < 100 DM",
            "dummy:status:... >= 200 DM / salary for at least 1 year"
        ],
        "importances": [
            0.008155634622878298,
            0.019904281037818067,
            0.08103678102699821,
            0.01203535787664664,
            0.01423491744579151,
            0.0014911635400190668,
            0.07524298612836106,
            0.007713264486524959,
            0.006585675762826246,
            0.07960929455486468,
            0.07072365716293992,
            0.00963376719203311,
            0.02149290004980914,
            0.05617514447245306,
            0.011313241002295091,
            0.01611482348670611,
            0.006495786130345118,
            0.013794466824944037,
            0.00640512706449471,
            0.0054116473515665045,
            0.003161892274312156,
            0.001702258011424943,
            0.0019205654921190835,
            0.0003440887081360097,
            0.021782871080521425,
            0.009155415085090261,
            0.010111949235972063,
            0.003723875387801621,
            0.005797353229544701,
            0.0035566269597496797,
            0.025089961899365135,
            0.02075634592217614,
            0.005561865096525331,
            0.004499160849384435,
            0.012434798428901368,
            0.0152295589208873,
            0.009312670070201706,
            0.003719342004143893,
            0.00952827791399591,
            0.009023482992317956,
            0.0038865056594252897,
            0.002793704398723435,
            0.007580985894397773,
            0.012850167623512265,
            0.015221717221660014,
            0.011797609505923148,
            0.008616250842272822,
            0.13801651392847566,
            0.031159979121902426,
            0.06375680829928063,
            0.004337480721539988
        ]
    },
    "probaAware": true
}