{
    "metrics": {},
    "processed_feature_names": [
        "gender_bin",
        "installment_rate",
        "duration",
        "management/self-employed/highly qualified employee/officer",
        "number_credits",
        "unemployed/unskilled - non-resident",
        "log_amount",
        "skilled employee/official",
        "people_liable",
        "payment_intensity",
        "amount",
        "unskilled - resident",
        "present_residence",
        "age",
        "dummy:purpose:domestic appliances",
        "dummy:purpose:car (new)",
        "dummy:purpose:radio/television",
        "dummy:purpose:car (used)",
        "dummy:purpose:others",
        "dummy:purpose:retraining",
        "dummy:purpose:education",
        "dummy:purpose:repairs",
        "dummy:purpose:furniture/equipment",
        "dummy:purpose:business",
        "dummy:purpose:N/A",
        "dummy:purpose:__Others__",
        "dummy:housing:own",
        "dummy:housing:rent",
        "dummy:housing:for free",
        "dummy:housing:N/A",
        "dummy:housing:__Others__",
        "dummy:other_debtors:none",
        "dummy:other_debtors:guarantor",
        "dummy:other_debtors:co-applicant",
        "dummy:other_debtors:N/A",
        "dummy:other_debtors:__Others__",
        "dummy:savings:... < 100 DM",
        "dummy:savings:unknown/no savings account",
        "dummy:savings:100 <= ... < 500 DM",
        "dummy:savings:500 <= ... < 1000 DM",
        "dummy:savings:... >= 1000 DM",
        "dummy:savings:N/A",
        "dummy:savings:__Others__",
        "dummy:other_installment_plans:none",
        "dummy:other_installment_plans:bank",
        "dummy:other_installment_plans:stores",
        "dummy:other_installment_plans:N/A",
        "dummy:other_installment_plans:__Others__",
        "dummy:telephone:no",
        "dummy:telephone:yes",
        "dummy:telephone:N/A",
        "dummy:telephone:__Others__",
        "dummy:foreign_worker:yes",
        "dummy:foreign_worker:no",
        "dummy:foreign_worker:N/A",
        "dummy:foreign_worker:__Others__",
        "dummy:employment_duration:1 <= ... < 4 years",
        "dummy:employment_duration:... >= 7 years",
        "dummy:employment_duration:4 <= ... < 7 years",
        "dummy:employment_duration:... < 1 year",
        "dummy:employment_duration:unemployed",
        "dummy:employment_duration:N/A",
        "dummy:employment_duration:__Others__",
        "dummy:status:no checking account",
        "dummy:status:0 <= ... < 200 DM",
        "dummy:status:... < 100 DM",
        "dummy:status:... >= 200 DM / salary for at least 1 year",
        "dummy:status:N/A",
        "dummy:status:__Others__"
    ],
    "optimalThreshold": 0.35,
    "usedThreshold": 0.35,
    "perCutData": {
        "cut": [
            0.0,
            0.025,
            0.05,
            0.075,
            0.1,
            0.125,
            0.15,
            0.175,
            0.2,
            0.225,
            0.25,
            0.275,
            0.3,
            0.325,
            0.35,
            0.375,
            0.4,
            0.425,
            0.45,
            0.475,
            0.5,
            0.525,
            0.55,
            0.575,
            0.6,
            0.625,
            0.65,
            0.675,
            0.7,
            0.725,
            0.75,
            0.775,
            0.8,
            0.825,
            0.85,
            0.875,
            0.9,
            0.925,
            0.95,
            0.975
        ],
        "tp": [
            137,
            137,
            137,
            137,
            137,
            137,
            137,
            137,
            137,
            137,
            136,
            135,
            135,
            134,
            132,
            128,
            123,
            120,
            115,
            106,
            99,
            94,
            85,
            79,
            73,
            66,
            61,
            55,
            42,
            32,
            28,
            19,
            10,
            6,
            1,
            0,
            0,
            0,
            0,
            0
        ],
        "tn": [
            0,
            0,
            0,
            0,
            0,
            0,
            0,
            0,
            0,
            1,
            1,
            2,
            4,
            11,
            18,
            22,
            25,
            31,
            32,
            35,
            39,
            43,
            48,
            48,
            49,
            49,
            51,
            51,
            54,
            54,
            55,
            55,
            55,
            55,
            55,
            55,
            55,
            55,
            55,
            55
        ],
        "fp": [
            55,
            55,
            55,
            55,
            55,
            55,
            55,
            55,
            55,
            54,
            54,
            53,
            51,
            44,
            37,
            33,
            30,
            24,
            23,
            20,
            16,
            12,
            7,
            7,
            6,
            6,
            4,
            4,
            1,
            1,
            0,
            0,
            0,
            0,
            0,
            0,
            0,
            0,
            0,
            0
        ],
        "fn": [
            0,
            0,
            0,
            0,
            0,
            0,
            0,
            0,
            0,
            0,
            1,
            2,
            2,
            3,
            5,
            9,
            14,
            17,
            22,
            31,
            38,
            43,
            52,
            58,
            64,
            71,
            76,
            82,
            95,
            105,
            109,
            118,
            127,
            131,
            136,
            137,
            137,
            137,
            137,
            137
        ],
        "precision": [
            0.7135416666666666,
            0.7135416666666666,
            0.7135416666666666,
            0.7135416666666666,
            0.7135416666666666,
            0.7135416666666666,
            0.7135416666666666,
            0.7135416666666666,
            0.7135416666666666,
            0.7172774869109948,
            0.7157894736842105,
            0.7180851063829787,
            0.7258064516129032,
            0.7528089887640449,
            0.7810650887573964,
            0.7950310559006211,
            0.803921568627451,
            0.8333333333333334,
            0.8333333333333334,
            0.8412698412698413,
            0.8608695652173913,
            0.8867924528301887,
            0.9239130434782609,
            0.9186046511627907,
            0.9240506329113924,
            0.9166666666666666,
            0.9384615384615385,
            0.9322033898305084,
            0.9767441860465116,
            0.9696969696969697,
            1.0,
            1.0,
            1.0,
            1.0,
            1.0,
            0.0,
            0.0,
            0.0,
            0.0,
            0.0
        ],
        "recall": [
            1.0,
            1.0,
            1.0,
            1.0,
            1.0,
            1.0,
            1.0,
            1.0,
            1.0,
            1.0,
            0.9927007299270073,
            0.9854014598540146,
            0.9854014598540146,
            0.9781021897810219,
            0.9635036496350365,
            0.9343065693430657,
            0.8978102189781022,
            0.8759124087591241,
            0.8394160583941606,
            0.7737226277372263,
            0.7226277372262774,
            0.6861313868613139,
            0.6204379562043796,
            0.5766423357664233,
            0.5328467153284672,
            0.48175182481751827,
            0.44525547445255476,
            0.40145985401459855,
            0.30656934306569344,
            0.23357664233576642,
            0.20437956204379562,
            0.1386861313868613,
            0.072992700729927,
            0.043795620437956206,
            0.0072992700729927005,
            0.0,
            0.0,
            0.0,
            0.0,
            0.0
        ],
        "accuracy": [
            0.7135416666666666,
            0.7135416666666666,
            0.7135416666666666,
            0.7135416666666666,
            0.7135416666666666,
            0.7135416666666666,
            0.7135416666666666,
            0.7135416666666666,
            0.7135416666666666,
            0.71875,
            0.7135416666666666,
            0.7135416666666666,
            0.7239583333333334,
            0.7552083333333334,
            0.78125,
            0.78125,
            0.7708333333333334,
            0.7864583333333334,
            0.765625,
            0.734375,
            0.71875,
            0.7135416666666666,
            0.6927083333333334,
            0.6614583333333334,
            0.6354166666666666,
            0.5989583333333334,
            0.5833333333333334,
            0.5520833333333334,
            0.5,
            0.4479166666666667,
            0.4322916666666667,
            0.3854166666666667,
            0.3385416666666667,
            0.3177083333333333,
            0.2916666666666667,
            0.2864583333333333,
            0.2864583333333333,
            0.2864583333333333,
            0.2864583333333333,
            0.2864583333333333
        ],
        "f1": [
            0.8328267477203648,
            0.8328267477203648,
            0.8328267477203648,
            0.8328267477203648,
            0.8328267477203648,
            0.8328267477203648,
            0.8328267477203648,
            0.8328267477203648,
            0.8328267477203648,
            0.8353658536585367,
            0.8318042813455656,
            0.8307692307692308,
            0.8359133126934984,
            0.8507936507936508,
            0.8627450980392157,
            0.8590604026845637,
            0.8482758620689655,
            0.8540925266903916,
            0.8363636363636363,
            0.8060836501901141,
            0.7857142857142857,
            0.7736625514403294,
            0.7423580786026202,
            0.7085201793721972,
            0.6759259259259259,
            0.6315789473684211,
            0.6039603960396039,
            0.5612244897959184,
            0.4666666666666667,
            0.37647058823529417,
            0.3393939393939394,
            0.24358974358974358,
            0.1360544217687075,
            0.08391608391608392,
            0.014492753623188404,
            0.0,
            0.0,
            0.0,
            0.0,
            0.0
        ],
        "mcc": [
            0.0,
            0.0,
            0.0,
            0.0,
            0.0,
            0.0,
            0.0,
            0.0,
            0.0,
            0.11419898796805152,
            0.048459667030908815,
            0.06889588757002973,
            0.15104292415673456,
            0.30969690736692385,
            0.40484938037312446,
            0.4107643593120298,
            0.39595413085323716,
            0.45893040878347907,
            0.4235735872243993,
            0.3903548779566467,
            0.3982430012265781,
            0.4254401972902549,
            0.4463136437029871,
            0.40854807374498103,
            0.3893180351141781,
            0.3480155134633339,
            0.3559116840757598,
            0.3221310231189362,
            0.3127452598536004,
            0.25811982346028933,
            0.261805130383603,
            0.20997849086485207,
            0.14852014589632564,
            0.11379946340575892,
            0.04584630903826886,
            0.0,
            0.0,
            0.0,
            0.0,
            0.0
        ],
        "hammingLoss": [
            0.28645833333333337,
            0.28645833333333337,
            0.28645833333333337,
            0.28645833333333337,
            0.28645833333333337,
            0.28645833333333337,
            0.28645833333333337,
            0.28645833333333337,
            0.28645833333333337,
            0.28125,
            0.28645833333333337,
            0.28645833333333337,
            0.27604166666666663,
            0.24479166666666663,
            0.21875,
            0.21875,
            0.22916666666666663,
            0.21354166666666663,
            0.234375,
            0.265625,
            0.28125,
            0.28645833333333337,
            0.30729166666666663,
            0.33854166666666663,
            0.36458333333333337,
            0.40104166666666663,
            0.41666666666666663,
            0.44791666666666663,
            0.5,
            0.5520833333333333,
            0.5677083333333333,
            0.6145833333333333,
            0.6614583333333333,
            0.6822916666666667,
            0.7083333333333333,
            0.7135416666666667,
            0.7135416666666667,
            0.7135416666666667,
            0.7135416666666667,
            0.7135416666666667
        ],
        "assertionsMetrics": [],
        "overridesMetrics": []
    },
    "tiMetrics": {
        "auc": 0.8111479761114798,
        "logLoss": 0.5523683225449348,
        "lift": 1.2908182865923934,
        "averagePrecision": 0.9147724047104879,
        "calibrationLoss": 0.15805318920357134
    },
    "probaPercentiles": [
        0.25942349733936637,
        0.275172795528834,
        0.2978137333892098,
        0.3094210948315938,
        0.31475042972871636,
        0.32396776705860186,
        0.3255659027213357,
        0.32888031782654736,
        0.3308807582008689,
        0.33861009369832923,
        0.34396838849786965,
        0.35102050971287097,
        0.35478802927002306,
        0.3570115648084351,
        0.3620758758541097,
        0.37209561133491853,
        0.3789816435610906,
        0.38256158138466817,
        0.3890941639295287,
        0.4004673587198694,
        0.4047271403035342,
        0.4057220983029626,
        0.4068487891181414,
        0.41670843759820847,
        0.432534183795826,
        0.43889027392107927,
        0.4432201012104929,
        0.44934743573515146,
        0.45340647046099114,
        0.45718588230120905,
        0.45879186622158497,
        0.4618707306049477,
        0.46537711594081005,
        0.4742041617445518,
        0.47808681681855786,
        0.47952474309904414,
        0.48756052565612373,
        0.48844265662980824,
        0.4920213443523426,
        0.4987682950514492,
        0.5013229991913987,
        0.5088697704710115,
        0.5117801646113389,
        0.5206815360666728,
        0.5260559134243042,
        0.5310254943688512,
        0.5332462910355303,
        0.5355522631050086,
        0.5376583196433226,
        0.5469037412122186,
        0.5485549060629382,
        0.5498495100374761,
        0.5560205676056753,
        0.5596892209922336,
        0.5618672932108263,
        0.587379589087842,
        0.5902391225980963,
        0.5940569916320558,
        0.5992426778299765,
        0.6035303264560273,
        0.6093230364259679,
        0.6176429449703836,
        0.6289089762681458,
        0.6339980599717009,
        0.6418055430213908,
        0.6472235945942135,
        0.6533441276766874,
        0.6559265227915182,
        0.6681703829483789,
        0.6803639488289263,
        0.6836007813592663,
        0.6865978544169707,
        0.6887436021173247,
        0.6895477954769714,
        0.6926546932254017,
        0.699116031372743,
        0.6994174468965236,
        0.7017012764053984,
        0.7104450802600779,
        0.7116083874133906,
        0.7157929089629281,
        0.719770756021082,
        0.7262609656508523,
        0.7308009345573185,
        0.7420455161574092,
        0.7578248152609667,
        0.7625158464686822,
        0.7682264582946529,
        0.7704547186173067,
        0.7738596093455619,
        0.7796365886707369,
        0.780789352506307,
        0.7876480982248862,
        0.7949772553738822,
        0.7993944450950656,
        0.8151747835688223,
        0.8248851432047215,
        0.8312470039394857,
        0.8486877403778844
    ],
    "rocVizData": [
        [
            {
                "x": 0.0,
                "y": 0.0,
                "p": 1.854103075367944
            },
            {
                "x": 0.0,
                "y": 0.22627737226277372,
                "p": 0.7334964865145741
            },
            {
                "x": 0.01818181818181818,
                "y": 0.31386861313868614,
                "p": 0.6997083913575105
            },
            {
                "x": 0.03636363636363636,
                "y": 0.36496350364963503,
                "p": 0.6890627909392887
            },
            {
                "x": 0.07272727272727272,
                "y": 0.38686131386861317,
                "p": 0.6832452559029227
            },
            {
                "x": 0.07272727272727272,
                "y": 0.45255474452554745,
                "p": 0.6468347940796193
            },
            {
                "x": 0.10909090909090909,
                "y": 0.5401459854014599,
                "p": 0.5946087491570465
            },
            {
                "x": 0.12727272727272726,
                "y": 0.6204379562043796,
                "p": 0.5514735543204878
            },
            {
                "x": 0.16363636363636364,
                "y": 0.635036496350365,
                "p": 0.5476236493625339
            },
            {
                "x": 0.2,
                "y": 0.656934306569343,
                "p": 0.535209591546097
            },
            {
                "x": 0.21818181818181817,
                "y": 0.7007299270072993,
                "p": 0.5206649731567958
            },
            {
                "x": 0.2909090909090909,
                "y": 0.708029197080292,
                "p": 0.5014703324581125
            },
            {
                "x": 0.3090909090909091,
                "y": 0.7664233576642335,
                "p": 0.48626641970655293
            },
            {
                "x": 0.4,
                "y": 0.7737226277372263,
                "p": 0.47344100181220816
            },
            {
                "x": 0.41818181818181815,
                "y": 0.8686131386861314,
                "p": 0.4398221206008604
            },
            {
                "x": 0.45454545454545453,
                "y": 0.8832116788321168,
                "p": 0.4180087755660219
            },
            {
                "x": 0.5454545454545454,
                "y": 0.8978102189781022,
                "p": 0.40247461637960363
            },
            {
                "x": 0.5818181818181818,
                "y": 0.9197080291970803,
                "p": 0.3810509261678714
            },
            {
                "x": 0.6,
                "y": 0.9562043795620438,
                "p": 0.36103322773352575
            },
            {
                "x": 0.6727272727272727,
                "y": 0.9562043795620438,
                "p": 0.35341208084173537
            },
            {
                "x": 0.7818181818181819,
                "y": 0.9635036496350365,
                "p": 0.33047712489385606
            },
            {
                "x": 0.8363636363636363,
                "y": 0.9781021897810219,
                "p": 0.32451488013698615
            },
            {
                "x": 0.9636363636363636,
                "y": 0.9854014598540146,
                "p": 0.2778246799658322
            },
            {
                "x": 1.0,
                "y": 1.0,
                "p": 0.2139160751149662
            }
        ]
    ],
    "liftVizData": {
        "bins": [
            {
                "bin_pos_prop": 1.0,
                "bin_lift": 1.401459854,
                "cum_lift": 0.1459854015,
                "cum_size": 0.1041666667,
                "bin_min": 0.7738596093,
                "bin_max": 0.8541030754,
                "percentile_idx": 0
            },
            {
                "bin_pos_prop": 0.9473684211,
                "bin_lift": 1.3276988091,
                "cum_lift": 0.2773722628,
                "cum_size": 0.203125,
                "bin_min": 0.7116083874,
                "bin_max": 0.7738596093,
                "percentile_idx": 1
            },
            {
                "bin_pos_prop": 0.8421052632,
                "bin_lift": 1.1801767192,
                "cum_lift": 0.3941605839,
                "cum_size": 0.3020833333,
                "bin_min": 0.6803639488,
                "bin_max": 0.7116083874,
                "percentile_idx": 2
            },
            {
                "bin_pos_prop": 0.8947368421,
                "bin_lift": 1.2539377641,
                "cum_lift": 0.5182481752,
                "cum_size": 0.4010416667,
                "bin_min": 0.6035303265,
                "bin_max": 0.6803639488,
                "percentile_idx": 3
            },
            {
                "bin_pos_prop": 0.8421052632,
                "bin_lift": 1.1801767192,
                "cum_lift": 0.6350364964,
                "cum_size": 0.5,
                "bin_min": 0.5469037412,
                "bin_max": 0.6035303265,
                "percentile_idx": 4
            },
            {
                "bin_pos_prop": 0.6315789474,
                "bin_lift": 0.8851325394,
                "cum_lift": 0.7226277372,
                "cum_size": 0.5989583333,
                "bin_min": 0.4987682951,
                "bin_max": 0.5469037412,
                "percentile_idx": 5
            },
            {
                "bin_pos_prop": 0.6315789474,
                "bin_lift": 0.8851325394,
                "cum_lift": 0.8102189781,
                "cum_size": 0.6979166667,
                "bin_min": 0.4571858823,
                "bin_max": 0.4987682951,
                "percentile_idx": 6
            },
            {
                "bin_pos_prop": 0.6315789474,
                "bin_lift": 0.8851325394,
                "cum_lift": 0.897810219,
                "cum_size": 0.796875,
                "bin_min": 0.4004673587,
                "bin_max": 0.4571858823,
                "percentile_idx": 7
            },
            {
                "bin_pos_prop": 0.4736842105,
                "bin_lift": 0.6638494045,
                "cum_lift": 0.9635036496,
                "cum_size": 0.8958333333,
                "bin_min": 0.3386100937,
                "bin_max": 0.4004673587,
                "percentile_idx": 8
            },
            {
                "bin_pos_prop": 0.25,
                "bin_lift": 0.3503649635,
                "cum_lift": 1.0,
                "cum_size": 1.0,
                "bin_min": 0.2139160751,
                "bin_max": 0.3386100937,
                "percentile_idx": 9
            }
        ],
        "wizard": {
            "positives": 137,
            "total": 192
        }
    },
    "prVizData": [
        {
            "bins": [
                {
                    "x": 1.0,
                    "y": 0.7135416666666666,
                    "p": 0.2139160751149662
                },
                {
                    "x": 0.9854014598540146,
                    "y": 0.7458563535911602,
                    "p": 0.3235017077696078
                },
                {
                    "x": 0.9635036496350365,
                    "y": 0.7719298245614035,
                    "p": 0.34391299255662816
                },
                {
                    "x": 0.9416058394160584,
                    "y": 0.7962962962962963,
                    "p": 0.3677391758449422
                },
                {
                    "x": 0.9051094890510949,
                    "y": 0.8051948051948052,
                    "p": 0.3999655443049358
                },
                {
                    "x": 0.8832116788321168,
                    "y": 0.8344827586206897,
                    "p": 0.4244320832779563
                },
                {
                    "x": 0.8394160583941606,
                    "y": 0.8333333333333334,
                    "p": 0.4521154738472176
                },
                {
                    "x": 0.7883211678832117,
                    "y": 0.8244274809160306,
                    "p": 0.46144176963806205
                },
                {
                    "x": 0.7664233576642335,
                    "y": 0.8536585365853658,
                    "p": 0.47966036206661217
                },
                {
                    "x": 0.7299270072992701,
                    "y": 0.8620689655172413,
                    "p": 0.4974111103791216
                },
                {
                    "x": 0.7007299270072993,
                    "y": 0.8807339449541285,
                    "p": 0.5150695184614879
                },
                {
                    "x": 0.6642335766423357,
                    "y": 0.8921568627450981,
                    "p": 0.5333137996938229
                },
                {
                    "x": 0.635036496350365,
                    "y": 0.9157894736842105,
                    "p": 0.5482713783104601
                },
                {
                    "x": 0.5912408759124088,
                    "y": 0.9204545454545454,
                    "p": 0.5608818064726754
                },
                {
                    "x": 0.5401459854014599,
                    "y": 0.9135802469135802,
                    "p": 0.5942540820036205
                },
                {
                    "x": 0.49635036496350365,
                    "y": 0.918918918918919,
                    "p": 0.6142678894396653
                },
                {
                    "x": 0.45985401459854014,
                    "y": 0.9264705882352942,
                    "p": 0.6409716550220582
                },
                {
                    "x": 0.4233576642335766,
                    "y": 0.9354838709677419,
                    "p": 0.6560603082319533
                },
                {
                    "x": 0.38686131386861317,
                    "y": 0.9464285714285714,
                    "p": 0.6838280845198794
                },
                {
                    "x": 0.35036496350364965,
                    "y": 0.96,
                    "p": 0.6898044007548552
                },
                {
                    "x": 0.31386861313868614,
                    "y": 0.9772727272727273,
                    "p": 0.6997083913575105
                },
                {
                    "x": 0.26277372262773724,
                    "y": 0.972972972972973,
                    "p": 0.7160270965811953
                },
                {
                    "x": 0.22627737226277372,
                    "y": 1.0,
                    "p": 0.7334964865145741
                },
                {
                    "x": 0.17518248175182483,
                    "y": 1.0,
                    "p": 0.7681944412919709
                },
                {
                    "x": 0.12408759124087591,
                    "y": 1.0,
                    "p": 0.7798942296346724
                },
                {
                    "x": 0.072992700729927,
                    "y": 1.0,
                    "p": 0.8025753933630534
                },
                {
                    "x": 0.021897810218978103,
                    "y": 1.0,
                    "p": 0.8486518001523206
                },
                {
                    "x": 0.0072992700729927005,
                    "y": 1.0,
                    "p": 0.8541030753679439
                }
            ],
            "positiveRate": 0.7135416666666666
        }
    ],
    "densityData": {
        "0": {
            "actualIsThisClass": [
                2.441133723216242e-06,
                5.5104316357818354e-06,
                1.208170532703234e-05,
                2.573183177420231e-05,
                5.3243686979234585e-05,
                0.00010704824554152519,
                0.00020915492838657193,
                0.00039719244337399506,
                0.0007332457257932758,
                0.0013161013278709444,
                0.002297206642293554,
                0.0039000095661657474,
                0.006441311586394796,
                0.01035186085129662,
                0.016191792498221166,
                0.024655024293476116,
                0.036555834164005784,
                0.052791169933704626,
                0.07427429879963442,
                0.1018394603986473,
                0.13612303987346466,
                0.17743362396453477,
                0.2256297660208341,
                0.28002863863888644,
                0.3393693364897724,
                0.4018503257657582,
                0.4652513638005732,
                0.527137307803815,
                0.5851268508732572,
                0.6371961913503412,
                0.6819786224530374,
                0.7190178248884397,
                0.7489357782492425,
                0.7734849394808381,
                0.7954670925540965,
                0.8185162499922498,
                0.8467586561753896,
                0.8843782080765218,
                0.9351295744472372,
                1.0018528202318682,
                1.0860507121144274,
                1.1875908577256902,
                1.3045872141173036,
                1.4334980191181859,
                1.5694503996984146,
                1.7067686621381428,
                1.839648614024352,
                1.962890607460465,
                2.0725857612414385,
                2.1666479816624666,
                2.245101112952449,
                2.3100643156526295,
                2.3654243778029382,
                2.4162330135106207,
                2.467911027567605,
                2.525371300428409,
                2.592183793597212,
                2.669897480448134,
                2.7576097664068717,
                2.8518397188509477,
                2.9467237638967303,
                3.034516225511653,
                3.1063445085148533,
                3.1531404634641427,
                3.1666461558778876,
                3.1403761908901564,
                3.070414220847064,
                2.9559332001932526,
                2.7993602423505384,
                2.6061558839964536,
                2.3842368065066912,
                2.143128757074089,
                1.8929794631303762,
                1.6435794858428492,
                1.4035281155916357,
                1.1796449452554703,
                0.9766753553989339,
                0.7972827415655399,
                0.6422742629977236,
                0.5109787230729032,
                0.4016878804868645,
                0.31208356404583415,
                0.239596107711107,
                0.1816670458796819,
                0.13591374051116722,
                0.10021107636460354,
                0.07271394403458557,
                0.05184490428089699,
                0.03626676883632693,
                0.02485287691219051,
                0.016661143866391757,
                0.010913058914376746,
                0.0069761930352717815,
                0.004348117655547932,
                0.002640193087538767,
                0.0015606922772988924,
                0.0008976148512367337,
                0.0005020416527483482,
                0.00027295302909056783,
                0.0001442069052389378
            ],
            "actualIsNotThisClass": [
                0.009724178752149313,
                0.01564892426904077,
                0.024527338068229473,
                0.03745638207662848,
                0.05575741115679191,
                0.0809449811189559,
                0.11466069329461148,
                0.15856994273155142,
                0.21422521161429567,
                0.2829061836041872,
                0.3654532163041715,
                0.46211523038062985,
                0.5724346670368156,
                0.695190092974635,
                0.82841115996321,
                0.9694714531919063,
                1.1152533761448618,
                1.262367241791578,
                1.4073962614929723,
                1.5471325350183254,
                1.678768729822819,
                1.8000173653165499,
                1.9091442919467576,
                2.004922581026964,
                2.086532882590025,
                2.1534504267737162,
                2.205362000618508,
                2.2421460260371107,
                2.2639271860027694,
                2.2711900374823397,
                2.2649123360851546,
                2.2466665135674724,
                2.2186415115862865,
                2.183556260729087,
                2.144464622970921,
                2.1044806781246117,
                2.0664740751204977,
                2.0327921317875655,
                2.0050574895088373,
                1.984070924975516,
                1.96982468193507,
                1.9616091665704978,
                1.9581802769972356,
                1.9579486326106756,
                1.959155473410851,
                1.9600108665450338,
                1.958784680908139,
                1.9538556782344771,
                1.9437353195412026,
                1.9270876651664635,
                1.9027637915827922,
                1.8698593247729018,
                1.827790080110936,
                1.7763680342853256,
                1.7158527109838766,
                1.6469547194565402,
                1.5707788502421896,
                1.488710675209542,
                1.4022674921399927,
                1.3129457377903078,
                1.2220985134175697,
                1.1308678742707645,
                1.0401799910070084,
                0.9507927614280486,
                0.8633710496853417,
                0.7785589430110934,
                0.6970226230366879,
                0.6194496412785593,
                0.5465060866457688,
                0.47876707168466376,
                0.4166438905183918,
                0.3603311627609058,
                0.3097900280044896,
                0.26477193891243633,
                0.22487578301076283,
                0.18962256051671017,
                0.15852882185503075,
                0.13116272950530722,
                0.10717339228432927,
                0.08629243555467182,
                0.06831396975572514,
                0.05306333802622444,
                0.04036562955978895,
                0.030022504442672678,
                0.02180173306145058,
                0.015439547950337298,
                0.010652654214933577,
                0.007155149584800604,
                0.004675636995557783,
                0.0029709946373055037,
                0.0018349494203199225,
                0.0011011979638353559,
                0.0006419665491518243,
                0.0003634750608199913,
                0.00019983878614258067,
                0.00010667681968078652,
                5.5283947936189693e-05,
                2.7811819618942176e-05,
                1.3580974610834467e-05,
                6.4369350867589565e-06
            ],
            "actualIsThisClassMedian": 0.5948211936319545,
            "actualIsNotThisClassMedian": 0.38724264472429426
        },
        "1": {
            "actualIsThisClass": [
                6.4369350867589565e-06,
                1.3580974610834515e-05,
                2.781181961894247e-05,
                5.5283947936189693e-05,
                0.00010667681968078689,
                0.00019983878614258176,
                0.00036347506081999096,
                0.0006419665491518243,
                0.001101197963835352,
                0.0018349494203199243,
                0.002970994637305509,
                0.0046756369955577755,
                0.007155149584800629,
                0.010652654214933588,
                0.015439547950337354,
                0.02180173306145059,
                0.03002250444267273,
                0.04036562955978911,
                0.05306333802622448,
                0.06831396975572529,
                0.08629243555467193,
                0.10717339228432947,
                0.13116272950530722,
                0.15852882185503106,
                0.18962256051671025,
                0.22487578301076303,
                0.2647719389124368,
                0.3097900280044899,
                0.360331162760906,
                0.41664389051839257,
                0.4787670716846633,
                0.5465060866457707,
                0.6194496412785587,
                0.6970226230366892,
                0.7785589430110927,
                0.8633710496853433,
                0.9507927614280478,
                1.0401799910070075,
                1.1308678742707665,
                1.222098513417572,
                1.3129457377903053,
                1.4022674921399927,
                1.4887106752095407,
                1.5707788502421882,
                1.6469547194565446,
                1.7158527109838797,
                1.776368034285332,
                1.8277900801109344,
                1.8698593247729052,
                1.9027637915827906,
                1.927087665166462,
                1.9437353195411975,
                1.9538556782344718,
                1.958784680908139,
                1.9600108665450302,
                1.9591554734108476,
                1.957948632610681,
                1.9581802769972356,
                1.9616091665704996,
                1.9698246819350682,
                1.984070924975516,
                2.005057489508834,
                2.0327921317875655,
                2.0664740751204977,
                2.10448067812461,
                2.144464622970921,
                2.183556260729087,
                2.2186415115862865,
                2.2466665135674666,
                2.2649123360851506,
                2.2711900374823397,
                2.2639271860027694,
                2.2421460260371147,
                2.205362000618504,
                2.1534504267737162,
                2.0865328825900216,
                2.004922581026964,
                1.9091442919467576,
                1.8000173653165499,
                1.6787687298228222,
                1.5471325350183214,
                1.407396261492971,
                1.262367241791576,
                1.1152533761448638,
                0.9694714531919063,
                0.82841115996321,
                0.695190092974635,
                0.5724346670368156,
                0.462115230380629,
                0.3654532163041713,
                0.28290618360418696,
                0.21422521161429597,
                0.15856994273155123,
                0.11466069329461158,
                0.08094498111895579,
                0.05575741115679191,
                0.037456382076628526,
                0.024527338068229473,
                0.015648924269040798,
                0.009724178752149357
            ],
            "actualIsNotThisClass": [
                0.00014420690523893911,
                0.00027295302909057125,
                0.000502041652748354,
                0.0008976148512367416,
                0.0015606922772989076,
                0.0026401930875387973,
                0.004348117655547959,
                0.00697619303527185,
                0.010913058914376803,
                0.016661143866391816,
                0.02485287691219073,
                0.03626676883632711,
                0.05184490428089729,
                0.07271394403458584,
                0.10021107636460398,
                0.13591374051116747,
                0.18166704587968246,
                0.23959610771110806,
                0.31208356404583487,
                0.4016878804868657,
                0.510978723072904,
                0.6422742629977247,
                0.7972827415655396,
                0.9766753553989356,
                1.1796449452554723,
                1.4035281155916357,
                1.6435794858428523,
                1.8929794631303745,
                2.143128757074089,
                2.3842368065066935,
                2.6061558839964487,
                2.7993602423505335,
                2.9559332001932526,
                3.070414220847059,
                3.1403761908901537,
                3.1666461558778876,
                3.15314046346414,
                3.1063445085148533,
                3.0345162255116556,
                2.9467237638967276,
                2.8518397188509477,
                2.7576097664068717,
                2.669897480448134,
                2.5921837935972096,
                2.525371300428409,
                2.467911027567603,
                2.4162330135106247,
                2.3654243778029342,
                2.3100643156526313,
                2.245101112952453,
                2.1666479816624666,
                2.0725857612414367,
                1.9628906074604615,
                1.8396486140243504,
                1.7067686621381428,
                1.569450399698416,
                1.4334980191181859,
                1.3045872141173036,
                1.1875908577256922,
                1.0860507121144283,
                1.00185282023187,
                0.935129574447238,
                0.8843782080765213,
                0.8467586561753899,
                0.8185162499922503,
                0.7954670925540979,
                0.7734849394808377,
                0.7489357782492412,
                0.7190178248884397,
                0.6819786224530378,
                0.6371961913503403,
                0.5851268508732569,
                0.5271373078038146,
                0.46525136380057275,
                0.4018503257657582,
                0.33936933648977213,
                0.2800286386388862,
                0.2256297660208343,
                0.17743362396453485,
                0.13612303987346477,
                0.10183946039864726,
                0.07427429879963458,
                0.05279116993370453,
                0.03655583416400585,
                0.024655024293476203,
                0.01619179249822118,
                0.010351860851296675,
                0.006441311586394814,
                0.003900009566165768,
                0.002297206642293562,
                0.0013161013278709516,
                0.000733245725793283,
                0.0003971924433739986,
                0.00020915492838657418,
                0.00010704824554152595,
                5.3243686979235154e-05,
                2.573183177420277e-05,
                1.2081705327032513e-05,
                5.510431635781934e-06,
                2.441133723216294e-06
            ],
            "actualIsThisClassMedian": 0.6127573552757055,
            "actualIsNotThisClassMedian": 0.4051788063680453
        }
    },
    "calibrationData": [
        {
            "y": 0,
            "x": 0,
            "n": 0
        },
        {
            "y": 0.3333333333333333,
            "x": 0.25898459082284697,
            "n": 6.0
        },
        {
            "y": 0.36363636363636365,
            "x": 0.3479461918848029,
            "n": 33.0
        },
        {
            "y": 0.631578947368421,
            "x": 0.4527835909890929,
            "n": 38.0
        },
        {
            "y": 0.7222222222222222,
            "x": 0.544577944314009,
            "n": 36.0
        },
        {
            "y": 0.8611111111111112,
            "x": 0.6587860895536873,
            "n": 36.0
        },
        {
            "y": 0.9696969696969697,
            "x": 0.7511414300092947,
            "n": 33.0
        },
        {
            "y": 1.0,
            "x": 0.8303106928649411,
            "n": 10.0
        },
        {
            "y": 1,
            "x": 1,
            "n": 0
        }
    ],
    "probaDistribData": {
        "bins": [
            0.0,
            0.1,
            0.2,
            0.3,
            0.4,
            0.5,
            0.6,
            0.7,
            0.8,
            0.9,
            1.0
        ],
        "probaDistribs": [
            [
                0.0,
                0.0,
                4.0,
                21.0,
                14.0,
                10.0,
                5.0,
                1.0,
                0.0,
                0.0
            ],
            [
                0.0,
                0.0,
                2.0,
                12.0,
                24.0,
                26.0,
                31.0,
                32.0,
                10.0,
                0.0
            ]
        ]
    },
    "globalMetrics": {
        "testWeight": 192,
        "targetAvg": [
            0.7135416666666666
        ],
        "targetStd": [
            0.45328811305619426
        ],
        "predictionAvg": [
            0.8802083333333334
        ],
        "predictionStd": [
            0.3247177593909654
        ]
    }
}