{
    "predictedClassCountPerCut": [
        {
            "1": 192
        },
        {
            "1": 192
        },
        {
            "1": 192
        },
        {
            "1": 192
        },
        {
            "1": 192
        },
        {
            "1": 192
        },
        {
            "1": 192
        },
        {
            "1": 192
        },
        {
            "1": 192
        },
        {
            "1": 191,
            "0": 1
        },
        {
            "1": 190,
            "0": 2
        },
        {
            "1": 188,
            "0": 4
        },
        {
            "1": 186,
            "0": 6
        },
        {
            "1": 178,
            "0": 14
        },
        {
            "1": 169,
            "0": 23
        },
        {
            "1": 161,
            "0": 31
        },
        {
            "1": 153,
            "0": 39
        },
        {
            "1": 144,
            "0": 48
        },
        {
            "1": 138,
            "0": 54
        },
        {
            "1": 126,
            "0": 66
        },
        {
            "1": 115,
            "0": 77
        },
        {
            "1": 106,
            "0": 86
        },
        {
            "0": 100,
            "1": 92
        },
        {
            "0": 106,
            "1": 86
        },
        {
            "0": 113,
            "1": 79
        },
        {
            "0": 120,
            "1": 72
        },
        {
            "0": 127,
            "1": 65
        },
        {
            "0": 133,
            "1": 59
        },
        {
            "0": 149,
            "1": 43
        },
        {
            "0": 159,
            "1": 33
        },
        {
            "0": 164,
            "1": 28
        },
        {
            "0": 173,
            "1": 19
        },
        {
            "0": 182,
            "1": 10
        },
        {
            "0": 186,
            "1": 6
        },
        {
            "0": 191,
            "1": 1
        },
        {
            "0": 192
        },
        {
            "0": 192
        },
        {
            "0": 192
        },
        {
            "0": 192
        },
        {
            "0": 192
        }
    ],
    "cuts": [
        0.0,
        0.025,
        0.05,
        0.075,
        0.1,
        0.125,
        0.15,
        0.175,
        0.2,
        0.225,
        0.25,
        0.275,
        0.3,
        0.325,
        0.35,
        0.375,
        0.4,
        0.425,
        0.45,
        0.475,
        0.5,
        0.525,
        0.55,
        0.575,
        0.6,
        0.625,
        0.65,
        0.675,
        0.7,
        0.725,
        0.75,
        0.775,
        0.8,
        0.825,
        0.85,
        0.875,
        0.9,
        0.925,
        0.95,
        0.975
    ],
    "predictedClassCount": {
        "1": 169,
        "0": 23
    },
    "probabilityDensities": {
        "0": {
            "density": [
                0.008054825835389294,
                0.012739197841355222,
                0.019647658831060483,
                0.029561858723598268,
                0.04341003848222923,
                0.06224263426060962,
                0.08718545834748291,
                0.11936990976463291,
                0.1598433707933947,
                0.20946703336449377,
                0.26881209225860525,
                0.3380676943835736,
                0.41697452046564554,
                0.5047959662357892,
                0.600334562632736,
                0.7019949616041892,
                0.8078873886354361,
                0.9159581729469194,
                1.0241283080940675,
                1.1304184929349543,
                1.233040957654414,
                1.3304450262068228,
                1.4213140530319204,
                1.5045239762943714,
                1.579085020820572,
                1.6440945035812367,
                1.698727513035975,
                1.7422826886429044,
                1.774284259154634,
                1.794623108940354,
                1.8037043210645305,
                1.802561230043094,
                1.7928991128788414,
                1.7770446929394417,
                1.757797081385848,
                1.7381963360346429,
                1.7212422039104551,
                1.7096042069198931,
                1.705363939292864,
                1.7098226290431933,
                1.7233946142594612,
                1.745593736025198,
                1.775107480105042,
                1.8099446043597844,
                1.8476364266366936,
                1.8854695655380613,
                1.9207279646962634,
                1.9509236398761307,
                1.973998017106542,
                1.9884784499996448,
                1.9935773118972095,
                1.9892241451705803,
                1.9760252574291854,
                1.9551505435274865,
                1.9281545700473741,
                1.8967477830048172,
                1.8625428678424651,
                1.8268087815460319,
                1.7902684655589722,
                1.7529738410414253,
                1.7142826352490703,
                1.6729467182189997,
                1.6273033409260305,
                1.5755424625382712,
                1.516009047692418,
                1.4474920119364565,
                1.3694531931336054,
                1.2821602255192315,
                1.1867044351672307,
                1.084905278805319,
                0.979122130882749,
                0.8720084384091714,
                0.7662497588270006,
                0.6643252383561464,
                0.5683229432092761,
                0.4798259228723821,
                0.39987143461062646,
                0.328973569031706,
                0.26719170355252525,
                0.21422446719159652,
                0.16951059362236837,
                0.13232265724843473,
                0.10184542949179498,
                0.07723590391677916,
                0.05766593507444615,
                0.042350584925262655,
                0.030565871595204602,
                0.021659170922627074,
                0.015054602163747094,
                0.010254798664490862,
                0.006839794347952343,
                0.004463427266127353,
                0.002847612735758782,
                0.0017749447467746893,
                0.0010802174509660638,
                0.0006415293953966272,
                0.0003716051025639348,
                0.00020985032885462946,
                0.00011548465295774944,
                6.191103723352171e-05
            ],
            "median": 0.45309625878778126
        },
        "1": {
            "density": [
                6.191103723352193e-05,
                0.00011548465295775067,
                0.0002098503288546306,
                0.0003716051025639384,
                0.00064152939539663,
                0.0010802174509660742,
                0.0017749447467746986,
                0.0028476127357587996,
                0.004463427266127368,
                0.006839794347952373,
                0.010254798664490916,
                0.015054602163747148,
                0.02165917092262719,
                0.030565871595204658,
                0.04235058492526281,
                0.0576659350744462,
                0.0772359039167794,
                0.10184542949179534,
                0.13232265724843467,
                0.16951059362236912,
                0.2142244671915968,
                0.26719170355252536,
                0.3289735690317054,
                0.39987143461062646,
                0.4798259228723804,
                0.5683229432092761,
                0.6643252383561493,
                0.7662497588270013,
                0.8720084384091753,
                0.9791221308827508,
                1.08490527880532,
                1.1867044351672307,
                1.2821602255192315,
                1.3694531931336078,
                1.447492011936454,
                1.5160090476924222,
                1.5755424625382657,
                1.6273033409260391,
                1.6729467182190012,
                1.7142826352490734,
                1.7529738410414222,
                1.7902684655589658,
                1.8268087815460319,
                1.8625428678424667,
                1.8967477830048154,
                1.928154570047369,
                1.9551505435274743,
                1.9760252574291977,
                1.9892241451705717,
                1.9935773118972024,
                1.9884784499996466,
                1.9739980171065474,
                1.9509236398761323,
                1.9207279646962618,
                1.8854695655380649,
                1.847636426636697,
                1.8099446043597796,
                1.775107480105037,
                1.745593736025198,
                1.7233946142594598,
                1.7098226290431917,
                1.705363939292858,
                1.7096042069198978,
                1.721242203910458,
                1.7381963360346382,
                1.757797081385848,
                1.7770446929394368,
                1.792899112878846,
                1.8025612300431035,
                1.8037043210645305,
                1.7946231089403557,
                1.774284259154634,
                1.7422826886429028,
                1.698727513035975,
                1.644094503581241,
                1.5790850208205733,
                1.5045239762943714,
                1.4213140530319166,
                1.3304450262068193,
                1.2330409576544161,
                1.1304184929349552,
                1.0241283080940666,
                0.9159581729469145,
                0.8078873886354354,
                0.7019949616041885,
                0.600334562632736,
                0.5047959662357918,
                0.41697452046564554,
                0.33806769438357326,
                0.26881209225860514,
                0.20946703336449368,
                0.1598433707933949,
                0.11936990976463291,
                0.08718545834748298,
                0.06224263426060962,
                0.04341003848222923,
                0.029561858723598376,
                0.019647658831060483,
                0.012739197841355234,
                0.008054825835389324
            ],
            "median": 0.5469037412122186
        }
    }
}