{
  "state": "DONE",
  "preSearchDescription": {
    "gridLength": 2,
    "searchStrategy": "GRID",
    "importantParams": [
      {
        "name": "trees",
        "vals": [
          "100"
        ]
      },
      {
        "name": "depth",
        "vals": [
          "6",
          "15"
        ]
      },
      {
        "name": "min_samples",
        "vals": [
          "1"
        ]
      }
    ]
  },
  "postSearchDescription": {
    "importantParams": [
      {
        "name": "trees",
        "val": "100"
      },
      {
        "name": "depth",
        "val": "6"
      },
      {
        "name": "min_samples",
        "val": "1"
      }
    ]
  },
  "resumed": false,
  "timeOrderingEnabled": false,
  "sampleWeightsEnabled": false,
  "modelId": "m1",
  "progress": {
    "top_level_todo": [],
    "stack": [],
    "top_level_done": [
      {
        "name": "Loading train set",
        "time": 221
      },
      {
        "name": "Loading test set",
        "time": 30
      },
      {
        "name": "Collecting statistics",
        "time": 107
      },
      {
        "name": "Preprocessing train set",
        "time": 297
      },
      {
        "name": "Preprocessing test set",
        "time": 95
      },
      {
        "name": "Hyperparameter searching",
        "time": 7433
      },
      {
        "name": "Fitting model",
        "time": 540
      },
      {
        "name": "Saving model",
        "time": 353
      },
      {
        "name": "Scoring model",
        "time": 947
      },
      {
        "name": "Preparing explainability",
        "time": 12555
      }
    ]
  },
  "startTime": 1761374536542,
  "endTime": 1761374559227,
  "preprocessingTime": 783,
  "trainingTime": 21902,
  "hyperparamsSearchTime": 7433,
  "pythonVersion": "3.9.21",
  "packagesVersion": {
    "pandas": "2.2.3",
    "scikit-learn": "1.5.2",
    "scipy": "1.13.1",
    "lightgbm": "4.6.0",
    "flask": "2.2.5",
    "itsdangerous": "2.2.0",
    "jinja2": "3.1.6",
    "xgboost": "1.7.6",
    "werkzeug": "3.1.3",
    "statsmodels": "0.14.5",
    "pillow": "11.3.0",
    "markupsafe": "3.0.3",
    "cloudpickle": "1.5.0"
  }
}