{
  "tags": {
    "ANALYSIS.wcdhmyAu": {
      "versionNumber": 0,
      "lastModifiedBy": {
        "login": "gigibot208@nrlord.com"
      },
      "lastModifiedOn": 1761374453757
    },
    "DASHBOARD.2tGvTZU": {
      "versionNumber": 1,
      "lastModifiedBy": {
        "login": "gigibot208@nrlord.com"
      },
      "lastModifiedOn": 1761375102171
    },
    "DASHBOARD.nDFhGax": {
      "versionNumber": 7,
      "lastModifiedBy": {
        "login": "gigibot208@nrlord.com"
      },
      "lastModifiedOn": 1761374029892
    },
    "DATASET.credit_scoring": {
      "versionNumber": 1,
      "lastModifiedBy": {
        "login": "gigibot208@nrlord.com"
      },
      "lastModifiedOn": 1761373595386
    },
    "DATASET.risk": {
      "versionNumber": 2,
      "lastModifiedBy": {
        "login": "gigibot208@nrlord.com"
      },
      "lastModifiedOn": 1761373646444
    },
    "DATASET.risk_prepared": {
      "versionNumber": 2,
      "lastModifiedBy": {
        "login": "gigibot208@nrlord.com"
      },
      "lastModifiedOn": 1761374299775
    },
    "DATASET.risk_prepared_code": {
      "versionNumber": 1,
      "lastModifiedBy": {
        "login": "gigibot208@nrlord.com"
      },
      "lastModifiedOn": 1761374401746
    },
    "INSIGHT.BZZBLsa": {
      "versionNumber": 0,
      "lastModifiedBy": {
        "login": "gigibot208@nrlord.com"
      },
      "lastModifiedOn": 1761374807972
    },
    "INSIGHT.I3PXwW9": {
      "versionNumber": 0,
      "lastModifiedBy": {
        "login": "gigibot208@nrlord.com"
      },
      "lastModifiedOn": 1761374029001
    },
    "INSIGHT.cFR2E3i": {
      "versionNumber": 0,
      "lastModifiedBy": {
        "login": "gigibot208@nrlord.com"
      },
      "lastModifiedOn": 1761374839097
    },
    "INSIGHT.dgapac2": {
      "versionNumber": 0,
      "lastModifiedBy": {
        "login": "gigibot208@nrlord.com"
      },
      "lastModifiedOn": 1761374029011
    },
    "INSIGHT.jFe6NKJ": {
      "versionNumber": 0,
      "lastModifiedBy": {
        "login": "gigibot208@nrlord.com"
      },
      "lastModifiedOn": 1761374029016
    },
    "INSIGHT.kJvvumz": {
      "versionNumber": 0,
      "lastModifiedBy": {
        "login": "gigibot208@nrlord.com"
      },
      "lastModifiedOn": 1761374028990
    },
    "INSIGHT.zUJiyvL": {
      "versionNumber": 0,
      "lastModifiedBy": {
        "login": "gigibot208@nrlord.com"
      },
      "lastModifiedOn": 1761374029006
    },
    "PROJECT.DB_Correction": {
      "versionNumber": 1,
      "lastModifiedBy": {
        "login": "gigibot208@nrlord.com"
      },
      "lastModifiedOn": 1761374807927
    },
    "RECIPE.compute_risk_prepared": {
      "versionNumber": 2,
      "lastModifiedBy": {
        "login": "gigibot208@nrlord.com"
      },
      "lastModifiedOn": 1761374299890
    },
    "RECIPE.compute_risk_prepared_code": {
      "versionNumber": 1,
      "lastModifiedBy": {
        "login": "gigibot208@nrlord.com"
      },
      "lastModifiedOn": 1761374388071
    },
    "RECIPE.train_Predict_credit_risk__binary_": {
      "versionNumber": 0,
      "lastModifiedBy": {
        "login": "gigibot208@nrlord.com"
      },
      "lastModifiedOn": 1761374752406
    },
    "SAVED_MODEL.Wglg02A7": {
      "versionNumber": 0,
      "lastModifiedBy": {
        "login": "gigibot208@nrlord.com"
      },
      "lastModifiedOn": 1761374752395
    },
    "STATISTICS_WORKSHEET.BNy1WZI4ty": {
      "versionNumber": 1,
      "lastModifiedBy": {
        "login": "gigibot208@nrlord.com"
      },
      "lastModifiedOn": 1761373933105
    }
  }
}