{
    "per_feature": {
        "gender_bin": {
            "stats": {
                "min": 0.0,
                "average": 0.3131188118811881,
                "median": 0.0,
                "max": 1.0,
                "p99": 1.0,
                "std": 0.4640494950128031
            },
            "missing_impute_with_value": 0.3131188118811881
        },
        "purpose": {
            "stats": {
                "mostFrequentValue": "domestic appliances",
                "leastFrequentValue": "business"
            },
            "category_possible_values": [
                "domestic appliances",
                "car (new)",
                "radio/television",
                "car (used)",
                "others",
                "retraining",
                "education",
                "repairs",
                "furniture/equipment",
                "business"
            ],
            "category_possible_counts": [
                225,
                180,
                146,
                85,
                82,
                40,
                19,
                12,
                11,
                8
            ]
        },
        "housing": {
            "stats": {
                "mostFrequentValue": "own",
                "leastFrequentValue": "for free"
            },
            "category_possible_values": [
                "own",
                "rent",
                "for free"
            ],
            "category_possible_counts": [
                588,
                138,
                82
            ]
        },
        "installment_rate": {
            "stats": {
                "min": 1.0,
                "average": 2.977722772277228,
                "median": 3.0,
                "max": 4.0,
                "p99": 4.0,
                "std": 1.1196117057375377
            },
            "missing_impute_with_value": 2.977722772277228
        },
        "duration": {
            "stats": {
                "min": 4.0,
                "average": 20.93069306930693,
                "median": 18.0,
                "max": 72.0,
                "p99": 60.0,
                "std": 12.09043365178968
            },
            "missing_impute_with_value": 20.93069306930693
        },
        "other_debtors": {
            "stats": {
                "mostFrequentValue": "none",
                "leastFrequentValue": "co-applicant"
            },
            "category_possible_values": [
                "none",
                "guarantor",
                "co-applicant"
            ],
            "category_possible_counts": [
                739,
                36,
                33
            ]
        },
        "management/self-employed/highly qualified employee/officer": {
            "stats": {
                "min": 1.0,
                "average": 1.0,
                "median": 1.0,
                "max": 1.0,
                "p99": 1.0,
                "std": 0.0
            },
            "missing_impute_with_value": 0.0
        },
        "number_credits": {
            "stats": {
                "min": 1.0,
                "average": 1.4121287128712872,
                "median": 1.0,
                "max": 4.0,
                "p99": 3.0,
                "std": 0.5803057974934714
            },
            "missing_impute_with_value": 1.4121287128712872
        },
        "unemployed/unskilled - non-resident": {
            "stats": {
                "min": 1.0,
                "average": 1.0,
                "median": 1.0,
                "max": 1.0,
                "p99": 1.0,
                "std": 0.0
            },
            "missing_impute_with_value": 0.0
        },
        "property": {
            "stats": {}
        },
        "log_amount": {
            "stats": {
                "min": 5.5254529391317835,
                "average": 7.800203841753982,
                "median": 7.754051810848915,
                "max": 9.821463717057537,
                "p99": 9.568659769282853,
                "std": 0.7769853144522357
            },
            "missing_impute_with_value": 7.800203841753982
        },
        "skilled employee/official": {
            "stats": {
                "min": 1.0,
                "average": 1.0,
                "median": 1.0,
                "max": 1.0,
                "p99": 1.0,
                "std": 0.0
            },
            "missing_impute_with_value": 0.0
        },
        "savings": {
            "stats": {
                "mostFrequentValue": "... < 100 DM",
                "leastFrequentValue": "... >= 1000 DM"
            },
            "category_possible_values": [
                "... < 100 DM",
                "unknown/no savings account",
                "100 <= ... < 500 DM",
                "500 <= ... < 1000 DM",
                "... >= 1000 DM"
            ],
            "category_possible_counts": [
                471,
                153,
                91,
                51,
                42
            ]
        },
        "other_installment_plans": {
            "stats": {
                "mostFrequentValue": "none",
                "leastFrequentValue": "stores"
            },
            "category_possible_values": [
                "none",
                "bank",
                "stores"
            ],
            "category_possible_counts": [
                657,
                109,
                42
            ]
        },
        "people_liable": {
            "stats": {
                "min": 1.0,
                "average": 1.146039603960396,
                "median": 1.0,
                "max": 2.0,
                "p99": 2.0,
                "std": 0.3533646500103215
            },
            "missing_impute_with_value": 1.146039603960396
        },
        "payment_intensity": {
            "stats": {
                "min": 24.05555555555556,
                "average": 170.16403869120057,
                "median": 131.03333333333333,
                "max": 2482.6666666666665,
                "p99": 656.9737121212121,
                "std": 163.00762305587455
            },
            "missing_impute_with_value": 170.16403869120057
        },
        "amount": {
            "stats": {
                "min": 250.0,
                "average": 3312.3428217821784,
                "median": 2330.0,
                "max": 18424.0,
                "p99": 14308.269999999993,
                "std": 2862.095538659453
            },
            "missing_impute_with_value": 3312.3428217821784
        },
        "telephone": {
            "stats": {
                "mostFrequentValue": "no",
                "leastFrequentValue": "yes"
            },
            "category_possible_values": [
                "no",
                "yes"
            ],
            "category_possible_counts": [
                476,
                332
            ]
        },
        "history": {
            "stats": {}
        },
        "unskilled - resident": {
            "stats": {
                "min": 1.0,
                "average": 1.0,
                "median": 1.0,
                "max": 1.0,
                "p99": 1.0,
                "std": 0.0
            },
            "missing_impute_with_value": 0.0
        },
        "foreign_worker": {
            "stats": {
                "mostFrequentValue": "yes",
                "leastFrequentValue": "no"
            },
            "category_possible_values": [
                "yes",
                "no"
            ],
            "category_possible_counts": [
                785,
                23
            ]
        },
        "present_residence": {
            "stats": {
                "min": 1.0,
                "average": 2.8267326732673266,
                "median": 3.0,
                "max": 4.0,
                "p99": 4.0,
                "std": 1.105210468081829
            },
            "missing_impute_with_value": 2.8267326732673266
        },
        "employment_duration": {
            "stats": {
                "mostFrequentValue": "1 <= ... < 4 years",
                "leastFrequentValue": "unemployed"
            },
            "category_possible_values": [
                "1 <= ... < 4 years",
                "... >= 7 years",
                "4 <= ... < 7 years",
                "... < 1 year",
                "unemployed"
            ],
            "category_possible_counts": [
                278,
                201,
                143,
                136,
                50
            ]
        },
        "age": {
            "stats": {
                "min": 19.0,
                "average": 35.554455445544555,
                "median": 33.0,
                "max": 75.0,
                "p99": 67.0,
                "std": 11.298452261036212
            },
            "missing_impute_with_value": 35.554455445544555
        },
        "credit_risk": {
            "stats": {}
        },
        "status": {
            "stats": {
                "mostFrequentValue": "no checking account",
                "leastFrequentValue": "... >= 200 DM / salary for at least 1 year"
            },
            "category_possible_values": [
                "no checking account",
                "0 <= ... < 200 DM",
                "... < 100 DM",
                "... >= 200 DM / salary for at least 1 year"
            ],
            "category_possible_counts": [
                326,
                225,
                207,
                50
            ]
        }
    },
    "feature_order": [
        "gender_bin",
        "purpose",
        "housing",
        "installment_rate",
        "duration",
        "other_debtors",
        "management/self-employed/highly qualified employee/officer",
        "number_credits",
        "unemployed/unskilled - non-resident",
        "property",
        "log_amount",
        "skilled employee/official",
        "savings",
        "other_installment_plans",
        "people_liable",
        "payment_intensity",
        "amount",
        "telephone",
        "history",
        "unskilled - resident",
        "foreign_worker",
        "present_residence",
        "employment_duration",
        "age",
        "credit_risk",
        "status"
    ]
}