{
  "dataSpec": {
    "inputDatasetSmartName": "risk",
    "datasetSelection": {
      "useMemTable": false,
      "filter": {
        "distinct": false,
        "enabled": false
      },
      "partitionSelectionMethod": "ALL",
      "latestPartitionsN": 1,
      "ordering": {
        "enabled": false,
        "rules": []
      },
      "samplingMethod": "HEAD_SEQUENTIAL",
      "maxRecords": 100000,
      "targetRatio": 0.02,
      "ascending": false,
      "withinFirstN": -1,
      "maxReadUncompressedBytes": -1,
      "seed": 1337
    },
    "autoRefreshSample": true,
    "refreshTrigger": 0,
    "containerSelection": {
      "containerMode": "INHERIT"
    }
  },
  "rootCard": {
    "type": "worksheet_root",
    "confidenceLevel": 0.95,
    "showConfidenceInterval": false,
    "cards": [
      {
        "type": "univariate_header",
        "showHistogram": true,
        "showQuantile": true,
        "showFrequencyTable": true,
        "showSummary": true,
        "showBoxPlot": true,
        "showCumulativeDistributionFunction": false,
        "xColumns": [
          {
            "name": "age",
            "type": "CONTINUOUS"
          },
          {
            "name": "amount",
            "type": "CONTINUOUS"
          },
          {
            "name": "credit_history",
            "type": "CATEGORICAL"
          },
          {
            "name": "credit_risk",
            "type": "CATEGORICAL"
          },
          {
            "name": "duration",
            "type": "CATEGORICAL"
          },
          {
            "name": "employment_duration",
            "type": "CATEGORICAL"
          },
          {
            "name": "foreign_worker",
            "type": "CATEGORICAL"
          },
          {
            "name": "housing",
            "type": "CATEGORICAL"
          },
          {
            "name": "installment_rate",
            "type": "CATEGORICAL"
          },
          {
            "name": "job",
            "type": "CATEGORICAL"
          },
          {
            "name": "number_credits",
            "type": "CATEGORICAL"
          },
          {
            "name": "other_debtors",
            "type": "CATEGORICAL"
          },
          {
            "name": "other_installment_plans",
            "type": "CATEGORICAL"
          },
          {
            "name": "people_liable",
            "type": "CATEGORICAL"
          },
          {
            "name": "personal_status_sex",
            "type": "CATEGORICAL"
          },
          {
            "name": "present_residence",
            "type": "CATEGORICAL"
          },
          {
            "name": "property",
            "type": "CATEGORICAL"
          },
          {
            "name": "purpose",
            "type": "CATEGORICAL"
          },
          {
            "name": "savings",
            "type": "CATEGORICAL"
          },
          {
            "name": "status",
            "type": "CATEGORICAL"
          },
          {
            "name": "telephone",
            "type": "CATEGORICAL"
          }
        ],
        "cards": [
          {
            "type": "column_card",
            "column": {
              "name": "age",
              "type": "CONTINUOUS"
            },
            "cards": [
              {
                "type": "numerical_histogram",
                "showBoxPlot": true,
                "showHistogram": true,
                "binningMode": "AUTO",
                "nbBins": 25,
                "customBinningBoundaries": [],
                "column": {
                  "name": "age",
                  "type": "CONTINUOUS"
                },
                "id": "dglubPN"
              },
              {
                "type": "univariate_summary",
                "confidenceLevel": 0.95,
                "showConfidenceInterval": false,
                "compute": {
                  "totalCount": true,
                  "mean": true,
                  "sum": false,
                  "median": true,
                  "std": true,
                  "variance": false,
                  "skewness": false,
                  "kurtosis": false,
                  "sem": false,
                  "completeCount": true,
                  "nbEmpty": true,
                  "zeroCount": false,
                  "zeroRatio": false,
                  "nonZeroRatio": false,
                  "iqr": false,
                  "distinctCount": true,
                  "nbNonEmpty": false,
                  "min": true,
                  "max": true,
                  "range": false,
                  "mode": true
                },
                "column": {
                  "name": "age",
                  "type": "CONTINUOUS"
                },
                "id": "E536KZB"
              },
              {
                "type": "quantile_table",
                "confidenceLevel": 0.95,
                "showConfidenceInterval": false,
                "column": {
                  "name": "age",
                  "type": "CONTINUOUS"
                },
                "id": "7XX2yDO"
              }
            ],
            "id": "SchprMt"
          },
          {
            "type": "column_card",
            "column": {
              "name": "amount",
              "type": "CONTINUOUS"
            },
            "cards": [
              {
                "type": "numerical_histogram",
                "showBoxPlot": true,
                "showHistogram": true,
                "binningMode": "AUTO",
                "nbBins": 25,
                "customBinningBoundaries": [],
                "column": {
                  "name": "amount",
                  "type": "CONTINUOUS"
                },
                "id": "EK8xg6Z"
              },
              {
                "type": "univariate_summary",
                "confidenceLevel": 0.95,
                "showConfidenceInterval": false,
                "compute": {
                  "totalCount": true,
                  "mean": true,
                  "sum": false,
                  "median": true,
                  "std": true,
                  "variance": false,
                  "skewness": false,
                  "kurtosis": false,
                  "sem": false,
                  "completeCount": true,
                  "nbEmpty": true,
                  "zeroCount": false,
                  "zeroRatio": false,
                  "nonZeroRatio": false,
                  "iqr": false,
                  "distinctCount": true,
                  "nbNonEmpty": false,
                  "min": true,
                  "max": true,
                  "range": false,
                  "mode": true
                },
                "column": {
                  "name": "amount",
                  "type": "CONTINUOUS"
                },
                "id": "RXsSkDc"
              },
              {
                "type": "quantile_table",
                "confidenceLevel": 0.95,
                "showConfidenceInterval": false,
                "column": {
                  "name": "amount",
                  "type": "CONTINUOUS"
                },
                "id": "6HcyPUH"
              }
            ],
            "id": "NBp9fmw"
          },
          {
            "type": "column_card",
            "column": {
              "name": "credit_history",
              "type": "CATEGORICAL"
            },
            "cards": [
              {
                "type": "categorical_histogram",
                "maxValues": 10,
                "groupOthers": false,
                "column": {
                  "name": "credit_history",
                  "type": "CATEGORICAL"
                },
                "id": "IEPj4j4"
              },
              {
                "type": "univariate_summary",
                "confidenceLevel": 0.95,
                "showConfidenceInterval": false,
                "compute": {
                  "totalCount": true,
                  "mean": true,
                  "sum": false,
                  "median": true,
                  "std": true,
                  "variance": false,
                  "skewness": false,
                  "kurtosis": false,
                  "sem": false,
                  "completeCount": true,
                  "nbEmpty": true,
                  "zeroCount": false,
                  "zeroRatio": false,
                  "nonZeroRatio": false,
                  "iqr": false,
                  "distinctCount": true,
                  "nbNonEmpty": false,
                  "min": true,
                  "max": true,
                  "range": false,
                  "mode": true
                },
                "column": {
                  "name": "credit_history",
                  "type": "CATEGORICAL"
                },
                "id": "9CFTJk9"
              },
              {
                "type": "univariate_frequency_table",
                "maxValues": 10,
                "column": {
                  "name": "credit_history",
                  "type": "CATEGORICAL"
                },
                "id": "WA8aJwb"
              }
            ],
            "id": "YArhYcI"
          },
          {
            "type": "column_card",
            "column": {
              "name": "credit_risk",
              "type": "CATEGORICAL"
            },
            "cards": [
              {
                "type": "categorical_histogram",
                "maxValues": 10,
                "groupOthers": false,
                "column": {
                  "name": "credit_risk",
                  "type": "CATEGORICAL"
                },
                "id": "6xqpNtU"
              },
              {
                "type": "univariate_summary",
                "confidenceLevel": 0.95,
                "showConfidenceInterval": false,
                "compute": {
                  "totalCount": true,
                  "mean": true,
                  "sum": false,
                  "median": true,
                  "std": true,
                  "variance": false,
                  "skewness": false,
                  "kurtosis": false,
                  "sem": false,
                  "completeCount": true,
                  "nbEmpty": true,
                  "zeroCount": false,
                  "zeroRatio": false,
                  "nonZeroRatio": false,
                  "iqr": false,
                  "distinctCount": true,
                  "nbNonEmpty": false,
                  "min": true,
                  "max": true,
                  "range": false,
                  "mode": true
                },
                "column": {
                  "name": "credit_risk",
                  "type": "CATEGORICAL"
                },
                "id": "RfnDHa4"
              },
              {
                "type": "univariate_frequency_table",
                "maxValues": 10,
                "column": {
                  "name": "credit_risk",
                  "type": "CATEGORICAL"
                },
                "id": "ntT6eOB"
              }
            ],
            "id": "5wR29Ah"
          },
          {
            "type": "column_card",
            "column": {
              "name": "duration",
              "type": "CATEGORICAL"
            },
            "cards": [
              {
                "type": "categorical_histogram",
                "maxValues": 10,
                "groupOthers": false,
                "column": {
                  "name": "duration",
                  "type": "CATEGORICAL"
                },
                "id": "H9JqlyS"
              },
              {
                "type": "univariate_summary",
                "confidenceLevel": 0.95,
                "showConfidenceInterval": false,
                "compute": {
                  "totalCount": true,
                  "mean": true,
                  "sum": false,
                  "median": true,
                  "std": true,
                  "variance": false,
                  "skewness": false,
                  "kurtosis": false,
                  "sem": false,
                  "completeCount": true,
                  "nbEmpty": true,
                  "zeroCount": false,
                  "zeroRatio": false,
                  "nonZeroRatio": false,
                  "iqr": false,
                  "distinctCount": true,
                  "nbNonEmpty": false,
                  "min": true,
                  "max": true,
                  "range": false,
                  "mode": true
                },
                "column": {
                  "name": "duration",
                  "type": "CATEGORICAL"
                },
                "id": "1BfIS61"
              },
              {
                "type": "univariate_frequency_table",
                "maxValues": 10,
                "column": {
                  "name": "duration",
                  "type": "CATEGORICAL"
                },
                "id": "uKOmr0h"
              }
            ],
            "id": "W9xjWCX"
          },
          {
            "type": "column_card",
            "column": {
              "name": "employment_duration",
              "type": "CATEGORICAL"
            },
            "cards": [
              {
                "type": "categorical_histogram",
                "maxValues": 10,
                "groupOthers": false,
                "column": {
                  "name": "employment_duration",
                  "type": "CATEGORICAL"
                },
                "id": "nLvUYoG"
              },
              {
                "type": "univariate_summary",
                "confidenceLevel": 0.95,
                "showConfidenceInterval": false,
                "compute": {
                  "totalCount": true,
                  "mean": true,
                  "sum": false,
                  "median": true,
                  "std": true,
                  "variance": false,
                  "skewness": false,
                  "kurtosis": false,
                  "sem": false,
                  "completeCount": true,
                  "nbEmpty": true,
                  "zeroCount": false,
                  "zeroRatio": false,
                  "nonZeroRatio": false,
                  "iqr": false,
                  "distinctCount": true,
                  "nbNonEmpty": false,
                  "min": true,
                  "max": true,
                  "range": false,
                  "mode": true
                },
                "column": {
                  "name": "employment_duration",
                  "type": "CATEGORICAL"
                },
                "id": "dc0SrUF"
              },
              {
                "type": "univariate_frequency_table",
                "maxValues": 10,
                "column": {
                  "name": "employment_duration",
                  "type": "CATEGORICAL"
                },
                "id": "UU1h8gf"
              }
            ],
            "id": "n0Z2ZmJ"
          },
          {
            "type": "column_card",
            "column": {
              "name": "foreign_worker",
              "type": "CATEGORICAL"
            },
            "cards": [
              {
                "type": "categorical_histogram",
                "maxValues": 10,
                "groupOthers": false,
                "column": {
                  "name": "foreign_worker",
                  "type": "CATEGORICAL"
                },
                "id": "6BqNfru"
              },
              {
                "type": "univariate_summary",
                "confidenceLevel": 0.95,
                "showConfidenceInterval": false,
                "compute": {
                  "totalCount": true,
                  "mean": true,
                  "sum": false,
                  "median": true,
                  "std": true,
                  "variance": false,
                  "skewness": false,
                  "kurtosis": false,
                  "sem": false,
                  "completeCount": true,
                  "nbEmpty": true,
                  "zeroCount": false,
                  "zeroRatio": false,
                  "nonZeroRatio": false,
                  "iqr": false,
                  "distinctCount": true,
                  "nbNonEmpty": false,
                  "min": true,
                  "max": true,
                  "range": false,
                  "mode": true
                },
                "column": {
                  "name": "foreign_worker",
                  "type": "CATEGORICAL"
                },
                "id": "Am5q6Gj"
              },
              {
                "type": "univariate_frequency_table",
                "maxValues": 10,
                "column": {
                  "name": "foreign_worker",
                  "type": "CATEGORICAL"
                },
                "id": "TgjXzPP"
              }
            ],
            "id": "fFl8pJP"
          },
          {
            "type": "column_card",
            "column": {
              "name": "housing",
              "type": "CATEGORICAL"
            },
            "cards": [
              {
                "type": "categorical_histogram",
                "maxValues": 10,
                "groupOthers": false,
                "column": {
                  "name": "housing",
                  "type": "CATEGORICAL"
                },
                "id": "S98t9Sw"
              },
              {
                "type": "univariate_summary",
                "confidenceLevel": 0.95,
                "showConfidenceInterval": false,
                "compute": {
                  "totalCount": true,
                  "mean": true,
                  "sum": false,
                  "median": true,
                  "std": true,
                  "variance": false,
                  "skewness": false,
                  "kurtosis": false,
                  "sem": false,
                  "completeCount": true,
                  "nbEmpty": true,
                  "zeroCount": false,
                  "zeroRatio": false,
                  "nonZeroRatio": false,
                  "iqr": false,
                  "distinctCount": true,
                  "nbNonEmpty": false,
                  "min": true,
                  "max": true,
                  "range": false,
                  "mode": true
                },
                "column": {
                  "name": "housing",
                  "type": "CATEGORICAL"
                },
                "id": "DAOgvcn"
              },
              {
                "type": "univariate_frequency_table",
                "maxValues": 10,
                "column": {
                  "name": "housing",
                  "type": "CATEGORICAL"
                },
                "id": "WESF4KM"
              }
            ],
            "id": "8VLtIxr"
          },
          {
            "type": "column_card",
            "column": {
              "name": "installment_rate",
              "type": "CATEGORICAL"
            },
            "cards": [
              {
                "type": "categorical_histogram",
                "maxValues": 10,
                "groupOthers": false,
                "column": {
                  "name": "installment_rate",
                  "type": "CATEGORICAL"
                },
                "id": "RSDQmL8"
              },
              {
                "type": "univariate_summary",
                "confidenceLevel": 0.95,
                "showConfidenceInterval": false,
                "compute": {
                  "totalCount": true,
                  "mean": true,
                  "sum": false,
                  "median": true,
                  "std": true,
                  "variance": false,
                  "skewness": false,
                  "kurtosis": false,
                  "sem": false,
                  "completeCount": true,
                  "nbEmpty": true,
                  "zeroCount": false,
                  "zeroRatio": false,
                  "nonZeroRatio": false,
                  "iqr": false,
                  "distinctCount": true,
                  "nbNonEmpty": false,
                  "min": true,
                  "max": true,
                  "range": false,
                  "mode": true
                },
                "column": {
                  "name": "installment_rate",
                  "type": "CATEGORICAL"
                },
                "id": "4QldMGP"
              },
              {
                "type": "univariate_frequency_table",
                "maxValues": 10,
                "column": {
                  "name": "installment_rate",
                  "type": "CATEGORICAL"
                },
                "id": "EGS3CQK"
              }
            ],
            "id": "Ww6r7ii"
          },
          {
            "type": "column_card",
            "column": {
              "name": "job",
              "type": "CATEGORICAL"
            },
            "cards": [
              {
                "type": "categorical_histogram",
                "maxValues": 10,
                "groupOthers": false,
                "column": {
                  "name": "job",
                  "type": "CATEGORICAL"
                },
                "id": "VCNdcio"
              },
              {
                "type": "univariate_summary",
                "confidenceLevel": 0.95,
                "showConfidenceInterval": false,
                "compute": {
                  "totalCount": true,
                  "mean": true,
                  "sum": false,
                  "median": true,
                  "std": true,
                  "variance": false,
                  "skewness": false,
                  "kurtosis": false,
                  "sem": false,
                  "completeCount": true,
                  "nbEmpty": true,
                  "zeroCount": false,
                  "zeroRatio": false,
                  "nonZeroRatio": false,
                  "iqr": false,
                  "distinctCount": true,
                  "nbNonEmpty": false,
                  "min": true,
                  "max": true,
                  "range": false,
                  "mode": true
                },
                "column": {
                  "name": "job",
                  "type": "CATEGORICAL"
                },
                "id": "zL9ToS2"
              },
              {
                "type": "univariate_frequency_table",
                "maxValues": 10,
                "column": {
                  "name": "job",
                  "type": "CATEGORICAL"
                },
                "id": "AOMMnVZ"
              }
            ],
            "id": "DSnDCDF"
          },
          {
            "type": "column_card",
            "column": {
              "name": "number_credits",
              "type": "CATEGORICAL"
            },
            "cards": [
              {
                "type": "categorical_histogram",
                "maxValues": 10,
                "groupOthers": false,
                "column": {
                  "name": "number_credits",
                  "type": "CATEGORICAL"
                },
                "id": "qXzqgIq"
              },
              {
                "type": "univariate_summary",
                "confidenceLevel": 0.95,
                "showConfidenceInterval": false,
                "compute": {
                  "totalCount": true,
                  "mean": true,
                  "sum": false,
                  "median": true,
                  "std": true,
                  "variance": false,
                  "skewness": false,
                  "kurtosis": false,
                  "sem": false,
                  "completeCount": true,
                  "nbEmpty": true,
                  "zeroCount": false,
                  "zeroRatio": false,
                  "nonZeroRatio": false,
                  "iqr": false,
                  "distinctCount": true,
                  "nbNonEmpty": false,
                  "min": true,
                  "max": true,
                  "range": false,
                  "mode": true
                },
                "column": {
                  "name": "number_credits",
                  "type": "CATEGORICAL"
                },
                "id": "8dAk3Ui"
              },
              {
                "type": "univariate_frequency_table",
                "maxValues": 10,
                "column": {
                  "name": "number_credits",
                  "type": "CATEGORICAL"
                },
                "id": "YylnzvK"
              }
            ],
            "id": "yAAHqnY"
          },
          {
            "type": "column_card",
            "column": {
              "name": "other_debtors",
              "type": "CATEGORICAL"
            },
            "cards": [
              {
                "type": "categorical_histogram",
                "maxValues": 10,
                "groupOthers": false,
                "column": {
                  "name": "other_debtors",
                  "type": "CATEGORICAL"
                },
                "id": "R0w2vCN"
              },
              {
                "type": "univariate_summary",
                "confidenceLevel": 0.95,
                "showConfidenceInterval": false,
                "compute": {
                  "totalCount": true,
                  "mean": true,
                  "sum": false,
                  "median": true,
                  "std": true,
                  "variance": false,
                  "skewness": false,
                  "kurtosis": false,
                  "sem": false,
                  "completeCount": true,
                  "nbEmpty": true,
                  "zeroCount": false,
                  "zeroRatio": false,
                  "nonZeroRatio": false,
                  "iqr": false,
                  "distinctCount": true,
                  "nbNonEmpty": false,
                  "min": true,
                  "max": true,
                  "range": false,
                  "mode": true
                },
                "column": {
                  "name": "other_debtors",
                  "type": "CATEGORICAL"
                },
                "id": "jqGiAWj"
              },
              {
                "type": "univariate_frequency_table",
                "maxValues": 10,
                "column": {
                  "name": "other_debtors",
                  "type": "CATEGORICAL"
                },
                "id": "9gDCYXE"
              }
            ],
            "id": "hv5IBYf"
          },
          {
            "type": "column_card",
            "column": {
              "name": "other_installment_plans",
              "type": "CATEGORICAL"
            },
            "cards": [
              {
                "type": "categorical_histogram",
                "maxValues": 10,
                "groupOthers": false,
                "column": {
                  "name": "other_installment_plans",
                  "type": "CATEGORICAL"
                },
                "id": "v01CPhF"
              },
              {
                "type": "univariate_summary",
                "confidenceLevel": 0.95,
                "showConfidenceInterval": false,
                "compute": {
                  "totalCount": true,
                  "mean": true,
                  "sum": false,
                  "median": true,
                  "std": true,
                  "variance": false,
                  "skewness": false,
                  "kurtosis": false,
                  "sem": false,
                  "completeCount": true,
                  "nbEmpty": true,
                  "zeroCount": false,
                  "zeroRatio": false,
                  "nonZeroRatio": false,
                  "iqr": false,
                  "distinctCount": true,
                  "nbNonEmpty": false,
                  "min": true,
                  "max": true,
                  "range": false,
                  "mode": true
                },
                "column": {
                  "name": "other_installment_plans",
                  "type": "CATEGORICAL"
                },
                "id": "7Z1mJSq"
              },
              {
                "type": "univariate_frequency_table",
                "maxValues": 10,
                "column": {
                  "name": "other_installment_plans",
                  "type": "CATEGORICAL"
                },
                "id": "jZqapGz"
              }
            ],
            "id": "OKTlLYt"
          },
          {
            "type": "column_card",
            "column": {
              "name": "people_liable",
              "type": "CATEGORICAL"
            },
            "cards": [
              {
                "type": "categorical_histogram",
                "maxValues": 10,
                "groupOthers": false,
                "column": {
                  "name": "people_liable",
                  "type": "CATEGORICAL"
                },
                "id": "Qe55LPx"
              },
              {
                "type": "univariate_summary",
                "confidenceLevel": 0.95,
                "showConfidenceInterval": false,
                "compute": {
                  "totalCount": true,
                  "mean": true,
                  "sum": false,
                  "median": true,
                  "std": true,
                  "variance": false,
                  "skewness": false,
                  "kurtosis": false,
                  "sem": false,
                  "completeCount": true,
                  "nbEmpty": true,
                  "zeroCount": false,
                  "zeroRatio": false,
                  "nonZeroRatio": false,
                  "iqr": false,
                  "distinctCount": true,
                  "nbNonEmpty": false,
                  "min": true,
                  "max": true,
                  "range": false,
                  "mode": true
                },
                "column": {
                  "name": "people_liable",
                  "type": "CATEGORICAL"
                },
                "id": "GJwa741"
              },
              {
                "type": "univariate_frequency_table",
                "maxValues": 10,
                "column": {
                  "name": "people_liable",
                  "type": "CATEGORICAL"
                },
                "id": "9J85NNw"
              }
            ],
            "id": "EcevHok"
          },
          {
            "type": "column_card",
            "column": {
              "name": "personal_status_sex",
              "type": "CATEGORICAL"
            },
            "cards": [
              {
                "type": "categorical_histogram",
                "maxValues": 10,
                "groupOthers": false,
                "column": {
                  "name": "personal_status_sex",
                  "type": "CATEGORICAL"
                },
                "id": "ecPgnYn"
              },
              {
                "type": "univariate_summary",
                "confidenceLevel": 0.95,
                "showConfidenceInterval": false,
                "compute": {
                  "totalCount": true,
                  "mean": true,
                  "sum": false,
                  "median": true,
                  "std": true,
                  "variance": false,
                  "skewness": false,
                  "kurtosis": false,
                  "sem": false,
                  "completeCount": true,
                  "nbEmpty": true,
                  "zeroCount": false,
                  "zeroRatio": false,
                  "nonZeroRatio": false,
                  "iqr": false,
                  "distinctCount": true,
                  "nbNonEmpty": false,
                  "min": true,
                  "max": true,
                  "range": false,
                  "mode": true
                },
                "column": {
                  "name": "personal_status_sex",
                  "type": "CATEGORICAL"
                },
                "id": "AvAlQUi"
              },
              {
                "type": "univariate_frequency_table",
                "maxValues": 10,
                "column": {
                  "name": "personal_status_sex",
                  "type": "CATEGORICAL"
                },
                "id": "WUL1Oco"
              }
            ],
            "id": "2RA4F1j"
          },
          {
            "type": "column_card",
            "column": {
              "name": "present_residence",
              "type": "CATEGORICAL"
            },
            "cards": [
              {
                "type": "categorical_histogram",
                "maxValues": 10,
                "groupOthers": false,
                "column": {
                  "name": "present_residence",
                  "type": "CATEGORICAL"
                },
                "id": "CXl2yAa"
              },
              {
                "type": "univariate_summary",
                "confidenceLevel": 0.95,
                "showConfidenceInterval": false,
                "compute": {
                  "totalCount": true,
                  "mean": true,
                  "sum": false,
                  "median": true,
                  "std": true,
                  "variance": false,
                  "skewness": false,
                  "kurtosis": false,
                  "sem": false,
                  "completeCount": true,
                  "nbEmpty": true,
                  "zeroCount": false,
                  "zeroRatio": false,
                  "nonZeroRatio": false,
                  "iqr": false,
                  "distinctCount": true,
                  "nbNonEmpty": false,
                  "min": true,
                  "max": true,
                  "range": false,
                  "mode": true
                },
                "column": {
                  "name": "present_residence",
                  "type": "CATEGORICAL"
                },
                "id": "ErmrxfL"
              },
              {
                "type": "univariate_frequency_table",
                "maxValues": 10,
                "column": {
                  "name": "present_residence",
                  "type": "CATEGORICAL"
                },
                "id": "A83b9Be"
              }
            ],
            "id": "lt6H1dv"
          },
          {
            "type": "column_card",
            "column": {
              "name": "property",
              "type": "CATEGORICAL"
            },
            "cards": [
              {
                "type": "categorical_histogram",
                "maxValues": 10,
                "groupOthers": false,
                "column": {
                  "name": "property",
                  "type": "CATEGORICAL"
                },
                "id": "bIEhR5O"
              },
              {
                "type": "univariate_summary",
                "confidenceLevel": 0.95,
                "showConfidenceInterval": false,
                "compute": {
                  "totalCount": true,
                  "mean": true,
                  "sum": false,
                  "median": true,
                  "std": true,
                  "variance": false,
                  "skewness": false,
                  "kurtosis": false,
                  "sem": false,
                  "completeCount": true,
                  "nbEmpty": true,
                  "zeroCount": false,
                  "zeroRatio": false,
                  "nonZeroRatio": false,
                  "iqr": false,
                  "distinctCount": true,
                  "nbNonEmpty": false,
                  "min": true,
                  "max": true,
                  "range": false,
                  "mode": true
                },
                "column": {
                  "name": "property",
                  "type": "CATEGORICAL"
                },
                "id": "qrZfw25"
              },
              {
                "type": "univariate_frequency_table",
                "maxValues": 10,
                "column": {
                  "name": "property",
                  "type": "CATEGORICAL"
                },
                "id": "9RJegsH"
              }
            ],
            "id": "iBB4Xqi"
          },
          {
            "type": "column_card",
            "column": {
              "name": "purpose",
              "type": "CATEGORICAL"
            },
            "cards": [
              {
                "type": "categorical_histogram",
                "maxValues": 10,
                "groupOthers": false,
                "column": {
                  "name": "purpose",
                  "type": "CATEGORICAL"
                },
                "id": "x7Pc5dk"
              },
              {
                "type": "univariate_summary",
                "confidenceLevel": 0.95,
                "showConfidenceInterval": false,
                "compute": {
                  "totalCount": true,
                  "mean": true,
                  "sum": false,
                  "median": true,
                  "std": true,
                  "variance": false,
                  "skewness": false,
                  "kurtosis": false,
                  "sem": false,
                  "completeCount": true,
                  "nbEmpty": true,
                  "zeroCount": false,
                  "zeroRatio": false,
                  "nonZeroRatio": false,
                  "iqr": false,
                  "distinctCount": true,
                  "nbNonEmpty": false,
                  "min": true,
                  "max": true,
                  "range": false,
                  "mode": true
                },
                "column": {
                  "name": "purpose",
                  "type": "CATEGORICAL"
                },
                "id": "Wj1TSpG"
              },
              {
                "type": "univariate_frequency_table",
                "maxValues": 10,
                "column": {
                  "name": "purpose",
                  "type": "CATEGORICAL"
                },
                "id": "9A76reI"
              }
            ],
            "id": "2j06J7m"
          },
          {
            "type": "column_card",
            "column": {
              "name": "savings",
              "type": "CATEGORICAL"
            },
            "cards": [
              {
                "type": "categorical_histogram",
                "maxValues": 10,
                "groupOthers": false,
                "column": {
                  "name": "savings",
                  "type": "CATEGORICAL"
                },
                "id": "Ksoe7fz"
              },
              {
                "type": "univariate_summary",
                "confidenceLevel": 0.95,
                "showConfidenceInterval": false,
                "compute": {
                  "totalCount": true,
                  "mean": true,
                  "sum": false,
                  "median": true,
                  "std": true,
                  "variance": false,
                  "skewness": false,
                  "kurtosis": false,
                  "sem": false,
                  "completeCount": true,
                  "nbEmpty": true,
                  "zeroCount": false,
                  "zeroRatio": false,
                  "nonZeroRatio": false,
                  "iqr": false,
                  "distinctCount": true,
                  "nbNonEmpty": false,
                  "min": true,
                  "max": true,
                  "range": false,
                  "mode": true
                },
                "column": {
                  "name": "savings",
                  "type": "CATEGORICAL"
                },
                "id": "NU2I3F3"
              },
              {
                "type": "univariate_frequency_table",
                "maxValues": 10,
                "column": {
                  "name": "savings",
                  "type": "CATEGORICAL"
                },
                "id": "B0DVWmG"
              }
            ],
            "id": "Kd83erH"
          },
          {
            "type": "column_card",
            "column": {
              "name": "status",
              "type": "CATEGORICAL"
            },
            "cards": [
              {
                "type": "categorical_histogram",
                "maxValues": 10,
                "groupOthers": false,
                "column": {
                  "name": "status",
                  "type": "CATEGORICAL"
                },
                "id": "lHo78zf"
              },
              {
                "type": "univariate_summary",
                "confidenceLevel": 0.95,
                "showConfidenceInterval": false,
                "compute": {
                  "totalCount": true,
                  "mean": true,
                  "sum": false,
                  "median": true,
                  "std": true,
                  "variance": false,
                  "skewness": false,
                  "kurtosis": false,
                  "sem": false,
                  "completeCount": true,
                  "nbEmpty": true,
                  "zeroCount": false,
                  "zeroRatio": false,
                  "nonZeroRatio": false,
                  "iqr": false,
                  "distinctCount": true,
                  "nbNonEmpty": false,
                  "min": true,
                  "max": true,
                  "range": false,
                  "mode": true
                },
                "column": {
                  "name": "status",
                  "type": "CATEGORICAL"
                },
                "id": "EVEihv5"
              },
              {
                "type": "univariate_frequency_table",
                "maxValues": 10,
                "column": {
                  "name": "status",
                  "type": "CATEGORICAL"
                },
                "id": "DeagAR1"
              }
            ],
            "id": "wN0QNbH"
          },
          {
            "type": "column_card",
            "column": {
              "name": "telephone",
              "type": "CATEGORICAL"
            },
            "cards": [
              {
                "type": "categorical_histogram",
                "maxValues": 10,
                "groupOthers": false,
                "column": {
                  "name": "telephone",
                  "type": "CATEGORICAL"
                },
                "id": "kdRBl6v"
              },
              {
                "type": "univariate_summary",
                "confidenceLevel": 0.95,
                "showConfidenceInterval": false,
                "compute": {
                  "totalCount": true,
                  "mean": true,
                  "sum": false,
                  "median": true,
                  "std": true,
                  "variance": false,
                  "skewness": false,
                  "kurtosis": false,
                  "sem": false,
                  "completeCount": true,
                  "nbEmpty": true,
                  "zeroCount": false,
                  "zeroRatio": false,
                  "nonZeroRatio": false,
                  "iqr": false,
                  "distinctCount": true,
                  "nbNonEmpty": false,
                  "min": true,
                  "max": true,
                  "range": false,
                  "mode": true
                },
                "column": {
                  "name": "telephone",
                  "type": "CATEGORICAL"
                },
                "id": "Yizh8W4"
              },
              {
                "type": "univariate_frequency_table",
                "maxValues": 10,
                "column": {
                  "name": "telephone",
                  "type": "CATEGORICAL"
                },
                "id": "6eN5Rm1"
              }
            ],
            "id": "DEqZ7em"
          }
        ],
        "id": "LMvqfou"
      },
      {
        "type": "univariate_header",
        "showHistogram": true,
        "showQuantile": true,
        "showFrequencyTable": true,
        "showSummary": true,
        "showBoxPlot": true,
        "showCumulativeDistributionFunction": true,
        "xColumns": [
          {
            "name": "age",
            "type": "CONTINUOUS"
          },
          {
            "name": "amount",
            "type": "CONTINUOUS"
          },
          {
            "name": "credit_risk",
            "type": "CONTINUOUS"
          },
          {
            "name": "duration",
            "type": "CONTINUOUS"
          },
          {
            "name": "installment_rate",
            "type": "CONTINUOUS"
          },
          {
            "name": "number_credits",
            "type": "CONTINUOUS"
          },
          {
            "name": "people_liable",
            "type": "CONTINUOUS"
          },
          {
            "name": "present_residence",
            "type": "CONTINUOUS"
          }
        ],
        "cards": [
          {
            "type": "column_card",
            "column": {
              "name": "age",
              "type": "CONTINUOUS"
            },
            "cards": [
              {
                "type": "numerical_histogram",
                "showBoxPlot": true,
                "showHistogram": true,
                "binningMode": "AUTO",
                "nbBins": 25,
                "customBinningBoundaries": [],
                "column": {
                  "name": "age",
                  "type": "CONTINUOUS"
                },
                "id": "Djp1RJz"
              },
              {
                "type": "cdf_plot",
                "column": {
                  "name": "age",
                  "type": "CONTINUOUS"
                },
                "id": "ciDEfNH"
              },
              {
                "type": "univariate_summary",
                "confidenceLevel": 0.95,
                "showConfidenceInterval": false,
                "compute": {
                  "totalCount": true,
                  "mean": true,
                  "sum": false,
                  "median": true,
                  "std": true,
                  "variance": false,
                  "skewness": false,
                  "kurtosis": false,
                  "sem": false,
                  "completeCount": true,
                  "nbEmpty": true,
                  "zeroCount": false,
                  "zeroRatio": false,
                  "nonZeroRatio": false,
                  "iqr": false,
                  "distinctCount": true,
                  "nbNonEmpty": false,
                  "min": true,
                  "max": true,
                  "range": false,
                  "mode": true
                },
                "column": {
                  "name": "age",
                  "type": "CONTINUOUS"
                },
                "id": "RsaapgT"
              },
              {
                "type": "quantile_table",
                "confidenceLevel": 0.95,
                "showConfidenceInterval": false,
                "column": {
                  "name": "age",
                  "type": "CONTINUOUS"
                },
                "id": "g3QZoVw"
              }
            ],
            "id": "bqE2sqA"
          },
          {
            "type": "column_card",
            "column": {
              "name": "amount",
              "type": "CONTINUOUS"
            },
            "cards": [
              {
                "type": "numerical_histogram",
                "showBoxPlot": true,
                "showHistogram": true,
                "binningMode": "AUTO",
                "nbBins": 25,
                "customBinningBoundaries": [],
                "column": {
                  "name": "amount",
                  "type": "CONTINUOUS"
                },
                "id": "KKxyBSJ"
              },
              {
                "type": "cdf_plot",
                "column": {
                  "name": "amount",
                  "type": "CONTINUOUS"
                },
                "id": "5v8dtaz"
              },
              {
                "type": "univariate_summary",
                "confidenceLevel": 0.95,
                "showConfidenceInterval": false,
                "compute": {
                  "totalCount": true,
                  "mean": true,
                  "sum": false,
                  "median": true,
                  "std": true,
                  "variance": false,
                  "skewness": false,
                  "kurtosis": false,
                  "sem": false,
                  "completeCount": true,
                  "nbEmpty": true,
                  "zeroCount": false,
                  "zeroRatio": false,
                  "nonZeroRatio": false,
                  "iqr": false,
                  "distinctCount": true,
                  "nbNonEmpty": false,
                  "min": true,
                  "max": true,
                  "range": false,
                  "mode": true
                },
                "column": {
                  "name": "amount",
                  "type": "CONTINUOUS"
                },
                "id": "N00nsVH"
              },
              {
                "type": "quantile_table",
                "confidenceLevel": 0.95,
                "showConfidenceInterval": false,
                "column": {
                  "name": "amount",
                  "type": "CONTINUOUS"
                },
                "id": "udzpYDW"
              }
            ],
            "id": "sWDW083"
          },
          {
            "type": "column_card",
            "column": {
              "name": "credit_risk",
              "type": "CONTINUOUS"
            },
            "cards": [
              {
                "type": "numerical_histogram",
                "showBoxPlot": true,
                "showHistogram": true,
                "binningMode": "AUTO",
                "nbBins": 25,
                "customBinningBoundaries": [],
                "column": {
                  "name": "credit_risk",
                  "type": "CONTINUOUS"
                },
                "id": "GLFZMYo"
              },
              {
                "type": "cdf_plot",
                "column": {
                  "name": "credit_risk",
                  "type": "CONTINUOUS"
                },
                "id": "q6m9lQ1"
              },
              {
                "type": "univariate_summary",
                "confidenceLevel": 0.95,
                "showConfidenceInterval": false,
                "compute": {
                  "totalCount": true,
                  "mean": true,
                  "sum": false,
                  "median": true,
                  "std": true,
                  "variance": false,
                  "skewness": false,
                  "kurtosis": false,
                  "sem": false,
                  "completeCount": true,
                  "nbEmpty": true,
                  "zeroCount": false,
                  "zeroRatio": false,
                  "nonZeroRatio": false,
                  "iqr": false,
                  "distinctCount": true,
                  "nbNonEmpty": false,
                  "min": true,
                  "max": true,
                  "range": false,
                  "mode": true
                },
                "column": {
                  "name": "credit_risk",
                  "type": "CONTINUOUS"
                },
                "id": "IGMjIIq"
              },
              {
                "type": "quantile_table",
                "confidenceLevel": 0.95,
                "showConfidenceInterval": false,
                "column": {
                  "name": "credit_risk",
                  "type": "CONTINUOUS"
                },
                "id": "zzgyG5t"
              }
            ],
            "id": "IBcBmEs"
          },
          {
            "type": "column_card",
            "column": {
              "name": "duration",
              "type": "CONTINUOUS"
            },
            "cards": [
              {
                "type": "numerical_histogram",
                "showBoxPlot": true,
                "showHistogram": true,
                "binningMode": "AUTO",
                "nbBins": 25,
                "customBinningBoundaries": [],
                "column": {
                  "name": "duration",
                  "type": "CONTINUOUS"
                },
                "id": "yJu43mz"
              },
              {
                "type": "cdf_plot",
                "column": {
                  "name": "duration",
                  "type": "CONTINUOUS"
                },
                "id": "VRKb2Pf"
              },
              {
                "type": "univariate_summary",
                "confidenceLevel": 0.95,
                "showConfidenceInterval": false,
                "compute": {
                  "totalCount": true,
                  "mean": true,
                  "sum": false,
                  "median": true,
                  "std": true,
                  "variance": false,
                  "skewness": false,
                  "kurtosis": false,
                  "sem": false,
                  "completeCount": true,
                  "nbEmpty": true,
                  "zeroCount": false,
                  "zeroRatio": false,
                  "nonZeroRatio": false,
                  "iqr": false,
                  "distinctCount": true,
                  "nbNonEmpty": false,
                  "min": true,
                  "max": true,
                  "range": false,
                  "mode": true
                },
                "column": {
                  "name": "duration",
                  "type": "CONTINUOUS"
                },
                "id": "rGxe173"
              },
              {
                "type": "quantile_table",
                "confidenceLevel": 0.95,
                "showConfidenceInterval": false,
                "column": {
                  "name": "duration",
                  "type": "CONTINUOUS"
                },
                "id": "bvdTSSI"
              }
            ],
            "id": "e8BmvKo"
          },
          {
            "type": "column_card",
            "column": {
              "name": "installment_rate",
              "type": "CONTINUOUS"
            },
            "cards": [
              {
                "type": "numerical_histogram",
                "showBoxPlot": true,
                "showHistogram": true,
                "binningMode": "AUTO",
                "nbBins": 25,
                "customBinningBoundaries": [],
                "column": {
                  "name": "installment_rate",
                  "type": "CONTINUOUS"
                },
                "id": "un8KUOt"
              },
              {
                "type": "cdf_plot",
                "column": {
                  "name": "installment_rate",
                  "type": "CONTINUOUS"
                },
                "id": "FIBeMlc"
              },
              {
                "type": "univariate_summary",
                "confidenceLevel": 0.95,
                "showConfidenceInterval": false,
                "compute": {
                  "totalCount": true,
                  "mean": true,
                  "sum": false,
                  "median": true,
                  "std": true,
                  "variance": false,
                  "skewness": false,
                  "kurtosis": false,
                  "sem": false,
                  "completeCount": true,
                  "nbEmpty": true,
                  "zeroCount": false,
                  "zeroRatio": false,
                  "nonZeroRatio": false,
                  "iqr": false,
                  "distinctCount": true,
                  "nbNonEmpty": false,
                  "min": true,
                  "max": true,
                  "range": false,
                  "mode": true
                },
                "column": {
                  "name": "installment_rate",
                  "type": "CONTINUOUS"
                },
                "id": "R3ezQUC"
              },
              {
                "type": "quantile_table",
                "confidenceLevel": 0.95,
                "showConfidenceInterval": false,
                "column": {
                  "name": "installment_rate",
                  "type": "CONTINUOUS"
                },
                "id": "asnidnx"
              }
            ],
            "id": "dWBR1ph"
          },
          {
            "type": "column_card",
            "column": {
              "name": "number_credits",
              "type": "CONTINUOUS"
            },
            "cards": [
              {
                "type": "numerical_histogram",
                "showBoxPlot": true,
                "showHistogram": true,
                "binningMode": "AUTO",
                "nbBins": 25,
                "customBinningBoundaries": [],
                "column": {
                  "name": "number_credits",
                  "type": "CONTINUOUS"
                },
                "id": "FON38A9"
              },
              {
                "type": "cdf_plot",
                "column": {
                  "name": "number_credits",
                  "type": "CONTINUOUS"
                },
                "id": "prsk8mL"
              },
              {
                "type": "univariate_summary",
                "confidenceLevel": 0.95,
                "showConfidenceInterval": false,
                "compute": {
                  "totalCount": true,
                  "mean": true,
                  "sum": false,
                  "median": true,
                  "std": true,
                  "variance": false,
                  "skewness": false,
                  "kurtosis": false,
                  "sem": false,
                  "completeCount": true,
                  "nbEmpty": true,
                  "zeroCount": false,
                  "zeroRatio": false,
                  "nonZeroRatio": false,
                  "iqr": false,
                  "distinctCount": true,
                  "nbNonEmpty": false,
                  "min": true,
                  "max": true,
                  "range": false,
                  "mode": true
                },
                "column": {
                  "name": "number_credits",
                  "type": "CONTINUOUS"
                },
                "id": "Bn5sBnR"
              },
              {
                "type": "quantile_table",
                "confidenceLevel": 0.95,
                "showConfidenceInterval": false,
                "column": {
                  "name": "number_credits",
                  "type": "CONTINUOUS"
                },
                "id": "5fAaoX1"
              }
            ],
            "id": "7mM68z5"
          },
          {
            "type": "column_card",
            "column": {
              "name": "people_liable",
              "type": "CONTINUOUS"
            },
            "cards": [
              {
                "type": "numerical_histogram",
                "showBoxPlot": true,
                "showHistogram": true,
                "binningMode": "AUTO",
                "nbBins": 25,
                "customBinningBoundaries": [],
                "column": {
                  "name": "people_liable",
                  "type": "CONTINUOUS"
                },
                "id": "bYjsCgb"
              },
              {
                "type": "cdf_plot",
                "column": {
                  "name": "people_liable",
                  "type": "CONTINUOUS"
                },
                "id": "dOIrlV0"
              },
              {
                "type": "univariate_summary",
                "confidenceLevel": 0.95,
                "showConfidenceInterval": false,
                "compute": {
                  "totalCount": true,
                  "mean": true,
                  "sum": false,
                  "median": true,
                  "std": true,
                  "variance": false,
                  "skewness": false,
                  "kurtosis": false,
                  "sem": false,
                  "completeCount": true,
                  "nbEmpty": true,
                  "zeroCount": false,
                  "zeroRatio": false,
                  "nonZeroRatio": false,
                  "iqr": false,
                  "distinctCount": true,
                  "nbNonEmpty": false,
                  "min": true,
                  "max": true,
                  "range": false,
                  "mode": true
                },
                "column": {
                  "name": "people_liable",
                  "type": "CONTINUOUS"
                },
                "id": "HwWPrsr"
              },
              {
                "type": "quantile_table",
                "confidenceLevel": 0.95,
                "showConfidenceInterval": false,
                "column": {
                  "name": "people_liable",
                  "type": "CONTINUOUS"
                },
                "id": "C0P6YGs"
              }
            ],
            "id": "TqdMIAr"
          },
          {
            "type": "column_card",
            "column": {
              "name": "present_residence",
              "type": "CONTINUOUS"
            },
            "cards": [
              {
                "type": "numerical_histogram",
                "showBoxPlot": true,
                "showHistogram": true,
                "binningMode": "AUTO",
                "nbBins": 25,
                "customBinningBoundaries": [],
                "column": {
                  "name": "present_residence",
                  "type": "CONTINUOUS"
                },
                "id": "QQUOFWU"
              },
              {
                "type": "cdf_plot",
                "column": {
                  "name": "present_residence",
                  "type": "CONTINUOUS"
                },
                "id": "sGtwaIp"
              },
              {
                "type": "univariate_summary",
                "confidenceLevel": 0.95,
                "showConfidenceInterval": false,
                "compute": {
                  "totalCount": true,
                  "mean": true,
                  "sum": false,
                  "median": true,
                  "std": true,
                  "variance": false,
                  "skewness": false,
                  "kurtosis": false,
                  "sem": false,
                  "completeCount": true,
                  "nbEmpty": true,
                  "zeroCount": false,
                  "zeroRatio": false,
                  "nonZeroRatio": false,
                  "iqr": false,
                  "distinctCount": true,
                  "nbNonEmpty": false,
                  "min": true,
                  "max": true,
                  "range": false,
                  "mode": true
                },
                "column": {
                  "name": "present_residence",
                  "type": "CONTINUOUS"
                },
                "id": "aolYcEF"
              },
              {
                "type": "quantile_table",
                "confidenceLevel": 0.95,
                "showConfidenceInterval": false,
                "column": {
                  "name": "present_residence",
                  "type": "CONTINUOUS"
                },
                "id": "FqaUsaG"
              }
            ],
            "id": "hAFHhmT"
          }
        ],
        "id": "emuzwls"
      },
      {
        "type": "correlation_matrix",
        "heatmapParams": {
          "showValues": true,
          "showColors": true,
          "showAbsValues": false,
          "threshold": 0.0,
          "filterVariablesWithoutValues": false
        },
        "metric": "SPEARMAN",
        "columns": [
          {
            "name": "amount",
            "type": "CONTINUOUS"
          },
          {
            "name": "age",
            "type": "CONTINUOUS"
          },
          {
            "name": "installment_rate",
            "type": "CONTINUOUS"
          },
          {
            "name": "present_residence",
            "type": "CONTINUOUS"
          },
          {
            "name": "number_credits",
            "type": "CONTINUOUS"
          },
          {
            "name": "people_liable",
            "type": "CONTINUOUS"
          },
          {
            "name": "credit_risk",
            "type": "CONTINUOUS"
          },
          {
            "name": "duration",
            "type": "CONTINUOUS"
          }
        ],
        "id": "tUgV70w"
      },
      {
        "type": "univariate_header",
        "showHistogram": true,
        "showQuantile": true,
        "showFrequencyTable": true,
        "showSummary": true,
        "showBoxPlot": true,
        "showCumulativeDistributionFunction": false,
        "xColumns": [
          {
            "name": "credit_history",
            "type": "CATEGORICAL"
          },
          {
            "name": "employment_duration",
            "type": "CATEGORICAL"
          },
          {
            "name": "installment_rate",
            "type": "CATEGORICAL"
          },
          {
            "name": "other_debtors",
            "type": "CATEGORICAL"
          },
          {
            "name": "other_installment_plans",
            "type": "CATEGORICAL"
          },
          {
            "name": "personal_status_sex",
            "type": "CATEGORICAL"
          },
          {
            "name": "present_residence",
            "type": "CATEGORICAL"
          },
          {
            "name": "property",
            "type": "CATEGORICAL"
          },
          {
            "name": "savings",
            "type": "CATEGORICAL"
          },
          {
            "name": "status",
            "type": "CATEGORICAL"
          }
        ],
        "cards": [
          {
            "type": "column_card",
            "column": {
              "name": "credit_history",
              "type": "CATEGORICAL"
            },
            "cards": [
              {
                "type": "categorical_histogram",
                "maxValues": 10,
                "groupOthers": false,
                "column": {
                  "name": "credit_history",
                  "type": "CATEGORICAL"
                },
                "id": "BdmsCbN"
              },
              {
                "type": "univariate_summary",
                "confidenceLevel": 0.95,
                "showConfidenceInterval": false,
                "compute": {
                  "totalCount": true,
                  "mean": true,
                  "sum": false,
                  "median": true,
                  "std": true,
                  "variance": false,
                  "skewness": false,
                  "kurtosis": false,
                  "sem": false,
                  "completeCount": true,
                  "nbEmpty": true,
                  "zeroCount": false,
                  "zeroRatio": false,
                  "nonZeroRatio": false,
                  "iqr": false,
                  "distinctCount": true,
                  "nbNonEmpty": false,
                  "min": true,
                  "max": true,
                  "range": false,
                  "mode": true
                },
                "column": {
                  "name": "credit_history",
                  "type": "CATEGORICAL"
                },
                "id": "paJX6zs"
              },
              {
                "type": "univariate_frequency_table",
                "maxValues": 10,
                "column": {
                  "name": "credit_history",
                  "type": "CATEGORICAL"
                },
                "id": "KhXfqV0"
              }
            ],
            "id": "TPcWWL1"
          },
          {
            "type": "column_card",
            "column": {
              "name": "employment_duration",
              "type": "CATEGORICAL"
            },
            "cards": [
              {
                "type": "categorical_histogram",
                "maxValues": 10,
                "groupOthers": false,
                "column": {
                  "name": "employment_duration",
                  "type": "CATEGORICAL"
                },
                "id": "H40YXt1"
              },
              {
                "type": "univariate_summary",
                "confidenceLevel": 0.95,
                "showConfidenceInterval": false,
                "compute": {
                  "totalCount": true,
                  "mean": true,
                  "sum": false,
                  "median": true,
                  "std": true,
                  "variance": false,
                  "skewness": false,
                  "kurtosis": false,
                  "sem": false,
                  "completeCount": true,
                  "nbEmpty": true,
                  "zeroCount": false,
                  "zeroRatio": false,
                  "nonZeroRatio": false,
                  "iqr": false,
                  "distinctCount": true,
                  "nbNonEmpty": false,
                  "min": true,
                  "max": true,
                  "range": false,
                  "mode": true
                },
                "column": {
                  "name": "employment_duration",
                  "type": "CATEGORICAL"
                },
                "id": "bO2YmEq"
              },
              {
                "type": "univariate_frequency_table",
                "maxValues": 10,
                "column": {
                  "name": "employment_duration",
                  "type": "CATEGORICAL"
                },
                "id": "bTvhubG"
              }
            ],
            "id": "LjVg0Fd"
          },
          {
            "type": "column_card",
            "column": {
              "name": "installment_rate",
              "type": "CATEGORICAL"
            },
            "cards": [
              {
                "type": "categorical_histogram",
                "maxValues": 10,
                "groupOthers": false,
                "column": {
                  "name": "installment_rate",
                  "type": "CATEGORICAL"
                },
                "id": "YppQCXC"
              },
              {
                "type": "univariate_summary",
                "confidenceLevel": 0.95,
                "showConfidenceInterval": false,
                "compute": {
                  "totalCount": true,
                  "mean": true,
                  "sum": false,
                  "median": true,
                  "std": true,
                  "variance": false,
                  "skewness": false,
                  "kurtosis": false,
                  "sem": false,
                  "completeCount": true,
                  "nbEmpty": true,
                  "zeroCount": false,
                  "zeroRatio": false,
                  "nonZeroRatio": false,
                  "iqr": false,
                  "distinctCount": true,
                  "nbNonEmpty": false,
                  "min": true,
                  "max": true,
                  "range": false,
                  "mode": true
                },
                "column": {
                  "name": "installment_rate",
                  "type": "CATEGORICAL"
                },
                "id": "CbAudHg"
              },
              {
                "type": "univariate_frequency_table",
                "maxValues": 10,
                "column": {
                  "name": "installment_rate",
                  "type": "CATEGORICAL"
                },
                "id": "faXyEIn"
              }
            ],
            "id": "2l5GFYk"
          },
          {
            "type": "column_card",
            "column": {
              "name": "other_debtors",
              "type": "CATEGORICAL"
            },
            "cards": [
              {
                "type": "categorical_histogram",
                "maxValues": 10,
                "groupOthers": false,
                "column": {
                  "name": "other_debtors",
                  "type": "CATEGORICAL"
                },
                "id": "MJ4J5FS"
              },
              {
                "type": "univariate_summary",
                "confidenceLevel": 0.95,
                "showConfidenceInterval": false,
                "compute": {
                  "totalCount": true,
                  "mean": true,
                  "sum": false,
                  "median": true,
                  "std": true,
                  "variance": false,
                  "skewness": false,
                  "kurtosis": false,
                  "sem": false,
                  "completeCount": true,
                  "nbEmpty": true,
                  "zeroCount": false,
                  "zeroRatio": false,
                  "nonZeroRatio": false,
                  "iqr": false,
                  "distinctCount": true,
                  "nbNonEmpty": false,
                  "min": true,
                  "max": true,
                  "range": false,
                  "mode": true
                },
                "column": {
                  "name": "other_debtors",
                  "type": "CATEGORICAL"
                },
                "id": "SCcEqHn"
              },
              {
                "type": "univariate_frequency_table",
                "maxValues": 10,
                "column": {
                  "name": "other_debtors",
                  "type": "CATEGORICAL"
                },
                "id": "Pls0crA"
              }
            ],
            "id": "YTe7hSA"
          },
          {
            "type": "column_card",
            "column": {
              "name": "other_installment_plans",
              "type": "CATEGORICAL"
            },
            "cards": [
              {
                "type": "categorical_histogram",
                "maxValues": 10,
                "groupOthers": false,
                "column": {
                  "name": "other_installment_plans",
                  "type": "CATEGORICAL"
                },
                "id": "IsPjTRB"
              },
              {
                "type": "univariate_summary",
                "confidenceLevel": 0.95,
                "showConfidenceInterval": false,
                "compute": {
                  "totalCount": true,
                  "mean": true,
                  "sum": false,
                  "median": true,
                  "std": true,
                  "variance": false,
                  "skewness": false,
                  "kurtosis": false,
                  "sem": false,
                  "completeCount": true,
                  "nbEmpty": true,
                  "zeroCount": false,
                  "zeroRatio": false,
                  "nonZeroRatio": false,
                  "iqr": false,
                  "distinctCount": true,
                  "nbNonEmpty": false,
                  "min": true,
                  "max": true,
                  "range": false,
                  "mode": true
                },
                "column": {
                  "name": "other_installment_plans",
                  "type": "CATEGORICAL"
                },
                "id": "WhZXPR3"
              },
              {
                "type": "univariate_frequency_table",
                "maxValues": 10,
                "column": {
                  "name": "other_installment_plans",
                  "type": "CATEGORICAL"
                },
                "id": "CeqMYLN"
              }
            ],
            "id": "VgYmj37"
          },
          {
            "type": "column_card",
            "column": {
              "name": "personal_status_sex",
              "type": "CATEGORICAL"
            },
            "cards": [
              {
                "type": "categorical_histogram",
                "maxValues": 10,
                "groupOthers": false,
                "column": {
                  "name": "personal_status_sex",
                  "type": "CATEGORICAL"
                },
                "id": "FOry3dh"
              },
              {
                "type": "univariate_summary",
                "confidenceLevel": 0.95,
                "showConfidenceInterval": false,
                "compute": {
                  "totalCount": true,
                  "mean": true,
                  "sum": false,
                  "median": true,
                  "std": true,
                  "variance": false,
                  "skewness": false,
                  "kurtosis": false,
                  "sem": false,
                  "completeCount": true,
                  "nbEmpty": true,
                  "zeroCount": false,
                  "zeroRatio": false,
                  "nonZeroRatio": false,
                  "iqr": false,
                  "distinctCount": true,
                  "nbNonEmpty": false,
                  "min": true,
                  "max": true,
                  "range": false,
                  "mode": true
                },
                "column": {
                  "name": "personal_status_sex",
                  "type": "CATEGORICAL"
                },
                "id": "UYd9CLc"
              },
              {
                "type": "univariate_frequency_table",
                "maxValues": 10,
                "column": {
                  "name": "personal_status_sex",
                  "type": "CATEGORICAL"
                },
                "id": "J75zBDw"
              }
            ],
            "id": "q5xEuQu"
          },
          {
            "type": "column_card",
            "column": {
              "name": "present_residence",
              "type": "CATEGORICAL"
            },
            "cards": [
              {
                "type": "categorical_histogram",
                "maxValues": 10,
                "groupOthers": false,
                "column": {
                  "name": "present_residence",
                  "type": "CATEGORICAL"
                },
                "id": "lwOdVVc"
              },
              {
                "type": "univariate_summary",
                "confidenceLevel": 0.95,
                "showConfidenceInterval": false,
                "compute": {
                  "totalCount": true,
                  "mean": true,
                  "sum": false,
                  "median": true,
                  "std": true,
                  "variance": false,
                  "skewness": false,
                  "kurtosis": false,
                  "sem": false,
                  "completeCount": true,
                  "nbEmpty": true,
                  "zeroCount": false,
                  "zeroRatio": false,
                  "nonZeroRatio": false,
                  "iqr": false,
                  "distinctCount": true,
                  "nbNonEmpty": false,
                  "min": true,
                  "max": true,
                  "range": false,
                  "mode": true
                },
                "column": {
                  "name": "present_residence",
                  "type": "CATEGORICAL"
                },
                "id": "ChOuyF5"
              },
              {
                "type": "univariate_frequency_table",
                "maxValues": 10,
                "column": {
                  "name": "present_residence",
                  "type": "CATEGORICAL"
                },
                "id": "2hHYkMv"
              }
            ],
            "id": "LCvN2bU"
          },
          {
            "type": "column_card",
            "column": {
              "name": "property",
              "type": "CATEGORICAL"
            },
            "cards": [
              {
                "type": "categorical_histogram",
                "maxValues": 10,
                "groupOthers": false,
                "column": {
                  "name": "property",
                  "type": "CATEGORICAL"
                },
                "id": "xzuBJNA"
              },
              {
                "type": "univariate_summary",
                "confidenceLevel": 0.95,
                "showConfidenceInterval": false,
                "compute": {
                  "totalCount": true,
                  "mean": true,
                  "sum": false,
                  "median": true,
                  "std": true,
                  "variance": false,
                  "skewness": false,
                  "kurtosis": false,
                  "sem": false,
                  "completeCount": true,
                  "nbEmpty": true,
                  "zeroCount": false,
                  "zeroRatio": false,
                  "nonZeroRatio": false,
                  "iqr": false,
                  "distinctCount": true,
                  "nbNonEmpty": false,
                  "min": true,
                  "max": true,
                  "range": false,
                  "mode": true
                },
                "column": {
                  "name": "property",
                  "type": "CATEGORICAL"
                },
                "id": "9hBhoU9"
              },
              {
                "type": "univariate_frequency_table",
                "maxValues": 10,
                "column": {
                  "name": "property",
                  "type": "CATEGORICAL"
                },
                "id": "T2D9q6W"
              }
            ],
            "id": "vzSe7f3"
          },
          {
            "type": "column_card",
            "column": {
              "name": "savings",
              "type": "CATEGORICAL"
            },
            "cards": [
              {
                "type": "categorical_histogram",
                "maxValues": 10,
                "groupOthers": false,
                "column": {
                  "name": "savings",
                  "type": "CATEGORICAL"
                },
                "id": "iRFjrfT"
              },
              {
                "type": "univariate_summary",
                "confidenceLevel": 0.95,
                "showConfidenceInterval": false,
                "compute": {
                  "totalCount": true,
                  "mean": true,
                  "sum": false,
                  "median": true,
                  "std": true,
                  "variance": false,
                  "skewness": false,
                  "kurtosis": false,
                  "sem": false,
                  "completeCount": true,
                  "nbEmpty": true,
                  "zeroCount": false,
                  "zeroRatio": false,
                  "nonZeroRatio": false,
                  "iqr": false,
                  "distinctCount": true,
                  "nbNonEmpty": false,
                  "min": true,
                  "max": true,
                  "range": false,
                  "mode": true
                },
                "column": {
                  "name": "savings",
                  "type": "CATEGORICAL"
                },
                "id": "YzWJAQQ"
              },
              {
                "type": "univariate_frequency_table",
                "maxValues": 10,
                "column": {
                  "name": "savings",
                  "type": "CATEGORICAL"
                },
                "id": "fdHFerQ"
              }
            ],
            "id": "jF21zRI"
          },
          {
            "type": "column_card",
            "column": {
              "name": "status",
              "type": "CATEGORICAL"
            },
            "cards": [
              {
                "type": "categorical_histogram",
                "maxValues": 10,
                "groupOthers": false,
                "column": {
                  "name": "status",
                  "type": "CATEGORICAL"
                },
                "id": "JJouHH5"
              },
              {
                "type": "univariate_summary",
                "confidenceLevel": 0.95,
                "showConfidenceInterval": false,
                "compute": {
                  "totalCount": true,
                  "mean": true,
                  "sum": false,
                  "median": true,
                  "std": true,
                  "variance": false,
                  "skewness": false,
                  "kurtosis": false,
                  "sem": false,
                  "completeCount": true,
                  "nbEmpty": true,
                  "zeroCount": false,
                  "zeroRatio": false,
                  "nonZeroRatio": false,
                  "iqr": false,
                  "distinctCount": true,
                  "nbNonEmpty": false,
                  "min": true,
                  "max": true,
                  "range": false,
                  "mode": true
                },
                "column": {
                  "name": "status",
                  "type": "CATEGORICAL"
                },
                "id": "dbop7sI"
              },
              {
                "type": "univariate_frequency_table",
                "maxValues": 10,
                "column": {
                  "name": "status",
                  "type": "CATEGORICAL"
                },
                "id": "8BhWDHx"
              }
            ],
            "id": "K9cOruF"
          }
        ],
        "id": "5MNcxd3"
      }
    ],
    "id": "cZ8PO91"
  },
  "name": "Worksheet",
  "creationTag": {
    "versionNumber": 0,
    "lastModifiedBy": {
      "login": "gigibot208@nrlord.com"
    },
    "lastModifiedOn": 1761373908924
  },
  "tags": [],
  "customFields": {},
  "checklists": {
    "checklists": []
  }
}