{
    "resolved": {
        "algorithm": "XGBOOST_CLASSIFICATION",
        "skipExpensiveReports": false,
        "xgboost": {
            "max_depth": 3,
            "learning_rate": 0.2,
            "n_estimators": 11,
            "nthread": 4,
            "gamma": 0.0,
            "min_child_weight": 1.0,
            "max_delta_step": 0.0,
            "subsample": 1.0,
            "colsample_bytree": 1.0,
            "colsample_bylevel": 1.0,
            "alpha": 0.0,
            "lambda": 1.0,
            "seed": 1337,
            "impute_missing": false,
            "missing": null,
            "base_score": 0.5,
            "scale_pos_weight": 1.0,
            "enable_early_stopping": false,
            "early_stopping_rounds": null,
            "booster": "gbtree",
            "objective": "binary_logistic"
        }
    },
    "other": {}
}