{
    "perClassFacts": {
        "unique": {
            "status": {
                "impact": 0.601076289128484,
                "rank": 1,
                "feature": "status",
                "positiveCategoricalValue": "no checking account",
                "negativeCategoricalValue": "... < 100 DM",
                "infoGain": 0.6640641265641081,
                "type": "CATEGORICAL"
            },
            "savings": {
                "impact": 0.0891359633675341,
                "rank": 6,
                "feature": "savings",
                "positiveCategoricalValue": "unknown/no savings account",
                "negativeCategoricalValue": "... < 100 DM",
                "infoGain": 0.6410354778811556,
                "type": "CATEGORICAL"
            },
            "housing": {
                "impact": 0.08005568947176331,
                "rank": 9,
                "feature": "housing",
                "positiveCategoricalValue": "own",
                "negativeCategoricalValue": "rent",
                "infoGain": 0.5287124151019371,
                "type": "CATEGORICAL"
            },
            "present_residence": {
                "impact": 0.0027819524100823056,
                "rank": 15,
                "feature": "present_residence",
                "correlation": -0.7479874878678926,
                "type": "NUMERICAL"
            }
        }
    }
}