{
    "absoluteImportance": {
        "status": 0.6010762891284837,
        "savings": 0.08913596336753407,
        "employment_duration": 0.07287629359919105,
        "other_installment_plans": 0.08299655981368502,
        "purpose": 0.09241079436635516,
        "housing": 0.08005568947176335,
        "duration": 0.11350509119304152,
        "other_debtors": 0.012039646177745078,
        "log_amount": 0.20273043428756057,
        "installment_rate": 0.022820230705067873,
        "payment_intensity": 0.14042497807408488,
        "management/self-employed/highly qualified employee/officer": 0.020679527841887764,
        "skilled employee/official": 0.015162403656173823,
        "age": 0.08290605759176133,
        "present_residence": 0.002781952410082304,
        "gender_bin": 0.0,
        "number_credits": 0.0,
        "unemployed/unskilled - non-resident": 0.0,
        "people_liable": 0.0,
        "amount": 0.0
    }
}