[
    {
        "test_score_gib": 0.8115405454217085,
        "train_score": 0.8399149659863946,
        "test_score": 0.8115405454217085,
        "num_samples": 162,
        "fit_time": 179,
        "score_time": 97,
        "time": 276,
        "parameters": {
            "booster": "gbtree",
            "colsample_bylevel": 1.0,
            "colsample_bytree": 1.0,
            "gamma": 0.0,
            "learning_rate": 0.2,
            "max_delta_step": 0.0,
            "max_depth": 3,
            "min_child_weight": 1.0,
            "reg_alpha": 0.0,
            "reg_lambda": 1.0,
            "subsample": 1.0
        },
        "done_at": 1761374562051,
        "split_id": 0,
        "best_iteration": 5
    },
    {
        "test_score_gib": 0.7839082535669135,
        "train_score": 0.9190873015873016,
        "test_score": 0.7839082535669135,
        "num_samples": 162,
        "fit_time": 620,
        "score_time": 9,
        "time": 629,
        "parameters": {
            "booster": "gbtree",
            "colsample_bylevel": 1.0,
            "colsample_bytree": 1.0,
            "gamma": 0.0,
            "learning_rate": 0.2,
            "max_delta_step": 0.0,
            "max_depth": 3,
            "min_child_weight": 1.0,
            "reg_alpha": 0.0,
            "reg_lambda": 1.0,
            "subsample": 1.0
        },
        "done_at": 1761374562410,
        "split_id": 1,
        "best_iteration": 22
    },
    {
        "test_score_gib": 0.7147372223225573,
        "train_score": 0.8587755102040815,
        "test_score": 0.7147372223225573,
        "num_samples": 162,
        "fit_time": 360,
        "score_time": 49,
        "time": 409,
        "parameters": {
            "booster": "gbtree",
            "colsample_bylevel": 1.0,
            "colsample_bytree": 1.0,
            "gamma": 0.0,
            "learning_rate": 0.2,
            "max_delta_step": 0.0,
            "max_depth": 3,
            "min_child_weight": 1.0,
            "reg_alpha": 0.0,
            "reg_lambda": 1.0,
            "subsample": 1.0
        },
        "done_at": 1761374562200,
        "split_id": 2,
        "best_iteration": 6
    },
    {
        "test_score_gib": 0.7975583090379009,
        "train_score": 0.896562061631748,
        "test_score": 0.7975583090379009,
        "num_samples": 161,
        "fit_time": 557,
        "score_time": 45,
        "time": 602,
        "parameters": {
            "booster": "gbtree",
            "colsample_bylevel": 1.0,
            "colsample_bytree": 1.0,
            "gamma": 0.0,
            "learning_rate": 0.2,
            "max_delta_step": 0.0,
            "max_depth": 3,
            "min_child_weight": 1.0,
            "reg_alpha": 0.0,
            "reg_lambda": 1.0,
            "subsample": 1.0
        },
        "done_at": 1761374562401,
        "split_id": 3,
        "best_iteration": 15
    },
    {
        "test_score_gib": 0.7870809037900874,
        "train_score": 0.8769118512149872,
        "test_score": 0.7870809037900874,
        "num_samples": 161,
        "fit_time": 245,
        "score_time": 97,
        "time": 342,
        "parameters": {
            "booster": "gbtree",
            "colsample_bylevel": 1.0,
            "colsample_bytree": 1.0,
            "gamma": 0.0,
            "learning_rate": 0.2,
            "max_delta_step": 0.0,
            "max_depth": 3,
            "min_child_weight": 1.0,
            "reg_alpha": 0.0,
            "reg_lambda": 1.0,
            "subsample": 1.0
        },
        "done_at": 1761374562397,
        "split_id": 4,
        "best_iteration": 10
    }
]