{
    "startedAt": 1761374561738,
    "gridSize": 1,
    "nThreads": 4,
    "nSplits": 5,
    "metric": "ROC_AUC",
    "timeout": null,
    "gridPoints": [
        {
            "finishedAt": 1761374562410,
            "score": 0.7789319909872736,
            "testScoreGibMean": 0.7789319909872736,
            "testScoreMean": 0.7789319909872736,
            "testScoreStd": 0.033567105418864644,
            "trainScoreMean": 0.8782293316439659,
            "trainScoreStd": 0.02778880511838419,
            "time": 2258,
            "fitTimeMean": 392.2,
            "fitTimeStd": 171.5871790082231,
            "scoreTimeMean": 59.4,
            "scoreTimeStd": 33.71409200912876,
            "parameters": {
                "booster": "gbtree",
                "colsample_bylevel": 1.0,
                "colsample_bytree": 1.0,
                "gamma": 0.0,
                "learning_rate": 0.2,
                "max_delta_step": 0.0,
                "max_depth": 3,
                "min_child_weight": 1.0,
                "reg_alpha": 0.0,
                "reg_lambda": 1.0,
                "subsample": 1.0,
                "n_estimators": 11
            }
        }
    ]
}