{
    "modelInputNRows": 808,
    "modelInputNCols": 69,
    "modelInputIsSparse": true,
    "modelInputMemory": 226244,
    "usedGridSearch": true,
    "gridSize": 1,
    "gridBestScore": 0.7789319909872736,
    "gridCells": [
        {
            "params": {
                "booster": "gbtree",
                "colsample_bylevel": 1.0,
                "colsample_bytree": 1.0,
                "gamma": 0.0,
                "learning_rate": 0.2,
                "max_delta_step": 0.0,
                "max_depth": 3,
                "min_child_weight": 1.0,
                "reg_alpha": 0.0,
                "reg_lambda": 1.0,
                "subsample": 1.0,
                "n_estimators": 11
            },
            "score": 0.7789319909872736,
            "scoreStd": 0.033567105418864644,
            "fitTime": 0.3922,
            "fitTimeStd": 0.1715871790082231,
            "scoreTime": 0.0594,
            "scoreTimeStd": 0.03371409200912876
        }
    ],
    "rawImportance": {
        "variables": [
            "installment_rate",
            "duration",
            "management/self-employed/highly qualified employee/officer",
            "log_amount",
            "skilled employee/official",
            "payment_intensity",
            "present_residence",
            "age",
            "dummy:purpose:car (new)",
            "dummy:purpose:car (used)",
            "dummy:housing:own",
            "dummy:housing:for free",
            "dummy:other_debtors:none",
            "dummy:other_debtors:guarantor",
            "dummy:savings:... < 100 DM",
            "dummy:savings:unknown/no savings account",
            "dummy:other_installment_plans:none",
            "dummy:other_installment_plans:bank",
            "dummy:employment_duration:4 <= ... < 7 years",
            "dummy:employment_duration:unemployed",
            "dummy:status:no checking account",
            "dummy:status:... < 100 DM"
        ],
        "importances": [
            0.0430980883538723,
            0.05644436180591583,
            0.029433628544211388,
            0.0501524843275547,
            0.028291692957282066,
            0.03434378653764725,
            0.015113155357539654,
            0.024561502039432526,
            0.032498475164175034,
            0.04080219939351082,
            0.03721746429800987,
            0.031830303370952606,
            0.020632626488804817,
            0.03349664807319641,
            0.053903426975011826,
            0.03781278431415558,
            0.04362424090504646,
            0.03180847316980362,
            0.03625095263123512,
            0.04237326234579086,
            0.24483835697174072,
            0.031472135335206985
        ]
    },
    "probaAware": true
}