{
    "metrics": {},
    "processed_feature_names": [
        "gender_bin",
        "installment_rate",
        "duration",
        "management/self-employed/highly qualified employee/officer",
        "number_credits",
        "unemployed/unskilled - non-resident",
        "log_amount",
        "skilled employee/official",
        "people_liable",
        "payment_intensity",
        "amount",
        "unskilled - resident",
        "present_residence",
        "age",
        "dummy:purpose:domestic appliances",
        "dummy:purpose:car (new)",
        "dummy:purpose:radio/television",
        "dummy:purpose:car (used)",
        "dummy:purpose:others",
        "dummy:purpose:retraining",
        "dummy:purpose:education",
        "dummy:purpose:repairs",
        "dummy:purpose:furniture/equipment",
        "dummy:purpose:business",
        "dummy:purpose:N/A",
        "dummy:purpose:__Others__",
        "dummy:housing:own",
        "dummy:housing:rent",
        "dummy:housing:for free",
        "dummy:housing:N/A",
        "dummy:housing:__Others__",
        "dummy:other_debtors:none",
        "dummy:other_debtors:guarantor",
        "dummy:other_debtors:co-applicant",
        "dummy:other_debtors:N/A",
        "dummy:other_debtors:__Others__",
        "dummy:savings:... < 100 DM",
        "dummy:savings:unknown/no savings account",
        "dummy:savings:100 <= ... < 500 DM",
        "dummy:savings:500 <= ... < 1000 DM",
        "dummy:savings:... >= 1000 DM",
        "dummy:savings:N/A",
        "dummy:savings:__Others__",
        "dummy:other_installment_plans:none",
        "dummy:other_installment_plans:bank",
        "dummy:other_installment_plans:stores",
        "dummy:other_installment_plans:N/A",
        "dummy:other_installment_plans:__Others__",
        "dummy:telephone:no",
        "dummy:telephone:yes",
        "dummy:telephone:N/A",
        "dummy:telephone:__Others__",
        "dummy:foreign_worker:yes",
        "dummy:foreign_worker:no",
        "dummy:foreign_worker:N/A",
        "dummy:foreign_worker:__Others__",
        "dummy:employment_duration:1 <= ... < 4 years",
        "dummy:employment_duration:... >= 7 years",
        "dummy:employment_duration:4 <= ... < 7 years",
        "dummy:employment_duration:... < 1 year",
        "dummy:employment_duration:unemployed",
        "dummy:employment_duration:N/A",
        "dummy:employment_duration:__Others__",
        "dummy:status:no checking account",
        "dummy:status:0 <= ... < 200 DM",
        "dummy:status:... < 100 DM",
        "dummy:status:... >= 200 DM / salary for at least 1 year",
        "dummy:status:N/A",
        "dummy:status:__Others__"
    ],
    "optimalThreshold": 0.275,
    "usedThreshold": 0.275,
    "perCutData": {
        "cut": [
            0.0,
            0.025,
            0.05,
            0.075,
            0.1,
            0.125,
            0.15,
            0.175,
            0.2,
            0.225,
            0.25,
            0.275,
            0.3,
            0.325,
            0.35,
            0.375,
            0.4,
            0.425,
            0.45,
            0.475,
            0.5,
            0.525,
            0.55,
            0.575,
            0.6,
            0.625,
            0.65,
            0.675,
            0.7,
            0.725,
            0.75,
            0.775,
            0.8,
            0.825,
            0.85,
            0.875,
            0.9,
            0.925,
            0.95,
            0.975
        ],
        "tp": [
            137,
            137,
            137,
            137,
            137,
            137,
            137,
            137,
            137,
            136,
            134,
            133,
            125,
            123,
            118,
            111,
            109,
            102,
            95,
            87,
            83,
            79,
            73,
            69,
            68,
            62,
            59,
            55,
            46,
            37,
            31,
            26,
            16,
            10,
            7,
            0,
            0,
            0,
            0,
            0
        ],
        "tn": [
            0,
            0,
            0,
            0,
            0,
            0,
            0,
            1,
            2,
            4,
            9,
            16,
            25,
            28,
            29,
            34,
            36,
            36,
            39,
            42,
            43,
            47,
            47,
            48,
            49,
            50,
            50,
            52,
            52,
            53,
            55,
            55,
            55,
            55,
            55,
            55,
            55,
            55,
            55,
            55
        ],
        "fp": [
            55,
            55,
            55,
            55,
            55,
            55,
            55,
            54,
            53,
            51,
            46,
            39,
            30,
            27,
            26,
            21,
            19,
            19,
            16,
            13,
            12,
            8,
            8,
            7,
            6,
            5,
            5,
            3,
            3,
            2,
            0,
            0,
            0,
            0,
            0,
            0,
            0,
            0,
            0,
            0
        ],
        "fn": [
            0,
            0,
            0,
            0,
            0,
            0,
            0,
            0,
            0,
            1,
            3,
            4,
            12,
            14,
            19,
            26,
            28,
            35,
            42,
            50,
            54,
            58,
            64,
            68,
            69,
            75,
            78,
            82,
            91,
            100,
            106,
            111,
            121,
            127,
            130,
            137,
            137,
            137,
            137,
            137
        ],
        "precision": [
            0.7135416666666666,
            0.7135416666666666,
            0.7135416666666666,
            0.7135416666666666,
            0.7135416666666666,
            0.7135416666666666,
            0.7135416666666666,
            0.7172774869109948,
            0.7210526315789474,
            0.7272727272727273,
            0.7444444444444445,
            0.7732558139534884,
            0.8064516129032258,
            0.82,
            0.8194444444444444,
            0.8409090909090909,
            0.8515625,
            0.8429752066115702,
            0.8558558558558559,
            0.87,
            0.8736842105263158,
            0.9080459770114943,
            0.9012345679012346,
            0.9078947368421053,
            0.918918918918919,
            0.9253731343283582,
            0.921875,
            0.9482758620689655,
            0.9387755102040817,
            0.9487179487179487,
            1.0,
            1.0,
            1.0,
            1.0,
            1.0,
            0.0,
            0.0,
            0.0,
            0.0,
            0.0
        ],
        "recall": [
            1.0,
            1.0,
            1.0,
            1.0,
            1.0,
            1.0,
            1.0,
            1.0,
            1.0,
            0.9927007299270073,
            0.9781021897810219,
            0.9708029197080292,
            0.9124087591240876,
            0.8978102189781022,
            0.8613138686131386,
            0.8102189781021898,
            0.7956204379562044,
            0.7445255474452555,
            0.6934306569343066,
            0.635036496350365,
            0.6058394160583942,
            0.5766423357664233,
            0.5328467153284672,
            0.5036496350364964,
            0.49635036496350365,
            0.45255474452554745,
            0.4306569343065693,
            0.40145985401459855,
            0.3357664233576642,
            0.27007299270072993,
            0.22627737226277372,
            0.1897810218978102,
            0.11678832116788321,
            0.072992700729927,
            0.051094890510948905,
            0.0,
            0.0,
            0.0,
            0.0,
            0.0
        ],
        "accuracy": [
            0.7135416666666666,
            0.7135416666666666,
            0.7135416666666666,
            0.7135416666666666,
            0.7135416666666666,
            0.7135416666666666,
            0.7135416666666666,
            0.71875,
            0.7239583333333334,
            0.7291666666666666,
            0.7447916666666666,
            0.7760416666666666,
            0.78125,
            0.7864583333333334,
            0.765625,
            0.7552083333333334,
            0.7552083333333334,
            0.71875,
            0.6979166666666666,
            0.671875,
            0.65625,
            0.65625,
            0.625,
            0.609375,
            0.609375,
            0.5833333333333334,
            0.5677083333333334,
            0.5572916666666666,
            0.5104166666666666,
            0.46875,
            0.4479166666666667,
            0.421875,
            0.3697916666666667,
            0.3385416666666667,
            0.3229166666666667,
            0.2864583333333333,
            0.2864583333333333,
            0.2864583333333333,
            0.2864583333333333,
            0.2864583333333333
        ],
        "f1": [
            0.8328267477203648,
            0.8328267477203648,
            0.8328267477203648,
            0.8328267477203648,
            0.8328267477203648,
            0.8328267477203648,
            0.8328267477203648,
            0.8353658536585367,
            0.8379204892966361,
            0.8395061728395062,
            0.8454258675078865,
            0.8608414239482202,
            0.8561643835616439,
            0.8571428571428571,
            0.8398576512455516,
            0.825278810408922,
            0.8226415094339622,
            0.7906976744186046,
            0.7661290322580645,
            0.7341772151898734,
            0.7155172413793103,
            0.7053571428571428,
            0.6697247706422018,
            0.647887323943662,
            0.6445497630331755,
            0.6078431372549019,
            0.5870646766169153,
            0.5641025641025641,
            0.49462365591397844,
            0.42045454545454547,
            0.369047619047619,
            0.31901840490797545,
            0.2091503267973856,
            0.1360544217687075,
            0.09722222222222222,
            0.0,
            0.0,
            0.0,
            0.0,
            0.0
        ],
        "mcc": [
            0.0,
            0.0,
            0.0,
            0.0,
            0.0,
            0.0,
            0.0,
            0.11419898796805152,
            0.16192620446913433,
            0.18573745287240662,
            0.26472974955757883,
            0.3873343925701941,
            0.4206169754885069,
            0.4450002423148241,
            0.40572108602597423,
            0.4178585635014704,
            0.4317369741682639,
            0.3737403089437889,
            0.36849091346165036,
            0.36079822004407247,
            0.35054377468502607,
            0.39161003059378213,
            0.35464061206546565,
            0.34795958758697665,
            0.3597383975057034,
            0.3430302899649158,
            0.32583922578736896,
            0.34158403073483234,
            0.2916240047419378,
            0.26262720317610194,
            0.2780282781369634,
            0.2507573612942407,
            0.19104017997521755,
            0.14852014589632564,
            0.12324923064508934,
            0.0,
            0.0,
            0.0,
            0.0,
            0.0
        ],
        "hammingLoss": [
            0.28645833333333337,
            0.28645833333333337,
            0.28645833333333337,
            0.28645833333333337,
            0.28645833333333337,
            0.28645833333333337,
            0.28645833333333337,
            0.28125,
            0.27604166666666663,
            0.27083333333333337,
            0.25520833333333337,
            0.22395833333333337,
            0.21875,
            0.21354166666666663,
            0.234375,
            0.24479166666666663,
            0.24479166666666663,
            0.28125,
            0.30208333333333337,
            0.328125,
            0.34375,
            0.34375,
            0.375,
            0.390625,
            0.390625,
            0.41666666666666663,
            0.43229166666666663,
            0.44270833333333337,
            0.48958333333333337,
            0.53125,
            0.5520833333333333,
            0.578125,
            0.6302083333333333,
            0.6614583333333333,
            0.6770833333333333,
            0.7135416666666667,
            0.7135416666666667,
            0.7135416666666667,
            0.7135416666666667,
            0.7135416666666667
        ],
        "assertionsMetrics": [],
        "overridesMetrics": []
    },
    "tiMetrics": {
        "auc": 0.7983410749834108,
        "logLoss": 0.5819368592525423,
        "lift": 1.2723780253553594,
        "averagePrecision": 0.90600996275985,
        "calibrationLoss": 0.19896982392917076
    },
    "probaPercentiles": [
        0.206393491178751,
        0.21533368945121764,
        0.22816210776567458,
        0.2329254674911499,
        0.2370085135102272,
        0.24402757823467253,
        0.25543855488300327,
        0.2599233567714691,
        0.2681688413023949,
        0.2731614977121353,
        0.27697634816169736,
        0.2771241545677185,
        0.27755871415138245,
        0.27917529582977296,
        0.2826087012887001,
        0.2879400074481964,
        0.2917925110459328,
        0.2954300343990326,
        0.29870551884174346,
        0.3126184165477753,
        0.3180042269825935,
        0.32783367693424226,
        0.33967253923416135,
        0.34226539134979245,
        0.34943002462387085,
        0.3583713334798813,
        0.36551438122987745,
        0.37044261932373046,
        0.37462779849767686,
        0.3746558129787445,
        0.3764568769931793,
        0.38278894782066347,
        0.38838500261306763,
        0.40128658413887025,
        0.4074777141213417,
        0.41433001995086666,
        0.42652856051921845,
        0.43100266098976137,
        0.43812975734472276,
        0.4407413244247437,
        0.4476364552974701,
        0.4497500973939896,
        0.4502992331981659,
        0.4583129906654358,
        0.4630560055375099,
        0.4697456955909729,
        0.4697456955909729,
        0.47585540175437924,
        0.4810710847377777,
        0.4832096993923187,
        0.5054038894176484,
        0.5071735191345215,
        0.508687157034874,
        0.5140869510173798,
        0.5274269253015519,
        0.5309970736503601,
        0.537993556857109,
        0.5541282427310942,
        0.5591000914573669,
        0.5680340051651,
        0.5913364952802657,
        0.6050820064544677,
        0.6096034014225006,
        0.6157345485687256,
        0.6193886041641236,
        0.6311597490310669,
        0.6534175062179567,
        0.6670088791847228,
        0.6699697971343994,
        0.6763380587100981,
        0.6819965368509292,
        0.6842422342300415,
        0.6853791099786759,
        0.6990207326412201,
        0.7021705210208893,
        0.7059714794158936,
        0.7060308641195298,
        0.7068198323249817,
        0.7187280917167664,
        0.7250600814819337,
        0.7261587977409363,
        0.7358670926094055,
        0.7470761477947235,
        0.7520557403564453,
        0.7562617182731628,
        0.7648229432106017,
        0.7800921440124512,
        0.7817131876945496,
        0.7832246339321136,
        0.795611983537674,
        0.7981867790222168,
        0.7997062826156616,
        0.8103199934959411,
        0.8196504831314086,
        0.8238146185874938,
        0.836162133216858,
        0.8514621490240096,
        0.8534643650054932,
        0.8623001301288605
    ],
    "rocVizData": [
        [
            {
                "x": 0.0,
                "y": 0.0,
                "p": 1.8691105246543884
            },
            {
                "x": 0.0,
                "y": 0.072992700729927,
                "p": 0.827824056148529
            },
            {
                "x": 0.0,
                "y": 0.1386861313868613,
                "p": 0.7981867790222168
            },
            {
                "x": 0.0,
                "y": 0.22627737226277372,
                "p": 0.7546823024749756
            },
            {
                "x": 0.03636363636363636,
                "y": 0.24817518248175183,
                "p": 0.7348132133483887
            },
            {
                "x": 0.05454545454545454,
                "y": 0.29927007299270075,
                "p": 0.7068198323249817
            },
            {
                "x": 0.05454545454545454,
                "y": 0.35766423357664234,
                "p": 0.6867197155952454
            },
            {
                "x": 0.07272727272727272,
                "y": 0.41605839416058393,
                "p": 0.6699697971343994
            },
            {
                "x": 0.09090909090909091,
                "y": 0.45985401459854014,
                "p": 0.6180799007415771
            },
            {
                "x": 0.10909090909090909,
                "y": 0.49635036496350365,
                "p": 0.6031292080879211
            },
            {
                "x": 0.14545454545454545,
                "y": 0.5255474452554745,
                "p": 0.5591000914573669
            },
            {
                "x": 0.14545454545454545,
                "y": 0.5766423357664233,
                "p": 0.5272835493087769
            },
            {
                "x": 0.21818181818181817,
                "y": 0.583941605839416,
                "p": 0.5077125430107117
            },
            {
                "x": 0.23636363636363636,
                "y": 0.6277372262773723,
                "p": 0.4810710847377777
            },
            {
                "x": 0.2545454545454545,
                "y": 0.6642335766423357,
                "p": 0.4697456955909729
            },
            {
                "x": 0.2909090909090909,
                "y": 0.6934306569343066,
                "p": 0.4502992331981659
            },
            {
                "x": 0.3090909090909091,
                "y": 0.7445255474452555,
                "p": 0.4315071702003479
            },
            {
                "x": 0.34545454545454546,
                "y": 0.8029197080291971,
                "p": 0.38800665736198425
            },
            {
                "x": 0.41818181818181815,
                "y": 0.8248175182481752,
                "p": 0.3746558129787445
            },
            {
                "x": 0.45454545454545453,
                "y": 0.8613138686131386,
                "p": 0.35707375407218933
            },
            {
                "x": 0.4909090909090909,
                "y": 0.8759124087591241,
                "p": 0.3408604860305786
            },
            {
                "x": 0.5454545454545454,
                "y": 0.9051094890510949,
                "p": 0.31162717938423157
            },
            {
                "x": 0.6181818181818182,
                "y": 0.9343065693430657,
                "p": 0.28498199582099915
            },
            {
                "x": 0.6545454545454545,
                "y": 0.9635036496350365,
                "p": 0.27755871415138245
            },
            {
                "x": 0.8,
                "y": 0.9708029197080292,
                "p": 0.25971561670303345
            },
            {
                "x": 0.8363636363636363,
                "y": 0.9854014598540146,
                "p": 0.2388017773628235
            },
            {
                "x": 0.8909090909090909,
                "y": 0.9854014598540146,
                "p": 0.23414570093154907
            },
            {
                "x": 0.9272727272727272,
                "y": 1.0,
                "p": 0.21566039323806763
            },
            {
                "x": 1.0,
                "y": 1.0,
                "p": 0.17225126922130585
            }
        ]
    ],
    "liftVizData": {
        "bins": [
            {
                "bin_pos_prop": 1.0,
                "bin_lift": 1.401459854,
                "cum_lift": 0.1459854015,
                "cum_size": 0.1041666667,
                "bin_min": 0.7956119835,
                "bin_max": 0.8691105247,
                "percentile_idx": 0
            },
            {
                "bin_pos_prop": 0.8947368421,
                "bin_lift": 1.2539377641,
                "cum_lift": 0.2700729927,
                "cum_size": 0.203125,
                "bin_min": 0.7250600815,
                "bin_max": 0.7956119835,
                "percentile_idx": 1
            },
            {
                "bin_pos_prop": 0.9473684211,
                "bin_lift": 1.3276988091,
                "cum_lift": 0.401459854,
                "cum_size": 0.3020833333,
                "bin_min": 0.6763380587,
                "bin_max": 0.7250600815,
                "percentile_idx": 2
            },
            {
                "bin_pos_prop": 0.7894736842,
                "bin_lift": 1.1064156742,
                "cum_lift": 0.5109489051,
                "cum_size": 0.4010416667,
                "bin_min": 0.5680340052,
                "bin_max": 0.6763380587,
                "percentile_idx": 3
            },
            {
                "bin_pos_prop": 0.7368421053,
                "bin_lift": 1.0326546293,
                "cum_lift": 0.6131386861,
                "cum_size": 0.5,
                "bin_min": 0.4832096994,
                "bin_max": 0.5680340052,
                "percentile_idx": 4
            },
            {
                "bin_pos_prop": 0.7894736842,
                "bin_lift": 1.1064156742,
                "cum_lift": 0.7226277372,
                "cum_size": 0.5989583333,
                "bin_min": 0.4407413244,
                "bin_max": 0.4832096994,
                "percentile_idx": 5
            },
            {
                "bin_pos_prop": 0.7222222222,
                "bin_lift": 1.0121654501,
                "cum_lift": 0.8175182482,
                "cum_size": 0.6927083333,
                "bin_min": 0.374655813,
                "bin_max": 0.4407413244,
                "percentile_idx": 6
            },
            {
                "bin_pos_prop": 0.6,
                "bin_lift": 0.8408759124,
                "cum_lift": 0.9051094891,
                "cum_size": 0.796875,
                "bin_min": 0.3126184165,
                "bin_max": 0.374655813,
                "percentile_idx": 7
            },
            {
                "bin_pos_prop": 0.4736842105,
                "bin_lift": 0.6638494045,
                "cum_lift": 0.9708029197,
                "cum_size": 0.8958333333,
                "bin_min": 0.2731614977,
                "bin_max": 0.3126184165,
                "percentile_idx": 8
            },
            {
                "bin_pos_prop": 0.2,
                "bin_lift": 0.2802919708,
                "cum_lift": 1.0,
                "cum_size": 1.0,
                "bin_min": 0.1722512692,
                "bin_max": 0.2731614977,
                "percentile_idx": 9
            }
        ],
        "wizard": {
            "positives": 137,
            "total": 192
        }
    },
    "prVizData": [
        {
            "bins": [
                {
                    "x": 1.0,
                    "y": 0.7135416666666666,
                    "p": 0.17225126922130585
                },
                {
                    "x": 0.9854014598540146,
                    "y": 0.7458563535911602,
                    "p": 0.2388017773628235
                },
                {
                    "x": 0.9635036496350365,
                    "y": 0.7764705882352941,
                    "p": 0.2770177721977234
                },
                {
                    "x": 0.9343065693430657,
                    "y": 0.7950310559006211,
                    "p": 0.29026415944099426
                },
                {
                    "x": 0.9051094890510949,
                    "y": 0.8157894736842105,
                    "p": 0.3172403573989868
                },
                {
                    "x": 0.8613138686131386,
                    "y": 0.8194444444444444,
                    "p": 0.351136177778244
                },
                {
                    "x": 0.8248175182481752,
                    "y": 0.8308823529411765,
                    "p": 0.3746558129787445
                },
                {
                    "x": 0.7883211678832117,
                    "y": 0.8503937007874016,
                    "p": 0.40132924914360046
                },
                {
                    "x": 0.7445255474452555,
                    "y": 0.85,
                    "p": 0.43030595779418945
                },
                {
                    "x": 0.7007299270072993,
                    "y": 0.8571428571428571,
                    "p": 0.44959521293640137
                },
                {
                    "x": 0.635036496350365,
                    "y": 0.8613861386138614,
                    "p": 0.470885694026947
                },
                {
                    "x": 0.5912408759124088,
                    "y": 0.8709677419354839,
                    "p": 0.5069198608398438
                },
                {
                    "x": 0.5766423357664233,
                    "y": 0.9080459770114943,
                    "p": 0.5272835493087769
                },
                {
                    "x": 0.5255474452554745,
                    "y": 0.9,
                    "p": 0.5591000914573669
                },
                {
                    "x": 0.48905109489051096,
                    "y": 0.9178082191780822,
                    "p": 0.6077787280082703
                },
                {
                    "x": 0.45255474452554745,
                    "y": 0.9253731343283582,
                    "p": 0.6268045902252197
                },
                {
                    "x": 0.41605839416058393,
                    "y": 0.9344262295081968,
                    "p": 0.6699697971343994
                },
                {
                    "x": 0.35766423357664234,
                    "y": 0.9423076923076923,
                    "p": 0.6867197155952454
                },
                {
                    "x": 0.29927007299270075,
                    "y": 0.9318181818181818,
                    "p": 0.7068198323249817
                },
                {
                    "x": 0.24817518248175183,
                    "y": 0.9444444444444444,
                    "p": 0.7348132133483887
                },
                {
                    "x": 0.22627737226277372,
                    "y": 1.0,
                    "p": 0.7546823024749756
                },
                {
                    "x": 0.17518248175182483,
                    "y": 1.0,
                    "p": 0.7817131876945496
                },
                {
                    "x": 0.11678832116788321,
                    "y": 1.0,
                    "p": 0.800297200679779
                },
                {
                    "x": 0.06569343065693431,
                    "y": 1.0,
                    "p": 0.8361411690711975
                },
                {
                    "x": 0.014598540145985401,
                    "y": 1.0,
                    "p": 0.8681855201721191
                },
                {
                    "x": 0.0072992700729927005,
                    "y": 1.0,
                    "p": 0.8691105246543884
                }
            ],
            "positiveRate": 0.7135416666666666
        }
    ],
    "densityData": {
        "0": {
            "actualIsThisClass": [
                0.00030174477065895197,
                0.0005040807377268908,
                0.0008256713116646637,
                0.001326138328971769,
                0.002088699518397345,
                0.0032262883282087387,
                0.004887751384749141,
                0.007263351212861312,
                0.010588526851583338,
                0.01514464629032474,
                0.021255393147304957,
                0.0292775397858759,
                0.039585230167620576,
                0.05254755357430717,
                0.06850010625062297,
                0.08771231736260804,
                0.11035339932036556,
                0.13646066603729468,
                0.16591443281092907,
                0.19842359434695664,
                0.23352518787041796,
                0.2705998265893421,
                0.3089030120457577,
                0.3476102940016779,
                0.3858723959463544,
                0.42287510008364054,
                0.45789812985581885,
                0.4903675666050156,
                0.5198973949288527,
                0.546317333975429,
                0.569685828445465,
                0.5902885864139393,
                0.6086240906732969,
                0.6253779613014332,
                0.6413879767182475,
                0.6576011927487104,
                0.6750242450234928,
                0.6946678801568229,
                0.7174872290794445,
                0.7443203278544771,
                0.7758287235280728,
                0.8124453249807386,
                0.854335538453032,
                0.901377762352811,
                0.9531682496874719,
                1.009053153440693,
                1.068187486779231,
                1.1296172198845478,
                1.1923773950589263,
                1.2555965682960482,
                1.3185965379115392,
                1.380976414136087,
                1.442671542605604,
                1.503980282884928,
                1.5655546608945163,
                1.6283539412107326,
                1.693562808213691,
                1.7624779447849201,
                1.836368460005658,
                1.916317152273764,
                2.003051367433936,
                2.0967744551648715,
                2.197011464982554,
                2.302485278586125,
                2.4110410078483926,
                2.5196361783562335,
                2.624411064752428,
                2.7208470924007058,
                2.8040117302641425,
                2.8688768502149107,
                2.910685898444938,
                2.925335567893244,
                2.9097320288573765,
                2.862081624307525,
                2.782081743508743,
                2.6709886870668913,
                2.53155402811517,
                2.3678368729914063,
                2.184913962367899,
                1.9885205034779039,
                1.7846605189472242,
                1.579225853638231,
                1.377658290398227,
                1.1846807511784718,
                1.0041130000802367,
                0.8387763855017014,
                0.6904824759251137,
                0.5600930153670258,
                0.4476339685229313,
                0.3524445573773186,
                0.2733427385672018,
                0.20879092756940873,
                0.15704925071087822,
                0.11630754382119353,
                0.08479117648330017,
                0.06083917486092664,
                0.0429558119799307,
                0.029838738806314782,
                0.020387858700699008,
                0.013699594870908745
            ],
            "actualIsNotThisClass": [
                0.06853557055641102,
                0.09183505031879377,
                0.12107681634308552,
                0.15710009635873864,
                0.20066246349926037,
                0.2523773977987158,
                0.31265083304323327,
                0.38162268825136425,
                0.459119802624326,
                0.5446262911171831,
                0.6372760475132648,
                0.7358700200219834,
                0.8389181995820268,
                0.9447033517983127,
                1.0513608282936973,
                1.1569667590993609,
                1.2596259283227316,
                1.3575508949677817,
                1.4491254582392745,
                1.5329481730952903,
                1.6078548804627193,
                1.672922565334019,
                1.7274596853999087,
                1.7709898829362636,
                1.8032363463248295,
                1.8241129356038022,
                1.8337257414979877,
                1.832385494684714,
                1.8206278475459337,
                1.799235723547442,
                1.769256268975442,
                1.7320048048096555,
                1.6890495982965126,
                1.642173963489667,
                1.5933156121651075,
                1.5444866401103565,
                1.4976804058013986,
                1.4547733624003594,
                1.4174304196452083,
                1.3870216975116778,
                1.364556878328812,
                1.3506411935944653,
                1.3454548398408048,
                1.3487556615413074,
                1.3599034706472837,
                1.3779034224747253,
                1.401465326621275,
                1.429075455149209,
                1.4590771375326146,
                1.4897560920269866,
                1.519426033036698,
                1.5465097180236442,
                1.5696104315368005,
                1.5875691366265219,
                1.5995032917681555,
                1.604824667705551,
                1.6032353098969478,
                1.5947028689264162,
                1.5794185785314012,
                1.557742898119479,
                1.5301449987501432,
                1.4971426970539854,
                1.4592490865477252,
                1.4169310514401698,
                1.3705832365075012,
                1.320519105521398,
                1.2669786864451953,
                1.2101506998112472,
                1.1502051925432901,
                1.0873317062939691,
                1.0217775012723116,
                0.9538804817762466,
                0.8840922133945591,
                0.8129877010279086,
                0.7412602614470113,
                0.6697016689706508,
                0.5991695420190429,
                0.5305454387000186,
                0.46468814820806076,
                0.40238708096346537,
                0.34432044535765843,
                0.29102211832100555,
                0.24285991547039362,
                0.20002653940787057,
                0.16254304153560345,
                0.130273363084466,
                0.10294756707889524,
                0.08019081382299859,
                0.06155498146267234,
                0.04655004595916245,
                0.0346728256048532,
                0.025431356403254952,
                0.018363886128456266,
                0.013052160072102388,
                0.009129248016018826,
                0.006282586656395853,
                0.004253170158609885,
                0.002831923617547308,
                0.0018542670504025167,
                0.0011937576134444753
            ],
            "actualIsThisClassMedian": 0.6827596426010132,
            "actualIsNotThisClassMedian": 0.4138513207435608
        },
        "1": {
            "actualIsThisClass": [
                0.0011937577273993503,
                0.0018542672131884967,
                0.0028319238454900704,
                0.004253170471455878,
                0.006282587077213075,
                0.009129248570727265,
                0.013052160788543102,
                0.018363887034934613,
                0.025431357526542735,
                0.03467282696770133,
                0.046550047577457204,
                0.0615549833424557,
                0.08019081595765344,
                0.10294756944685153,
                0.13027336564780853,
                0.1625430442399249,
                0.20002654218363142,
                0.24285991823590103,
                0.2910221209869329,
                0.3443204478328269,
                0.40238708316137106,
                0.464688150053501,
                0.5305454401350577,
                0.5991695430075615,
                0.6697016695008577,
                0.741260261531506,
                0.812987700701182,
                0.8840922127081238,
                0.9538804807919848,
                1.0217775000547635,
                1.087331704902542,
                1.150205191025338,
                1.2101506981968733,
                1.266978684744493,
                1.320519103724454,
                1.3705832345873066,
                1.4169310493580802,
                1.4592490842609953,
                1.4971426945244801,
                1.5301449959532654,
                1.5577428950522623,
                1.5794185752187293,
                1.5947028654245339,
                1.6032353062937064,
                1.6048246641172048,
                1.5995032883329383,
                1.5875691334955784,
                1.5696104288634047,
                1.546509715951817,
                1.519426031690263,
                1.4897560914999974,
                1.4590771378819172,
                1.4290754563894879,
                1.4014653287227052,
                1.3779034253631177,
                1.3599034742065557,
                1.348755665618061,
                1.345454844250783,
                1.35064119813084,
                1.3645568827720491,
                1.3870217016407835,
                1.4174304232498227,
                1.4547733652929877,
                1.4976804078286905,
                1.544486641162325,
                1.593315612181093,
                1.6421739624601892,
                1.689049596260646,
                1.7320048018481717,
                1.7692562652006276,
                1.7992357190912227,
                1.8206278425479598,
                1.8323854892822897,
                1.8337257358193333,
                1.8241129297652308,
                1.8032363404319058,
                1.7709898770879837,
                1.727459679694498,
                1.6729225598744395,
                1.6078548753603195,
                1.532948168470157,
                1.44912545421681,
                1.3575508916716192,
                1.2596259258649483,
                1.1569667575694673,
                1.0513608277481614,
                0.9447033522523535,
                0.8389182010050062,
                0.7358700223372409,
                0.6372760506024872,
                0.5446262948288263,
                0.45911980678498343,
                0.38162269267868926,
                0.3126508375588761,
                0.2523774022398742,
                0.20066246772776022,
                0.1571001002669485,
                0.12107681985647666,
                0.09183505339536994,
                0.06853557318356153
            ],
            "actualIsNotThisClass": [
                0.013699593229712842,
                0.02038785647559508,
                0.029838735850535397,
                0.042955808133646724,
                0.06083916995935576,
                0.08479117036852839,
                0.11630753635779917,
                0.15704924180500712,
                0.20879091719038886,
                0.2733427267701622,
                0.35244454432461747,
                0.447633954501631,
                0.5600930007992682,
                0.6904824613681558,
                0.8387763716347704,
                1.0041129876762287,
                1.1846807410600337,
                1.3776582833796749,
                1.5792258504570957,
                1.7846605201914985,
                1.9885205095168321,
                2.1849139732953224,
                2.3678368885902437,
                2.5315540478501024,
                2.6709887101090306,
                2.7820817687921626,
                2.862081650612742,
                2.90973205491287,
                2.9253355924830102,
                2.91068592050918,
                2.868876868931601,
                2.8040117451025264,
                2.7208471031418733,
                2.624411071477182,
                2.519636181404895,
                2.4110410077604914,
                2.3024852760295462,
                2.1970114606815976,
                2.0967744498348813,
                2.0030513617278203,
                1.9163171467429003,
                1.8363684550753452,
                1.7624779407430424,
                1.693562805210417,
                1.6283539392670834,
                1.5655546599180101,
                1.5039802826908533,
                1.4426715429427335,
                1.380976414715469,
                1.3185965384367198,
                1.2555965684925197,
                1.1923773947003826,
                1.12961721881342,
                1.068187484919464,
                1.0090531508015765,
                0.9531682463584238,
                0.9013777584902184,
                0.8543355342612935,
                0.8124453206902169,
                0.7758287193728719,
                0.7443203240525534,
                0.7174872258168631,
                0.6946678775769953,
                0.6750242432213788,
                0.6576011917692205,
                0.6413879765577553,
                0.6253779619112939,
                0.6086240919645516,
                0.5902885882628283,
                0.5696858306998065,
                0.5463173364621517,
                0.51989739746302,
                0.4903675690004059,
                0.4578981319366995,
                0.4228751016968932,
                0.3858723969726998,
                0.34761029436459,
                0.3089030117167738,
                0.27059982558889367,
                0.23352518626394084,
                0.19842359223672595,
                0.16591443032471867,
                0.13646066331537435,
                0.11035339650252057,
                0.08771231457671437,
                0.06850010360394586,
                0.05254755114816449,
                0.03958522801549766,
                0.029277537934601864,
                0.02125539160055762,
                0.015144645033574308,
                0.010588525857588313,
                0.00726335044696945,
                0.004887750809468516,
                0.0032262879067502482,
                0.0020886992171040945,
                0.001326138118714495,
                0.0008256711683853137,
                0.0005040806423568969,
                0.00030174470863716187
            ],
            "actualIsThisClassMedian": 0.5861486792564392,
            "actualIsNotThisClassMedian": 0.3172403573989868
        }
    },
    "calibrationData": [
        {
            "y": 0,
            "x": 0,
            "n": 0
        },
        {
            "y": 0.0,
            "x": 0.18143108487129211,
            "n": 2.0
        },
        {
            "y": 0.34285714285714286,
            "x": 0.262670704296657,
            "n": 35.0
        },
        {
            "y": 0.5925925925925926,
            "x": 0.35342479193652115,
            "n": 27.0
        },
        {
            "y": 0.7878787878787878,
            "x": 0.44676208315473614,
            "n": 33.0
        },
        {
            "y": 0.7142857142857143,
            "x": 0.5366301990690685,
            "n": 21.0
        },
        {
            "y": 0.88,
            "x": 0.6541483926773072,
            "n": 25.0
        },
        {
            "y": 0.9090909090909091,
            "x": 0.7476322524475328,
            "n": 33.0
        },
        {
            "y": 1.0,
            "x": 0.8366721794009209,
            "n": 16.0
        },
        {
            "y": 1,
            "x": 1,
            "n": 0
        }
    ],
    "probaDistribData": {
        "bins": [
            0.0,
            0.1,
            0.2,
            0.3,
            0.4,
            0.5,
            0.6,
            0.7,
            0.8,
            0.9,
            1.0
        ],
        "probaDistribs": [
            [
                0.0,
                2.0,
                23.0,
                11.0,
                7.0,
                6.0,
                3.0,
                3.0,
                0.0,
                0.0
            ],
            [
                0.0,
                0.0,
                12.0,
                16.0,
                26.0,
                15.0,
                22.0,
                30.0,
                16.0,
                0.0
            ]
        ]
    },
    "globalMetrics": {
        "testWeight": 192,
        "targetAvg": [
            0.7135416666666666
        ],
        "targetStd": [
            0.45328811305619426
        ],
        "predictionAvg": [
            0.8958333333333334
        ],
        "predictionStd": [
            0.30547663122114954
        ]
    }
}