{
    "predictedClassCountPerCut": [
        {
            "1": 192
        },
        {
            "1": 192
        },
        {
            "1": 192
        },
        {
            "1": 192
        },
        {
            "1": 192
        },
        {
            "1": 192
        },
        {
            "1": 192
        },
        {
            "1": 191,
            "0": 1
        },
        {
            "1": 190,
            "0": 2
        },
        {
            "1": 187,
            "0": 5
        },
        {
            "1": 180,
            "0": 12
        },
        {
            "1": 172,
            "0": 20
        },
        {
            "1": 155,
            "0": 37
        },
        {
            "1": 150,
            "0": 42
        },
        {
            "1": 144,
            "0": 48
        },
        {
            "1": 132,
            "0": 60
        },
        {
            "1": 128,
            "0": 64
        },
        {
            "1": 121,
            "0": 71
        },
        {
            "1": 111,
            "0": 81
        },
        {
            "1": 100,
            "0": 92
        },
        {
            "0": 97,
            "1": 95
        },
        {
            "0": 105,
            "1": 87
        },
        {
            "0": 111,
            "1": 81
        },
        {
            "0": 116,
            "1": 76
        },
        {
            "0": 118,
            "1": 74
        },
        {
            "0": 125,
            "1": 67
        },
        {
            "0": 128,
            "1": 64
        },
        {
            "0": 134,
            "1": 58
        },
        {
            "0": 143,
            "1": 49
        },
        {
            "0": 153,
            "1": 39
        },
        {
            "0": 161,
            "1": 31
        },
        {
            "0": 166,
            "1": 26
        },
        {
            "0": 176,
            "1": 16
        },
        {
            "0": 182,
            "1": 10
        },
        {
            "0": 185,
            "1": 7
        },
        {
            "0": 192
        },
        {
            "0": 192
        },
        {
            "0": 192
        },
        {
            "0": 192
        },
        {
            "0": 192
        }
    ],
    "cuts": [
        0.0,
        0.025,
        0.05,
        0.075,
        0.1,
        0.125,
        0.15,
        0.175,
        0.2,
        0.225,
        0.25,
        0.275,
        0.3,
        0.325,
        0.35,
        0.375,
        0.4,
        0.425,
        0.45,
        0.475,
        0.5,
        0.525,
        0.55,
        0.575,
        0.6,
        0.625,
        0.65,
        0.675,
        0.7,
        0.725,
        0.75,
        0.775,
        0.8,
        0.825,
        0.85,
        0.875,
        0.9,
        0.925,
        0.95,
        0.975
    ],
    "predictedClassCount": {
        "1": 172,
        "0": 20
    },
    "probabilityDensities": {
        "0": {
            "density": [
                0.04864027252547359,
                0.0652759863213439,
                0.08619554904702088,
                0.11202144863743489,
                0.14332531532285062,
                0.18058452502633324,
                0.2241379123693442,
                0.2741447068077158,
                0.3305510625818269,
                0.3930682361742282,
                0.4611655390582796,
                0.5340797276934269,
                0.6108406614915429,
                0.6903111232164227,
                0.7712369616858096,
                0.8523024833875039,
                0.932185522685711,
                1.0096069793789688,
                1.0833707991621082,
                1.1523922041079833,
                1.2157141423696005,
                1.2725140247503708,
                1.3221044483837097,
                1.3639324437817637,
                1.3975816330656843,
                1.4227805562669793,
                1.439418511227772,
                1.4475679306227522,
                1.447510053702737,
                1.4397589084406566,
                1.4250777713562583,
                1.4044825085515764,
                1.3792274947344094,
                1.3507719202591135,
                1.3207268402821035,
                1.29078584342236,
                1.262644304945805,
                1.2379135464332325,
                1.2180367224049222,
                1.2042129367501697,
                1.1973351324053483,
                1.1979459391107177,
                1.2062141477832153,
                1.2219329915971338,
                1.2445400553402155,
                1.273157428258749,
                1.30664963253203,
                1.34369586065365,
                1.382872129324885,
                1.4227381449135372,
                1.4619230678282225,
                1.4992040832519895,
                1.5335718529825926,
                1.564277615900983,
                1.5908579312849371,
                1.6131347473876665,
                1.6311904835435869,
                1.645319948310738,
                1.6559629779124785,
                1.663623486140358,
                1.6687820228019663,
                1.6718098346759847,
                1.6728927305407704,
                1.6719727051324587,
                1.668714222415615,
                1.6625002678866445,
                1.6524607799344768,
                1.63753298266629,
                1.6165497118565215,
                1.5883484235893084,
                1.5518906655270799,
                1.506379855816189,
                1.4513646566317007,
                1.3868162712520453,
                1.3131706074281018,
                1.2313301355779425,
                1.1426248948778817,
                1.0487367906791516,
                0.9515953959856165,
                0.8532563458844844,
                0.7557747410130439,
                0.6610856674212913,
                0.570902172862451,
                0.48663819952702025,
                0.4093605657671609,
                0.33977063894436044,
                0.2782133030448751,
                0.22470852145852924,
                0.17899939128815281,
                0.14061009032868232,
                0.10890741639540241,
                0.0831605149713475,
                0.06259465460241184,
                0.04643631546177031,
                0.03394821571087005,
                0.024454075163552042,
                0.01735382516790712,
                0.012130588276358259,
                0.008351083451752301,
                0.005661203194494147
            ],
            "median": 0.5167903006076813
        },
        "1": {
            "density": [
                0.005661203245065848,
                0.008351083520092006,
                0.012130588366988779,
                0.017353825285838034,
                0.02445407531408067,
                0.033948215899277476,
                0.04643631569290619,
                0.06259465488017404,
                0.08316051529807583,
                0.108907416771227,
                0.1406100907508828,
                0.17899939175060262,
                0.22470852195131372,
                0.2782133035541703,
                0.3397706394526548,
                0.4093605662538739,
                0.4866381999695537,
                0.5709021732376107,
                0.6610856677070271,
                0.7557747411903426,
                0.8532563459392007,
                0.9515953959100923,
                1.0487367904733182,
                1.1426248945497142,
                1.231330135143148,
                1.3131706069090243,
                1.3868162706758396,
                1.4513646560280211,
                1.5063798552145469,
                1.5518906649543178,
                1.5883484230673302,
                1.61654971140066,
                1.6375329822843838,
                1.6524607796267572,
                1.662500267646423,
                1.6687142222305789,
                1.6719727049864896,
                1.6728927304159282,
                1.6718098345546206,
                1.6687820226685839,
                1.6636234859831582,
                1.655962977724513,
                1.64531994809052,
                1.6311904832951996,
                1.6131347471203379,
                1.590857931012153,
                1.564277615639299,
                1.5335718527501336,
                1.4992040830668825,
                1.4619230677070227,
                1.4227381448697962,
                1.3828721293680144,
                1.3436958607880696,
                1.3066496327567068,
                1.273157428567161,
                1.2445400557206177,
                1.2219329920332083,
                1.2062141482549718,
                1.1979459395956225,
                1.1973351328796,
                1.2042129371900665,
                1.2180367227882767,
                1.2379135467406306,
                1.262644305161799,
                1.290785843536285,
                1.3207268402886503,
                1.350771920158436,
                1.3792274945317575,
                1.4044825082566152,
                1.4250777709820106,
                1.4397589080022748,
                1.4475100532162481,
                1.4475679301039293,
                1.4394185106913442,
                1.422780555726123,
                1.3975816325319346,
                1.3639324432652162,
                1.3221044478934614,
                1.2725140242950064,
                1.2157141419575772,
                1.1523922037478358,
                1.0833707988623524,
                1.0096069791477071,
                0.9321855225300246,
                0.8523024833126975,
                0.7712369616946474,
                0.6903111233085292,
                0.6108406616630373,
                0.534079727936907,
                0.4611655393631527,
                0.393068236527371,
                0.330551062968488,
                0.27414470721254797,
                0.22413791277745537,
                0.18058452542422349,
                0.14332531569915383,
                0.11202144898339698,
                0.0861955493567024,
                0.06527598659156127,
                0.04864027275552151
            ],
            "median": 0.4832096993923187
        }
    }
}