{
  "state": "DONE",
  "preSearchDescription": {
    "gridLength": 1,
    "searchStrategy": "GRID",
    "importantParams": [
      {
        "name": "trees",
        "val": "300"
      },
      {
        "name": "max_depth",
        "vals": [
          "3"
        ]
      }
    ]
  },
  "postSearchDescription": {
    "importantParams": [
      {
        "name": "trees",
        "val": "11"
      },
      {
        "name": "max_depth",
        "val": "3"
      }
    ]
  },
  "resumed": false,
  "timeOrderingEnabled": false,
  "sampleWeightsEnabled": false,
  "modelId": "m1",
  "progress": {
    "top_level_todo": [],
    "stack": [],
    "top_level_done": [
      {
        "name": "Loading train set",
        "time": 250
      },
      {
        "name": "Loading test set",
        "time": 30
      },
      {
        "name": "Collecting statistics",
        "time": 103
      },
      {
        "name": "Preprocessing train set",
        "time": 254
      },
      {
        "name": "Preprocessing test set",
        "time": 100
      },
      {
        "name": "Hyperparameter searching",
        "time": 1412
      },
      {
        "name": "Fitting model",
        "time": 149
      },
      {
        "name": "Saving model",
        "time": 220
      },
      {
        "name": "Scoring model",
        "time": 530
      },
      {
        "name": "Preparing explainability",
        "time": 6650
      }
    ]
  },
  "startTime": 1761374560718,
  "endTime": 1761374570478,
  "preprocessingTime": 771,
  "trainingTime": 8989,
  "hyperparamsSearchTime": 1412,
  "pythonVersion": "3.9.21",
  "packagesVersion": {
    "pandas": "2.2.3",
    "scikit-learn": "1.5.2",
    "scipy": "1.13.1",
    "lightgbm": "4.6.0",
    "flask": "2.2.5",
    "itsdangerous": "2.2.0",
    "jinja2": "3.1.6",
    "xgboost": "1.7.6",
    "werkzeug": "3.1.3",
    "statsmodels": "0.14.5",
    "pillow": "11.3.0",
    "markupsafe": "3.0.3",
    "cloudpickle": "1.5.0"
  }
}